compression,gamma,task,step,accepted,acceptance_rate,tokens_produced,mean_draft_entropy,mean_draft_confidence,max_draft_entropy,min_draft_confidence
fp16,2,code,0,0,0.0,1,2.0172,0.6549,2.956,0.4504
fp16,2,code,1,0,0.0,1,2.291,0.5627,3.8145,0.2022
fp16,2,code,2,0,0.0,1,0.333,0.9629,0.6404,0.9277
fp16,2,code,3,2,1.0,3,0.0141,0.9987,0.0265,0.9976
fp16,2,code,4,2,1.0,3,0.6704,0.9131,1.019,0.8763
fp16,2,code,5,0,0.0,1,2.7736,0.3581,2.9233,0.2466
fp16,2,code,6,2,1.0,3,1.8039,0.7116,2.677,0.5577
fp16,2,code,7,2,1.0,3,0.9859,0.725,1.9311,0.4534
fp16,2,code,8,2,1.0,3,1.329,0.6788,1.8203,0.5515
fp16,2,code,9,2,1.0,3,0.9736,0.7237,1.9158,0.4496
fp16,2,code,10,2,1.0,3,0.3189,0.9539,0.4486,0.926
fp16,2,code,11,1,0.5,2,1.1938,0.7465,1.2154,0.7361
fp16,2,code,12,2,1.0,3,0.224,0.9605,0.4476,0.9211
fp16,2,code,13,2,1.0,3,0.0,1.0,0.0,1.0
fp16,2,code,14,2,1.0,3,1.5832,0.7292,2.0407,0.6912
fp16,2,code,15,2,1.0,3,0.568,0.7962,1.1347,0.5926
fp16,2,code,16,1,0.5,2,2.0169,0.5725,2.8258,0.3902
fp16,2,code,17,2,1.0,3,0.7356,0.842,1.3238,0.7005
fp16,2,code,18,2,1.0,3,0.0826,0.9923,0.1147,0.9889
fp16,2,code,19,2,1.0,3,0.0926,0.987,0.1837,0.9741
fp16,2,code,20,2,1.0,3,0.2409,0.9729,0.2944,0.9639
fp16,2,code,21,2,1.0,3,0.0045,0.9997,0.0067,0.9995
fp16,2,code,22,2,1.0,3,0.1347,0.9791,0.2693,0.9581
fp16,2,code,23,2,1.0,3,0.2136,0.9631,0.4063,0.9276
fp16,2,code,24,2,1.0,3,0.0001,1.0,0.0002,1.0
fp16,2,code,25,1,0.5,2,1.6671,0.6482,3.3341,0.2963
fp16,2,code,26,2,1.0,3,0.7918,0.7551,1.313,0.5422
fp16,2,code,27,2,1.0,3,0.5461,0.9301,0.7744,0.8932
fp16,2,code,28,1,0.5,2,1.7152,0.6122,3.3217,0.2341
fp16,2,code,29,0,0.0,1,1.9918,0.4904,2.8714,0.3961
fp16,2,code,30,2,1.0,3,0.123,0.9834,0.2164,0.9694
fp16,2,code,31,1,1.0,2,0.2114,0.9789,0.2114,0.9789
fp16,2,code,0,0,0.0,1,3.9012,0.3049,4.4177,0.239
fp16,2,code,1,0,0.0,1,3.1166,0.5054,3.9576,0.4318
fp16,2,code,2,2,1.0,3,1.8057,0.4297,1.9254,0.3578
fp16,2,code,3,2,1.0,3,3.1144,0.4404,3.7705,0.3955
fp16,2,code,4,2,1.0,3,0.3251,0.9332,0.6449,0.8667
fp16,2,code,5,2,1.0,3,0.2236,0.9741,0.3102,0.9611
fp16,2,code,6,2,1.0,3,0.2966,0.9432,0.5904,0.8865
fp16,2,code,7,2,1.0,3,0.0008,1.0,0.0011,0.9999
fp16,2,code,8,2,1.0,3,0.9955,0.7459,1.1484,0.7417
fp16,2,code,9,2,1.0,3,0.1055,0.9872,0.2089,0.9745
fp16,2,code,10,2,1.0,3,0.0025,0.9999,0.0035,0.9998
fp16,2,code,11,2,1.0,3,0.0016,0.9999,0.002,0.9999
fp16,2,code,12,2,1.0,3,0.0221,0.9982,0.0242,0.998
fp16,2,code,13,2,1.0,3,0.0436,0.9965,0.0519,0.9961
fp16,2,code,14,2,1.0,3,0.0213,0.9979,0.0413,0.9958
fp16,2,code,15,2,1.0,3,0.0003,1.0,0.0004,1.0
fp16,2,code,16,2,1.0,3,0.0147,0.9986,0.0287,0.9972
fp16,2,code,17,2,1.0,3,0.0387,0.9972,0.0751,0.9945
fp16,2,code,18,2,1.0,3,0.1302,0.9794,0.2539,0.9593
fp16,2,code,19,2,1.0,3,0.5039,0.9358,0.6107,0.9227
fp16,2,code,20,2,1.0,3,0.1048,0.989,0.1657,0.9825
fp16,2,code,21,2,1.0,3,0.8973,0.7941,1.2284,0.7196
fp16,2,code,22,2,1.0,3,0.041,0.9952,0.0761,0.9908
fp16,2,code,23,2,1.0,3,0.1843,0.974,0.3559,0.9488
fp16,2,code,24,2,1.0,3,0.0079,0.9994,0.0134,0.999
fp16,2,code,25,2,1.0,3,0.0787,0.99,0.12,0.9838
fp16,2,code,26,2,1.0,3,0.2777,0.9651,0.555,0.9301
fp16,2,code,27,2,1.0,3,0.0023,0.9998,0.0044,0.9997
fp16,2,code,0,0,0.0,1,2.4529,0.4054,3.5453,0.3337
fp16,2,code,1,0,0.0,1,2.6488,0.4228,3.2086,0.2209
fp16,2,code,2,2,1.0,3,0.2568,0.9532,0.4972,0.9078
fp16,2,code,3,2,1.0,3,0.7391,0.9116,1.451,0.8256
fp16,2,code,4,2,1.0,3,0.1709,0.9793,0.2879,0.9631
fp16,2,code,5,1,0.5,2,1.2739,0.7937,2.5283,0.5888
fp16,2,code,6,2,1.0,3,0.7209,0.8134,1.1778,0.6601
fp16,2,code,7,0,0.0,1,1.0423,0.6865,1.5532,0.466
fp16,2,code,8,2,1.0,3,0.3673,0.9503,0.3698,0.9416
fp16,2,code,9,2,1.0,3,0.4594,0.909,0.8785,0.8213
fp16,2,code,10,2,1.0,3,0.8174,0.8634,1.6311,0.7271
fp16,2,code,11,2,1.0,3,0.139,0.9767,0.272,0.9538
fp16,2,code,12,2,1.0,3,0.1519,0.9774,0.2884,0.9561
fp16,2,code,13,2,1.0,3,0.244,0.9498,0.465,0.9018
fp16,2,code,14,2,1.0,3,0.0349,0.9967,0.0696,0.9933
fp16,2,code,15,2,1.0,3,0.0013,0.9999,0.0022,0.9999
fp16,2,code,16,2,1.0,3,0.0927,0.9862,0.1849,0.9725
fp16,2,code,17,2,1.0,3,0.1932,0.9629,0.382,0.9262
fp16,2,code,18,2,1.0,3,0.8047,0.7391,0.9463,0.6439
fp16,2,code,19,2,1.0,3,0.3248,0.9452,0.5897,0.8962
fp16,2,code,20,2,1.0,3,0.1558,0.9775,0.2937,0.9564
fp16,2,code,21,1,0.5,2,0.9327,0.7618,1.2569,0.6591
fp16,2,code,22,2,1.0,3,0.0717,0.9911,0.1192,0.9846
fp16,2,code,23,2,1.0,3,0.0098,0.9992,0.0176,0.9986
fp16,2,code,24,2,1.0,3,0.5588,0.7596,0.9972,0.5351
fp16,2,code,25,2,1.0,3,0.4942,0.8303,0.9875,0.6607
fp16,2,code,26,2,1.0,3,0.0148,0.9987,0.0227,0.9978
fp16,2,code,27,2,1.0,3,0.0083,0.9993,0.0157,0.9987
fp16,2,code,28,2,1.0,3,0.0041,0.9997,0.0062,0.9996
fp16,2,code,29,1,1.0,2,0.0958,0.9879,0.0958,0.9879
fp16,2,code,0,0,0.0,1,1.6526,0.6631,2.4771,0.4138
fp16,2,code,1,0,0.0,1,0.9202,0.7457,1.8393,0.4915
fp16,2,code,2,1,0.5,2,2.1974,0.585,2.9611,0.3842
fp16,2,code,3,0,0.0,1,2.0175,0.4719,2.8188,0.3593
fp16,2,code,4,2,1.0,3,0.4053,0.9527,0.6103,0.9247
fp16,2,code,5,2,1.0,3,0.5695,0.9022,0.7047,0.8808
fp16,2,code,6,2,1.0,3,0.1899,0.9786,0.2186,0.9766
fp16,2,code,7,2,1.0,3,0.4651,0.8927,0.8562,0.7936
fp16,2,code,8,2,1.0,3,0.3886,0.9461,0.777,0.8923
fp16,2,code,9,1,0.5,2,1.5037,0.6309,2.5015,0.3349
fp16,2,code,10,0,0.0,1,1.4831,0.7196,2.954,0.4401
fp16,2,code,11,2,1.0,3,0.0004,1.0,0.0006,1.0
fp16,2,code,12,2,1.0,3,1.1353,0.7855,1.6606,0.7055
fp16,2,code,13,2,1.0,3,0.0365,0.9972,0.0697,0.9947
fp16,2,code,14,2,1.0,3,0.0017,0.9999,0.0022,0.9999
fp16,2,code,15,2,1.0,3,0.6233,0.8869,1.2466,0.7737
fp16,2,code,16,2,1.0,3,0.0888,0.9923,0.1097,0.9905
fp16,2,code,17,2,1.0,3,0.0,1.0,0.0,1.0
fp16,2,code,18,2,1.0,3,0.0005,1.0,0.0005,1.0
fp16,2,code,19,2,1.0,3,0.4245,0.8975,0.6934,0.817
fp16,2,code,20,2,1.0,3,0.6597,0.8436,1.2943,0.6896
fp16,2,code,21,2,1.0,3,0.378,0.8948,0.7523,0.7899
fp16,2,code,22,2,1.0,3,0.0254,0.9974,0.0507,0.9949
fp16,2,code,23,2,1.0,3,0.5956,0.88,0.6039,0.8736
fp16,2,code,24,2,1.0,3,0.3958,0.9277,0.527,0.8962
fp16,2,code,25,2,1.0,3,0.0985,0.9898,0.1958,0.9796
fp16,2,code,26,2,1.0,3,0.408,0.8856,0.7805,0.7741
fp16,2,code,27,2,1.0,3,0.0009,0.9999,0.0015,0.9999
fp16,2,code,28,2,1.0,3,0.0581,0.9943,0.0813,0.9909
fp16,2,code,29,2,1.0,3,0.0149,0.9986,0.0296,0.9972
fp16,2,code,0,0,0.0,1,3.3299,0.5046,3.715,0.4722
fp16,2,code,1,0,0.0,1,4.2563,0.5778,7.5202,0.2599
fp16,2,code,2,0,0.0,1,2.73,0.6691,4.0384,0.5705
fp16,2,code,3,2,1.0,3,1.3366,0.7632,2.6602,0.5269
fp16,2,code,4,1,0.5,2,0.9447,0.6881,1.1642,0.5315
fp16,2,code,5,2,1.0,3,1.8898,0.648,2.849,0.5667
fp16,2,code,6,1,0.5,2,3.7134,0.4535,4.7612,0.2982
fp16,2,code,7,0,0.0,1,1.0962,0.7154,1.9942,0.4444
fp16,2,code,8,0,0.0,1,3.1906,0.5764,5.23,0.2669
fp16,2,code,9,2,1.0,3,1.2049,0.8,2.3733,0.6021
fp16,2,code,10,2,1.0,3,1.3958,0.6525,1.8144,0.4974
fp16,2,code,11,2,1.0,3,1.5948,0.703,2.9654,0.44
fp16,2,code,12,2,1.0,3,0.8588,0.8576,1.2483,0.7813
fp16,2,code,13,2,1.0,3,1.0554,0.7408,2.0551,0.4858
fp16,2,code,14,2,1.0,3,0.2528,0.9721,0.455,0.949
fp16,2,code,15,0,0.0,1,0.6699,0.8572,1.2922,0.7184
fp16,2,code,16,2,1.0,3,1.1905,0.7198,1.9036,0.4825
fp16,2,code,17,0,0.0,1,0.5996,0.8753,1.1457,0.755
fp16,2,code,18,2,1.0,3,0.2285,0.9783,0.3516,0.9648
fp16,2,code,19,2,1.0,3,0.1239,0.9846,0.1586,0.978
fp16,2,code,20,2,1.0,3,0.0083,0.9994,0.0125,0.999
fp16,2,code,21,1,0.5,2,0.7328,0.8088,1.461,0.6178
fp16,2,code,22,2,1.0,3,0.631,0.8737,1.1957,0.7521
fp16,2,code,23,2,1.0,3,0.0138,0.9992,0.0211,0.9988
fp16,2,code,24,2,1.0,3,0.2227,0.9721,0.3952,0.9488
fp16,2,code,25,2,1.0,3,0.9378,0.8885,1.6927,0.7934
fp16,2,code,26,2,1.0,3,0.0166,0.9987,0.0322,0.9974
fp16,2,code,27,2,1.0,3,1.7833,0.5809,2.7966,0.3703
fp16,2,code,28,2,1.0,3,0.0241,0.9984,0.0308,0.9979
fp16,2,code,29,2,1.0,3,0.1781,0.9691,0.3272,0.9406
fp16,2,code,30,2,1.0,3,0.141,0.9866,0.2504,0.9747
fp16,2,code,31,2,1.0,3,0.1045,0.989,0.1333,0.9852
fp16,2,code,32,1,1.0,2,0.5245,0.951,0.5245,0.951
fp16,2,math,0,0,0.0,1,3.6851,0.4637,5.3144,0.2207
fp16,2,math,1,0,0.0,1,2.3543,0.7003,4.4918,0.4258
fp16,2,math,2,2,1.0,3,0.0001,1.0,0.0001,1.0
fp16,2,math,3,1,0.5,2,1.3395,0.7026,2.6622,0.4067
fp16,2,math,4,2,1.0,3,0.1007,0.9849,0.1997,0.9698
fp16,2,math,5,2,1.0,3,0.6286,0.7676,1.2471,0.5358
fp16,2,math,6,2,1.0,3,0.5026,0.7693,1.0023,0.5388
fp16,2,math,7,2,1.0,3,0.0754,0.9898,0.15,0.9796
fp16,2,math,8,2,1.0,3,0.0001,1.0,0.0001,1.0
fp16,2,math,9,2,1.0,3,0.0001,1.0,0.0001,1.0
fp16,2,math,10,2,1.0,3,0.3328,0.9161,0.6654,0.8323
fp16,2,math,11,2,1.0,3,0.0,1.0,0.0,1.0
fp16,2,math,12,2,1.0,3,0.517,0.8519,1.0287,0.7042
fp16,2,math,13,2,1.0,3,0.0005,1.0,0.0007,1.0
fp16,2,math,14,2,1.0,3,0.4337,0.9089,0.8674,0.8178
fp16,2,math,15,2,1.0,3,1.2287,0.5747,1.5226,0.4982
fp16,2,math,16,2,1.0,3,0.426,0.9298,0.5074,0.9112
fp16,2,math,17,0,0.0,1,0.5458,0.8261,0.9336,0.6742
fp16,2,math,18,1,0.5,2,0.7102,0.7532,1.402,0.508
fp16,2,math,19,1,0.5,2,1.2045,0.6013,1.205,0.5538
fp16,2,math,20,2,1.0,3,0.0009,0.9999,0.0016,0.9999
fp16,2,math,21,2,1.0,3,0.0014,0.9999,0.0026,0.9998
fp16,2,math,22,2,1.0,3,0.0069,0.9994,0.0133,0.9988
fp16,2,math,23,2,1.0,3,1.0077,0.8032,1.0202,0.7783
fp16,2,math,24,2,1.0,3,0.1542,0.9763,0.3081,0.9526
fp16,2,math,25,2,1.0,3,0.3091,0.9239,0.6175,0.8478
fp16,2,math,26,2,1.0,3,0.0001,1.0,0.0003,1.0
fp16,2,math,27,2,1.0,3,0.3161,0.936,0.6321,0.872
fp16,2,math,28,2,1.0,3,0.0,1.0,0.0,1.0
fp16,2,math,29,2,1.0,3,0.6846,0.7399,1.3691,0.4799
fp16,2,math,0,0,0.0,1,3.8928,0.3607,4.1051,0.2502
fp16,2,math,1,2,1.0,3,0.1147,0.9906,0.2294,0.9813
fp16,2,math,2,2,1.0,3,0.0163,0.9983,0.0326,0.9967
fp16,2,math,3,2,1.0,3,0.92,0.7369,1.8393,0.4738
fp16,2,math,4,2,1.0,3,0.5076,0.9007,0.6713,0.8517
fp16,2,math,5,2,1.0,3,0.727,0.7806,1.454,0.5612
fp16,2,math,6,2,1.0,3,0.5389,0.8918,0.6961,0.8372
fp16,2,math,7,2,1.0,3,0.0038,0.9997,0.0043,0.9997
fp16,2,math,8,0,0.0,1,0.5266,0.7693,1.0376,0.5401
fp16,2,math,9,2,1.0,3,0.5749,0.91,1.1481,0.8202
fp16,2,math,10,2,1.0,3,0.2762,0.938,0.537,0.8775
fp16,2,math,11,2,1.0,3,0.3981,0.8852,0.7961,0.7703
fp16,2,math,12,2,1.0,3,0.0004,1.0,0.0006,1.0
fp16,2,math,13,2,1.0,3,0.5628,0.8316,1.1161,0.6639
fp16,2,math,14,2,1.0,3,0.3378,0.9138,0.6606,0.8289
fp16,2,math,15,2,1.0,3,0.4734,0.8862,0.9467,0.7725
fp16,2,math,16,2,1.0,3,0.0199,0.998,0.0387,0.9961
fp16,2,math,17,2,1.0,3,0.0,1.0,0.0,1.0
fp16,2,math,18,2,1.0,3,0.0315,0.9963,0.0628,0.9926
fp16,2,math,19,2,1.0,3,0.0003,1.0,0.0003,1.0
fp16,2,math,20,2,1.0,3,0.0001,1.0,0.0002,1.0
fp16,2,math,21,2,1.0,3,0.0,1.0,0.0,1.0
fp16,2,math,22,2,1.0,3,0.0637,0.9918,0.1275,0.9835
fp16,2,math,23,2,1.0,3,0.6469,0.7465,1.1995,0.5028
fp16,2,math,24,1,0.5,2,0.4452,0.8684,0.8902,0.7368
fp16,2,math,25,2,1.0,3,0.3494,0.9399,0.5589,0.894
fp16,2,math,26,2,1.0,3,0.2316,0.9539,0.459,0.9081
fp16,2,math,27,2,1.0,3,0.8008,0.8283,0.914,0.792
fp16,2,math,28,1,1.0,2,0.0004,1.0,0.0004,1.0
fp16,2,math,0,2,1.0,3,3.2794,0.536,5.7299,0.1567
fp16,2,math,1,2,1.0,3,0.0,1.0,0.0,1.0
fp16,2,math,2,0,0.0,1,0.8859,0.8248,1.7642,0.6501
fp16,2,math,3,1,0.5,2,0.7981,0.7617,1.5918,0.5237
fp16,2,math,4,2,1.0,3,0.8688,0.7505,1.7255,0.5018
fp16,2,math,5,2,1.0,3,0.0058,0.9996,0.0086,0.9994
fp16,2,math,6,2,1.0,3,0.3051,0.9414,0.6086,0.8829
fp16,2,math,7,2,1.0,3,0.268,0.9468,0.5361,0.8935
fp16,2,math,8,2,1.0,3,0.0339,0.9962,0.0665,0.9925
fp16,2,math,9,2,1.0,3,0.1045,0.984,0.2077,0.968
fp16,2,math,10,2,1.0,3,0.0529,0.9946,0.1048,0.9892
fp16,2,math,11,2,1.0,3,0.0804,0.9888,0.1541,0.9782
fp16,2,math,12,2,1.0,3,0.4689,0.8593,0.9361,0.7188
fp16,2,math,13,1,0.5,2,1.0029,0.6931,1.004,0.6154
fp16,2,math,14,2,1.0,3,0.3372,0.9307,0.6709,0.8617
fp16,2,math,15,2,1.0,3,0.0,1.0,0.0,1.0
fp16,2,math,16,2,1.0,3,0.0128,0.9989,0.0256,0.9978
fp16,2,math,17,2,1.0,3,0.0004,1.0,0.0009,1.0
fp16,2,math,18,2,1.0,3,0.0006,1.0,0.0012,0.9999
fp16,2,math,19,2,1.0,3,0.0067,0.9994,0.0134,0.9989
fp16,2,math,20,2,1.0,3,0.0001,1.0,0.0001,1.0
fp16,2,math,21,2,1.0,3,0.0014,0.9999,0.0028,0.9998
fp16,2,math,22,2,1.0,3,0.4018,0.8869,0.8035,0.7739
fp16,2,math,23,2,1.0,3,0.0001,1.0,0.0002,1.0
fp16,2,math,24,2,1.0,3,0.3162,0.9482,0.6325,0.8964
fp16,2,math,25,2,1.0,3,0.0242,0.9974,0.0478,0.9949
fp16,2,math,26,2,1.0,3,0.0052,0.9996,0.0102,0.9992
fp16,2,math,27,2,1.0,3,0.796,0.7837,1.1672,0.6473
fp16,2,math,0,2,1.0,3,2.8055,0.5891,5.2598,0.2092
fp16,2,math,1,2,1.0,3,0.0003,1.0,0.0006,1.0
fp16,2,math,2,2,1.0,3,1.2965,0.7102,2.5922,0.4204
fp16,2,math,3,2,1.0,3,0.025,0.9976,0.0491,0.9952
fp16,2,math,4,2,1.0,3,0.0149,0.9985,0.0299,0.997
fp16,2,math,5,2,1.0,3,0.4868,0.8175,0.9723,0.6351
fp16,2,math,6,2,1.0,3,0.9443,0.7015,1.8885,0.4029
fp16,2,math,7,2,1.0,3,0.3226,0.9297,0.5691,0.8683
fp16,2,math,8,2,1.0,3,0.292,0.9402,0.5824,0.8806
fp16,2,math,9,2,1.0,3,0.0009,1.0,0.0015,0.9999
fp16,2,math,10,2,1.0,3,0.9895,0.7343,1.9788,0.4687
fp16,2,math,11,2,1.0,3,0.0019,0.9999,0.0038,0.9997
fp16,2,math,12,2,1.0,3,0.285,0.9334,0.5699,0.8668
fp16,2,math,13,2,1.0,3,0.0005,1.0,0.0006,1.0
fp16,2,math,14,2,1.0,3,0.0039,0.9997,0.0066,0.9995
fp16,2,math,15,2,1.0,3,0.0897,0.9868,0.1791,0.9737
fp16,2,math,16,2,1.0,3,0.0001,1.0,0.0002,1.0
fp16,2,math,17,2,1.0,3,0.2434,0.9553,0.4866,0.9106
fp16,2,math,18,2,1.0,3,0.0,1.0,0.0001,1.0
fp16,2,math,19,2,1.0,3,0.9189,0.7886,1.8377,0.5773
fp16,2,math,20,2,1.0,3,0.4105,0.9366,0.4266,0.9302
fp16,2,math,21,2,1.0,3,0.4675,0.829,0.935,0.6581
fp16,2,math,22,2,1.0,3,0.8157,0.7754,1.404,0.5808
fp16,2,math,23,2,1.0,3,0.3009,0.9487,0.3101,0.9459
fp16,2,math,24,2,1.0,3,0.4095,0.873,0.8189,0.7461
fp16,2,math,25,2,1.0,3,0.0038,0.9997,0.0051,0.9996
fp16,2,math,26,2,1.0,3,0.0059,0.9995,0.0113,0.9991
fp16,2,math,0,1,0.5,2,5.0531,0.1899,5.7449,0.1566
fp16,2,math,1,2,1.0,3,1.01,0.8067,1.5266,0.6738
fp16,2,math,2,1,0.5,2,1.9637,0.5254,2.5606,0.339
fp16,2,math,3,2,1.0,3,1.8396,0.6901,1.8518,0.6605
fp16,2,math,4,2,1.0,3,1.1296,0.7112,1.4585,0.5518
fp16,2,math,5,2,1.0,3,0.5013,0.9401,0.6235,0.921
fp16,2,math,6,2,1.0,3,0.0416,0.9965,0.0755,0.9936
fp16,2,math,7,2,1.0,3,0.0325,0.9971,0.0614,0.9944
fp16,2,math,8,2,1.0,3,0.9503,0.7399,1.8963,0.4802
fp16,2,math,9,2,1.0,3,1.1068,0.8266,2.0728,0.6682
fp16,2,math,10,1,0.5,2,1.1245,0.7344,1.2989,0.6116
fp16,2,math,11,1,0.5,2,1.4242,0.7101,2.5867,0.4468
fp16,2,math,12,2,1.0,3,0.392,0.9324,0.6213,0.8811
fp16,2,math,13,2,1.0,3,0.1196,0.9818,0.2196,0.9652
fp16,2,math,14,2,1.0,3,0.016,0.9988,0.0174,0.9987
fp16,2,math,15,2,1.0,3,0.0232,0.9978,0.0323,0.9968
fp16,2,math,16,2,1.0,3,0.5498,0.9023,1.0975,0.8048
fp16,2,math,17,1,0.5,2,0.7797,0.8367,1.2486,0.7015
fp16,2,math,18,2,1.0,3,3.1844,0.3392,4.3769,0.2675
fp16,2,math,19,2,1.0,3,1.6037,0.6756,2.0445,0.5529
fp16,2,math,20,2,1.0,3,0.2575,0.9725,0.362,0.9595
fp16,2,math,21,0,0.0,1,4.2279,0.2306,6.383,0.1065
fp16,2,math,22,2,1.0,3,1.1776,0.8208,2.3552,0.6416
fp16,2,math,23,2,1.0,3,0.047,0.994,0.0938,0.9881
fp16,2,math,24,0,0.0,1,0.4117,0.8961,0.8232,0.7922
fp16,2,math,25,2,1.0,3,1.1572,0.8044,2.1322,0.632
fp16,2,math,26,2,1.0,3,0.7463,0.7315,1.4915,0.4631
fp16,2,math,27,0,0.0,1,1.22,0.5779,1.4518,0.5698
fp16,2,math,28,1,0.5,2,1.3941,0.5738,1.4847,0.5348
fp16,2,math,29,2,1.0,3,0.9994,0.7174,1.9988,0.4348
fp16,2,math,30,2,1.0,3,0.6464,0.8723,0.8437,0.8356
fp16,2,chat,0,0,0.0,1,3.4985,0.3266,5.2166,0.1926
fp16,2,chat,1,1,0.5,2,3.7965,0.4982,5.8293,0.2201
fp16,2,chat,2,2,1.0,3,2.2667,0.5763,3.2205,0.4694
fp16,2,chat,3,2,1.0,3,3.1876,0.5285,4.2139,0.4061
fp16,2,chat,4,1,0.5,2,3.4293,0.4109,4.9265,0.2177
fp16,2,chat,5,2,1.0,3,2.9069,0.5377,5.1501,0.1729
fp16,2,chat,6,2,1.0,3,3.8207,0.4384,3.8944,0.3164
fp16,2,chat,7,0,0.0,1,1.3528,0.512,1.6674,0.4979
fp16,2,chat,8,2,1.0,3,0.5646,0.8275,1.127,0.6552
fp16,2,chat,9,2,1.0,3,0.7995,0.7934,1.4278,0.602
fp16,2,chat,10,2,1.0,3,1.2113,0.6943,1.4402,0.6485
fp16,2,chat,11,2,1.0,3,1.3995,0.7657,2.1136,0.7027
fp16,2,chat,12,2,1.0,3,0.4959,0.9114,0.9888,0.823
fp16,2,chat,13,2,1.0,3,0.5694,0.9129,0.7035,0.8852
fp16,2,chat,14,2,1.0,3,0.1388,0.9864,0.237,0.9767
fp16,2,chat,15,2,1.0,3,0.7817,0.8559,1.4421,0.7252
fp16,2,chat,16,2,1.0,3,0.2236,0.967,0.4469,0.9341
fp16,2,chat,17,2,1.0,3,0.3708,0.9353,0.5924,0.8852
fp16,2,chat,18,2,1.0,3,0.4935,0.9006,0.9864,0.8011
fp16,2,chat,19,2,1.0,3,2.0805,0.5831,2.8403,0.4088
fp16,2,chat,20,2,1.0,3,0.8548,0.822,1.7093,0.644
fp16,2,chat,21,1,0.5,2,1.357,0.5924,1.8655,0.4406
fp16,2,chat,22,2,1.0,3,0.3905,0.945,0.7741,0.8904
fp16,2,chat,23,2,1.0,3,0.0003,1.0,0.0005,1.0
fp16,2,chat,24,2,1.0,3,1.2083,0.7181,2.3354,0.4463
fp16,2,chat,25,2,1.0,3,0.1751,0.9749,0.2506,0.9598
fp16,2,chat,26,2,1.0,3,1.3388,0.7199,2.6547,0.4417
fp16,2,chat,27,2,1.0,3,0.9185,0.7901,1.7649,0.5875
fp16,2,chat,28,1,0.5,2,0.556,0.7462,1.0019,0.5038
fp16,2,chat,29,1,1.0,2,1.0504,0.8115,1.0504,0.8115
fp16,2,chat,0,2,1.0,3,1.2224,0.8371,1.2777,0.8188
fp16,2,chat,1,1,0.5,2,2.3949,0.6308,4.0019,0.3763
fp16,2,chat,2,2,1.0,3,3.3429,0.3871,3.4551,0.3496
fp16,2,chat,3,2,1.0,3,1.3715,0.7858,2.1994,0.6295
fp16,2,chat,4,0,0.0,1,1.636,0.6465,3.1572,0.3045
fp16,2,chat,5,2,1.0,3,0.2837,0.9583,0.3862,0.9424
fp16,2,chat,6,2,1.0,3,1.2051,0.7369,2.2899,0.4841
fp16,2,chat,7,1,0.5,2,3.6692,0.238,4.0714,0.2027
fp16,2,chat,8,2,1.0,3,0.6608,0.9232,1.3155,0.8468
fp16,2,chat,9,0,0.0,1,2.8055,0.6021,3.7515,0.5211
fp16,2,chat,10,2,1.0,3,2.7609,0.6968,4.9084,0.4986
fp16,2,chat,11,0,0.0,1,1.1403,0.7473,1.1642,0.7124
fp16,2,chat,12,2,1.0,3,1.1128,0.7878,1.5357,0.655
fp16,2,chat,13,2,1.0,3,0.0074,0.9995,0.0129,0.9991
fp16,2,chat,14,2,1.0,3,1.3618,0.7314,2.6168,0.4725
fp16,2,chat,15,2,1.0,3,1.4873,0.6752,2.4026,0.4333
fp16,2,chat,16,2,1.0,3,0.2175,0.9741,0.4096,0.9501
fp16,2,chat,17,2,1.0,3,0.4565,0.9158,0.533,0.8843
fp16,2,chat,18,2,1.0,3,0.7445,0.8437,1.4629,0.6891
fp16,2,chat,19,2,1.0,3,0.4828,0.8449,0.9649,0.6899
fp16,2,chat,20,2,1.0,3,0.0381,0.9969,0.0733,0.994
fp16,2,chat,21,1,0.5,2,1.2074,0.7211,2.4146,0.4422
fp16,2,chat,22,2,1.0,3,2.5986,0.5584,3.2478,0.5155
fp16,2,chat,23,0,0.0,1,1.6507,0.6939,2.903,0.4326
fp16,2,chat,24,2,1.0,3,0.3205,0.9447,0.616,0.8919
fp16,2,chat,25,1,0.5,2,2.2101,0.4902,2.7388,0.3626
fp16,2,chat,26,0,0.0,1,0.3654,0.9074,0.7296,0.8149
fp16,2,chat,27,2,1.0,3,0.1108,0.9865,0.2107,0.9739
fp16,2,chat,28,2,1.0,3,0.2629,0.9473,0.4741,0.899
fp16,2,chat,29,0,0.0,1,2.8566,0.3275,3.4731,0.2178
fp16,2,chat,30,0,0.0,1,2.5228,0.5038,3.4919,0.3818
fp16,2,chat,31,1,0.5,2,2.1648,0.6056,3.5705,0.315
fp16,2,chat,32,1,0.5,2,1.5629,0.6491,1.7916,0.6347
fp16,2,chat,33,1,1.0,2,0.6231,0.9358,0.6231,0.9358
fp16,2,chat,0,0,0.0,1,3.1386,0.5969,6.0682,0.2207
fp16,2,chat,1,2,1.0,3,1.8927,0.635,3.204,0.3776
fp16,2,chat,2,2,1.0,3,1.6777,0.7426,3.1323,0.5114
fp16,2,chat,3,1,0.5,2,0.7284,0.7814,1.4175,0.5658
fp16,2,chat,4,2,1.0,3,1.8899,0.461,2.1977,0.444
fp16,2,chat,5,2,1.0,3,1.3444,0.736,1.825,0.5987
fp16,2,chat,6,2,1.0,3,1.1282,0.7498,1.2574,0.6931
fp16,2,chat,7,2,1.0,3,0.8643,0.8144,1.5757,0.6405
fp16,2,chat,8,2,1.0,3,0.8727,0.8562,1.735,0.713
fp16,2,chat,9,2,1.0,3,0.3532,0.9375,0.5884,0.8901
fp16,2,chat,10,2,1.0,3,0.2593,0.9427,0.5186,0.8854
fp16,2,chat,11,2,1.0,3,0.9219,0.8467,1.7582,0.7026
fp16,2,chat,12,0,0.0,1,1.5254,0.5562,1.6018,0.4911
fp16,2,chat,13,2,1.0,3,1.4201,0.6015,1.507,0.5307
fp16,2,chat,14,2,1.0,3,0.1543,0.9834,0.2144,0.9758
fp16,2,chat,15,2,1.0,3,0.0049,0.9996,0.009,0.9993
fp16,2,chat,16,2,1.0,3,0.3238,0.96,0.6341,0.9209
fp16,2,chat,17,2,1.0,3,0.0953,0.9877,0.1906,0.9754
fp16,2,chat,18,2,1.0,3,0.2402,0.9622,0.4118,0.9314
fp16,2,chat,19,2,1.0,3,0.5189,0.9146,0.5483,0.9088
fp16,2,chat,20,2,1.0,3,0.0024,0.9999,0.0041,0.9998
fp16,2,chat,21,2,1.0,3,0.8148,0.8694,1.3407,0.7712
fp16,2,chat,22,2,1.0,3,0.8381,0.8555,1.6714,0.7113
fp16,2,chat,23,2,1.0,3,0.0901,0.9901,0.1121,0.9854
fp16,2,chat,24,2,1.0,3,1.3658,0.6366,1.7156,0.5732
fp16,2,chat,25,2,1.0,3,0.1688,0.9763,0.3272,0.9535
fp16,2,chat,26,2,1.0,3,0.9424,0.8131,1.8647,0.628
fp16,2,chat,27,2,1.0,3,0.7855,0.8489,0.9142,0.7772
fp16,2,chat,28,0,0.0,1,0.9956,0.8221,0.9956,0.8221
fp16,2,chat,0,0,0.0,1,2.9883,0.5668,5.8648,0.1407
fp16,2,chat,1,0,0.0,1,4.5418,0.4659,5.9718,0.2455
fp16,2,chat,2,1,0.5,2,3.5337,0.4293,4.805,0.1887
fp16,2,chat,3,0,0.0,1,6.0804,0.1487,7.3705,0.0793
fp16,2,chat,4,0,0.0,1,5.4059,0.2132,6.3041,0.1273
fp16,2,chat,5,1,0.5,2,3.9077,0.3775,5.5545,0.1994
fp16,2,chat,6,2,1.0,3,3.6474,0.3601,4.0903,0.3501
fp16,2,chat,7,1,0.5,2,3.49,0.3812,4.6013,0.2426
fp16,2,chat,8,2,1.0,3,2.9472,0.4651,3.2365,0.3384
fp16,2,chat,9,0,0.0,1,2.1041,0.4379,2.4647,0.4109
fp16,2,chat,10,2,1.0,3,2.0511,0.6367,2.6172,0.5077
fp16,2,chat,11,2,1.0,3,0.6695,0.9215,1.1457,0.8613
fp16,2,chat,12,0,0.0,1,3.4412,0.3464,4.1848,0.3275
fp16,2,chat,13,0,0.0,1,2.1814,0.6424,4.347,0.2859
fp16,2,chat,14,0,0.0,1,2.4327,0.726,4.847,0.4534
fp16,2,chat,15,0,0.0,1,3.1519,0.4235,4.1754,0.4186
fp16,2,chat,16,2,1.0,3,4.1429,0.4062,4.1604,0.3908
fp16,2,chat,17,1,0.5,2,3.8682,0.3144,4.3277,0.3025
fp16,2,chat,18,2,1.0,3,2.8941,0.4827,2.9364,0.3361
fp16,2,chat,19,2,1.0,3,0.274,0.9494,0.5451,0.899
fp16,2,chat,20,0,0.0,1,1.6318,0.6033,1.8213,0.5915
fp16,2,chat,21,0,0.0,1,2.909,0.4599,3.4226,0.3265
fp16,2,chat,22,2,1.0,3,3.924,0.36,5.0266,0.1776
fp16,2,chat,23,2,1.0,3,2.6542,0.5149,3.5299,0.3702
fp16,2,chat,24,0,0.0,1,0.728,0.8773,1.4527,0.7548
fp16,2,chat,25,2,1.0,3,1.6103,0.6534,3.219,0.3068
fp16,2,chat,26,2,1.0,3,0.1287,0.9795,0.2519,0.9593
fp16,2,chat,27,2,1.0,3,0.0022,0.9999,0.0041,0.9998
fp16,2,chat,28,2,1.0,3,0.0348,0.997,0.0644,0.9944
fp16,2,chat,29,2,1.0,3,0.0011,0.9999,0.0021,0.9999
fp16,2,chat,30,2,1.0,3,0.0029,0.9998,0.0032,0.9998
fp16,2,chat,31,2,1.0,3,1.4798,0.7291,2.5009,0.53
fp16,2,chat,32,2,1.0,3,1.3587,0.724,2.6411,0.4553
fp16,2,chat,33,2,1.0,3,0.9155,0.8698,1.0179,0.8371
fp16,2,chat,34,2,1.0,3,0.8087,0.7888,1.6171,0.5776
fp16,2,chat,35,2,1.0,3,0.1891,0.9824,0.2174,0.9782
fp16,2,chat,0,0,0.0,1,4.8769,0.2239,5.9342,0.1548
fp16,2,chat,1,0,0.0,1,4.2237,0.3108,5.0861,0.1782
fp16,2,chat,2,2,1.0,3,1.217,0.6836,2.047,0.4412
fp16,2,chat,3,0,0.0,1,2.3355,0.5237,2.7283,0.5018
fp16,2,chat,4,2,1.0,3,0.5346,0.9241,1.0266,0.8514
fp16,2,chat,5,2,1.0,3,2.403,0.4817,3.0712,0.4617
fp16,2,chat,6,2,1.0,3,1.4218,0.7039,1.6652,0.6734
fp16,2,chat,7,2,1.0,3,0.9018,0.8351,1.0261,0.8346
fp16,2,chat,8,2,1.0,3,0.6114,0.9096,1.2182,0.8196
fp16,2,chat,9,1,0.5,2,2.4315,0.5971,3.2119,0.507
fp16,2,chat,10,2,1.0,3,0.5093,0.9024,0.9978,0.8062
fp16,2,chat,11,0,0.0,1,1.2533,0.6687,2.5049,0.3375
fp16,2,chat,12,2,1.0,3,0.2304,0.9707,0.3369,0.9518
fp16,2,chat,13,1,0.5,2,1.7337,0.6229,2.969,0.3062
fp16,2,chat,14,2,1.0,3,1.4823,0.6922,2.8891,0.3929
fp16,2,chat,15,2,1.0,3,0.2796,0.9677,0.3241,0.9624
fp16,2,chat,16,1,0.5,2,2.1633,0.4557,2.5003,0.3918
fp16,2,chat,17,1,0.5,2,3.2342,0.3158,4.324,0.2605
fp16,2,chat,18,2,1.0,3,1.4617,0.7384,2.9183,0.4771
fp16,2,chat,19,2,1.0,3,1.0432,0.7845,2.0829,0.5691
fp16,2,chat,20,2,1.0,3,2.0496,0.6509,2.3886,0.6173
fp16,2,chat,21,2,1.0,3,0.9727,0.8213,1.0295,0.791
fp16,2,chat,22,2,1.0,3,1.8395,0.5699,2.1338,0.4152
fp16,2,chat,23,0,0.0,1,2.2011,0.521,2.8699,0.4468
fp16,2,chat,24,1,0.5,2,0.6488,0.7809,1.2652,0.5645
fp16,2,chat,25,2,1.0,3,1.5186,0.6826,3.0339,0.3654
fp16,2,chat,26,2,1.0,3,1.1729,0.8126,1.5631,0.729
fp16,2,chat,27,2,1.0,3,0.0455,0.9967,0.087,0.9936
fp16,2,chat,28,2,1.0,3,1.2609,0.7506,2.2479,0.5285
fp16,2,chat,29,2,1.0,3,0.3684,0.9525,0.6157,0.9199
fp16,2,chat,30,2,1.0,3,1.6007,0.7007,2.1906,0.6404
fp16,2,chat,31,0,0.0,1,2.0904,0.5614,2.5833,0.3811
fp16,2,chat,32,0,0.0,1,1.0576,0.5348,1.0576,0.5348
fp16,2,summarization,0,0,0.0,1,2.037,0.698,4.065,0.3964
fp16,2,summarization,1,0,0.0,1,2.2482,0.627,4.488,0.2545
fp16,2,summarization,2,0,0.0,1,2.6718,0.5696,4.4824,0.228
fp16,2,summarization,3,1,0.5,2,3.588,0.3578,3.6413,0.3067
fp16,2,summarization,4,2,1.0,3,0.0769,0.9925,0.1483,0.9852
fp16,2,summarization,5,2,1.0,3,0.5462,0.9209,1.088,0.8422
fp16,2,summarization,6,0,0.0,1,0.7083,0.7374,1.4136,0.4749
fp16,2,summarization,7,0,0.0,1,1.2322,0.771,2.4598,0.5422
fp16,2,summarization,8,2,1.0,3,2.0173,0.6716,3.3946,0.403
fp16,2,summarization,9,2,1.0,3,0.4645,0.898,0.9287,0.796
fp16,2,summarization,10,2,1.0,3,0.4424,0.9448,0.8839,0.8896
fp16,2,summarization,11,2,1.0,3,0.0228,0.998,0.0357,0.9967
fp16,2,summarization,12,0,0.0,1,0.961,0.7945,1.9199,0.589
fp16,2,summarization,13,2,1.0,3,1.7934,0.6684,3.0485,0.4491
fp16,2,summarization,14,2,1.0,3,0.8842,0.781,1.6191,0.5753
fp16,2,summarization,15,0,0.0,1,0.7911,0.8017,1.1713,0.6491
fp16,2,summarization,16,2,1.0,3,1.0783,0.7115,1.907,0.446
fp16,2,summarization,17,2,1.0,3,0.2037,0.9662,0.406,0.9325
fp16,2,summarization,18,2,1.0,3,1.2955,0.7295,1.4292,0.6399
fp16,2,summarization,19,2,1.0,3,1.2368,0.7976,2.462,0.596
fp16,2,summarization,20,2,1.0,3,0.7465,0.8846,1.137,0.8097
fp16,2,summarization,21,0,0.0,1,0.9373,0.8455,1.8734,0.6911
fp16,2,summarization,22,2,1.0,3,1.6753,0.7323,3.3456,0.4649
fp16,2,summarization,23,2,1.0,3,0.8284,0.8729,1.564,0.7556
fp16,2,summarization,24,2,1.0,3,0.0016,0.9999,0.0021,0.9999
fp16,2,summarization,25,2,1.0,3,0.0788,0.9945,0.1346,0.9905
fp16,2,summarization,26,2,1.0,3,0.2238,0.9798,0.435,0.9608
fp16,2,summarization,27,2,1.0,3,0.7387,0.841,1.4462,0.6846
fp16,2,summarization,28,0,0.0,1,2.3218,0.4765,2.7897,0.3723
fp16,2,summarization,29,0,0.0,1,0.5316,0.8652,1.0586,0.7307
fp16,2,summarization,30,2,1.0,3,0.5704,0.8909,0.6655,0.8357
fp16,2,summarization,31,0,0.0,1,1.8891,0.6132,3.7756,0.2265
fp16,2,summarization,32,2,1.0,3,1.3426,0.7427,2.685,0.4855
fp16,2,summarization,33,2,1.0,3,0.0017,0.9999,0.0024,0.9999
fp16,2,summarization,34,1,1.0,2,0.9951,0.6896,0.9951,0.6896
fp16,2,summarization,0,0,0.0,1,4.6114,0.2984,5.3413,0.2523
fp16,2,summarization,1,2,1.0,3,2.1477,0.447,2.3682,0.379
fp16,2,summarization,2,0,0.0,1,2.6785,0.5473,4.4855,0.2511
fp16,2,summarization,3,2,1.0,3,1.2975,0.7872,1.9929,0.6665
fp16,2,summarization,4,1,0.5,2,1.0441,0.7759,2.0833,0.5521
fp16,2,summarization,5,2,1.0,3,0.3236,0.9617,0.4581,0.9409
fp16,2,summarization,6,2,1.0,3,1.1104,0.8169,1.128,0.7929
fp16,2,summarization,7,2,1.0,3,0.0957,0.9878,0.188,0.9759
fp16,2,summarization,8,2,1.0,3,0.0142,0.9988,0.0244,0.9979
fp16,2,summarization,9,2,1.0,3,0.541,0.8064,1.0817,0.6128
fp16,2,summarization,10,2,1.0,3,1.2109,0.65,2.0171,0.3545
fp16,2,summarization,11,2,1.0,3,0.0311,0.9976,0.036,0.997
fp16,2,summarization,12,2,1.0,3,0.0055,0.9996,0.0107,0.9993
fp16,2,summarization,13,2,1.0,3,0.2641,0.9739,0.419,0.9602
fp16,2,summarization,14,2,1.0,3,0.8815,0.7809,1.3906,0.6255
fp16,2,summarization,15,2,1.0,3,0.0001,1.0,0.0001,1.0
fp16,2,summarization,16,2,1.0,3,0.7272,0.9082,0.8158,0.8981
fp16,2,summarization,17,2,1.0,3,0.0267,0.9975,0.0332,0.9968
fp16,2,summarization,18,2,1.0,3,0.081,0.9929,0.1539,0.9865
fp16,2,summarization,19,2,1.0,3,1.6525,0.6022,2.5455,0.3767
fp16,2,summarization,20,2,1.0,3,0.5995,0.8984,1.1004,0.8081
fp16,2,summarization,21,2,1.0,3,0.3195,0.9653,0.3715,0.9552
fp16,2,summarization,22,2,1.0,3,0.9506,0.7152,1.5105,0.4704
fp16,2,summarization,23,1,0.5,2,1.1065,0.7816,1.7021,0.611
fp16,2,summarization,24,2,1.0,3,1.6333,0.7274,2.3116,0.5594
fp16,2,summarization,25,2,1.0,3,0.3145,0.9395,0.5604,0.886
fp16,2,summarization,26,2,1.0,3,0.3944,0.9436,0.6993,0.8983
fp16,2,summarization,27,2,1.0,3,0.2464,0.9588,0.4927,0.9177
fp16,2,summarization,28,2,1.0,3,0.158,0.9787,0.3131,0.9575
fp16,2,summarization,0,0,0.0,1,1.3516,0.8212,1.9653,0.7599
fp16,2,summarization,1,2,1.0,3,1.7323,0.8158,2.5371,0.7374
fp16,2,summarization,2,2,1.0,3,1.3552,0.7525,2.3096,0.5456
fp16,2,summarization,3,2,1.0,3,0.763,0.8952,0.9549,0.8676
fp16,2,summarization,4,2,1.0,3,0.7147,0.8903,0.8181,0.8649
fp16,2,summarization,5,2,1.0,3,0.2523,0.9697,0.4634,0.9435
fp16,2,summarization,6,2,1.0,3,2.1165,0.5597,2.1345,0.5063
fp16,2,summarization,7,2,1.0,3,2.3343,0.5418,2.6142,0.3458
fp16,2,summarization,8,2,1.0,3,1.7193,0.6365,2.6424,0.4246
fp16,2,summarization,9,1,0.5,2,1.708,0.5851,2.5507,0.3609
fp16,2,summarization,10,1,0.5,2,0.8257,0.7975,1.5293,0.6087
fp16,2,summarization,11,1,0.5,2,3.4764,0.5415,6.2234,0.1478
fp16,2,summarization,12,0,0.0,1,2.5539,0.5951,4.2256,0.355
fp16,2,summarization,13,1,0.5,2,3.6071,0.363,3.9618,0.2757
fp16,2,summarization,14,2,1.0,3,1.279,0.8274,1.7739,0.7977
fp16,2,summarization,15,0,0.0,1,1.6066,0.6496,1.6707,0.5766
fp16,2,summarization,16,2,1.0,3,1.3983,0.6875,1.9394,0.5505
fp16,2,summarization,17,2,1.0,3,1.695,0.6684,2.0931,0.5795
fp16,2,summarization,18,2,1.0,3,0.1091,0.9901,0.1757,0.9837
fp16,2,summarization,19,1,0.5,2,1.6525,0.6263,2.687,0.3503
fp16,2,summarization,20,2,1.0,3,1.2157,0.7301,1.9421,0.5445
fp16,2,summarization,21,2,1.0,3,0.7053,0.8061,1.2542,0.6316
fp16,2,summarization,22,1,0.5,2,2.2166,0.4771,2.312,0.3866
fp16,2,summarization,23,2,1.0,3,0.9403,0.7287,1.8613,0.4589
fp16,2,summarization,24,2,1.0,3,1.1612,0.7666,2.3212,0.5332
fp16,2,summarization,25,2,1.0,3,0.004,0.9998,0.008,0.9995
fp16,2,summarization,26,2,1.0,3,2.4396,0.6081,3.2224,0.4791
fp16,2,summarization,27,2,1.0,3,1.148,0.6885,1.5808,0.4851
fp16,2,summarization,28,1,0.5,2,1.3102,0.7016,2.0687,0.4755
fp16,2,summarization,29,2,1.0,3,1.2537,0.745,1.402,0.7057
fp16,2,summarization,30,2,1.0,3,2.2542,0.6031,2.9494,0.4821
fp16,2,summarization,0,0,0.0,1,2.1311,0.5895,2.6266,0.5752
fp16,2,summarization,1,0,0.0,1,3.2195,0.579,6.2821,0.171
fp16,2,summarization,2,2,1.0,3,1.1194,0.7751,1.6719,0.6239
fp16,2,summarization,3,2,1.0,3,3.2347,0.5856,3.3762,0.5405
fp16,2,summarization,4,1,0.5,2,1.6464,0.5873,2.3306,0.3543
fp16,2,summarization,5,2,1.0,3,2.426,0.4505,2.5537,0.4126
fp16,2,summarization,6,2,1.0,3,1.9266,0.6108,2.0972,0.5241
fp16,2,summarization,7,2,1.0,3,2.2725,0.6767,3.2519,0.5361
fp16,2,summarization,8,1,0.5,2,1.7769,0.5838,3.5526,0.1676
fp16,2,summarization,9,2,1.0,3,0.0033,0.9998,0.0056,0.9996
fp16,2,summarization,10,2,1.0,3,1.4777,0.7359,1.5948,0.6743
fp16,2,summarization,11,2,1.0,3,1.8677,0.5646,2.1859,0.4465
fp16,2,summarization,12,2,1.0,3,1.376,0.7755,1.4019,0.7643
fp16,2,summarization,13,2,1.0,3,0.4935,0.8941,0.987,0.7881
fp16,2,summarization,14,2,1.0,3,0.0215,0.9981,0.0249,0.9979
fp16,2,summarization,15,2,1.0,3,0.262,0.9536,0.5213,0.9074
fp16,2,summarization,16,2,1.0,3,0.3483,0.9409,0.4815,0.912
fp16,2,summarization,17,2,1.0,3,0.9154,0.8208,1.8307,0.6417
fp16,2,summarization,18,2,1.0,3,0.7624,0.8409,1.5216,0.682
fp16,2,summarization,19,2,1.0,3,1.2328,0.6829,2.4652,0.3658
fp16,2,summarization,20,0,0.0,1,1.2224,0.6967,2.0582,0.4626
fp16,2,summarization,21,2,1.0,3,0.5493,0.8331,0.9159,0.6911
fp16,2,summarization,22,2,1.0,3,0.006,0.9996,0.007,0.9995
fp16,2,summarization,23,2,1.0,3,1.9743,0.6454,2.5821,0.6096
fp16,2,summarization,24,0,0.0,1,1.253,0.7567,2.506,0.5134
fp16,2,summarization,25,2,1.0,3,0.4099,0.9392,0.7957,0.88
fp16,2,summarization,26,2,1.0,3,0.4133,0.947,0.8167,0.8944
fp16,2,summarization,27,2,1.0,3,0.0083,0.9994,0.0158,0.9989
fp16,2,summarization,28,2,1.0,3,0.282,0.9569,0.3746,0.9311
fp16,2,summarization,29,2,1.0,3,2.1118,0.635,3.0664,0.461
fp16,2,summarization,0,0,0.0,1,5.1279,0.2906,5.3211,0.2637
fp16,2,summarization,1,0,0.0,1,2.6654,0.6334,5.3234,0.2672
fp16,2,summarization,2,2,1.0,3,2.2576,0.6072,2.5388,0.4175
fp16,2,summarization,3,2,1.0,3,0.0038,0.9998,0.0073,0.9995
fp16,2,summarization,4,2,1.0,3,1.9131,0.5874,2.0832,0.45
fp16,2,summarization,5,2,1.0,3,0.1714,0.9757,0.2357,0.9631
fp16,2,summarization,6,2,1.0,3,0.3675,0.9,0.7325,0.8002
fp16,2,summarization,7,2,1.0,3,0.0177,0.9985,0.0318,0.9973
fp16,2,summarization,8,2,1.0,3,0.8414,0.7859,1.0858,0.6697
fp16,2,summarization,9,2,1.0,3,0.1594,0.9825,0.2106,0.9751
fp16,2,summarization,10,2,1.0,3,1.15,0.7234,1.9263,0.4991
fp16,2,summarization,11,0,0.0,1,0.8573,0.8034,0.863,0.7183
fp16,2,summarization,12,2,1.0,3,0.6931,0.8816,0.9538,0.8501
fp16,2,summarization,13,2,1.0,3,0.6321,0.8947,1.2403,0.791
fp16,2,summarization,14,2,1.0,3,0.4052,0.9146,0.778,0.8317
fp16,2,summarization,15,2,1.0,3,0.6977,0.7927,1.3307,0.5901
fp16,2,summarization,16,2,1.0,3,0.2736,0.9384,0.54,0.8773
fp16,2,summarization,17,1,0.5,2,0.3349,0.9178,0.655,0.8367
fp16,2,summarization,18,2,1.0,3,0.7787,0.8436,0.9042,0.835
fp16,2,summarization,19,2,1.0,3,0.7846,0.791,1.0116,0.6423
fp16,2,summarization,20,2,1.0,3,0.0683,0.9948,0.1297,0.99
fp16,2,summarization,21,2,1.0,3,0.3137,0.9575,0.6263,0.915
fp16,2,summarization,22,1,0.5,2,1.9673,0.625,3.7711,0.2694
fp16,2,summarization,23,1,0.5,2,2.0303,0.6653,3.1435,0.4325
fp16,2,summarization,24,1,0.5,2,1.3979,0.7143,1.6729,0.5733
fp16,2,summarization,25,2,1.0,3,1.1942,0.8112,1.7594,0.7062
fp16,2,summarization,26,2,1.0,3,1.8429,0.6783,1.8987,0.6157
fp16,2,summarization,27,2,1.0,3,0.5587,0.9345,0.8991,0.9016
fp16,2,summarization,28,0,0.0,1,1.8973,0.7102,3.38,0.4738
fp16,2,summarization,29,2,1.0,3,0.3434,0.9633,0.6184,0.9339
fp16,2,summarization,30,1,0.5,2,1.6585,0.6049,2.3362,0.3218
fp16,4,code,0,0,0.0,1,2.0452,0.6369,2.956,0.3969
fp16,4,code,1,0,0.0,1,1.6153,0.6773,3.8145,0.2022
fp16,4,code,2,0,0.0,1,0.9571,0.759,1.6901,0.4793
fp16,4,code,3,4,1.0,5,0.2822,0.9661,1.019,0.8763
fp16,4,code,4,1,0.25,2,2.6601,0.4322,2.9233,0.2466
fp16,4,code,5,4,1.0,5,1.6966,0.6498,2.677,0.4534
fp16,4,code,6,4,1.0,5,1.2391,0.7057,1.8203,0.5492
fp16,4,code,7,4,1.0,5,0.8133,0.81,1.9158,0.4496
fp16,4,code,8,1,0.25,2,1.3386,0.6844,1.8008,0.4824
fp16,4,code,9,4,1.0,5,0.112,0.9803,0.4476,0.9211
fp16,4,code,10,4,1.0,5,1.4715,0.7328,2.7081,0.4734
fp16,4,code,11,3,0.75,4,1.4035,0.6658,2.8258,0.3902
fp16,4,code,12,2,0.5,3,0.8058,0.8038,1.4762,0.566
fp16,4,code,13,2,0.5,3,0.4107,0.8617,1.4303,0.4662
fp16,4,code,14,4,1.0,5,0.0968,0.9887,0.1874,0.9741
fp16,4,code,15,4,1.0,5,0.2412,0.9575,0.5497,0.908
fp16,4,code,16,4,1.0,5,0.5844,0.837,1.641,0.4638
fp16,4,code,17,4,1.0,5,0.0001,1.0,0.0002,1.0
fp16,4,code,18,4,1.0,5,0.4756,0.8693,1.313,0.5422
fp16,4,code,19,2,0.5,3,0.8779,0.8044,3.3217,0.2341
fp16,4,code,20,0,0.0,1,1.0979,0.731,2.8714,0.3961
fp16,4,code,21,4,1.0,5,0.3973,0.89,1.1319,0.6145
fp16,4,code,0,0,0.0,1,2.156,0.6161,4.4177,0.239
fp16,4,code,1,0,0.0,1,2.307,0.5958,3.9576,0.379
fp16,4,code,2,2,0.5,3,2.5956,0.4493,4.6765,0.2482
fp16,4,code,3,4,1.0,5,1.8567,0.6635,3.7705,0.3955
fp16,4,code,4,4,1.0,5,0.1657,0.9813,0.3102,0.9611
fp16,4,code,5,4,1.0,5,0.0013,0.9999,0.0028,0.9999
fp16,4,code,6,4,1.0,5,0.5009,0.8727,1.1484,0.7417
fp16,4,code,7,4,1.0,5,0.0326,0.9972,0.0786,0.9919
fp16,4,code,8,4,1.0,5,0.0178,0.9986,0.0251,0.998
fp16,4,code,9,4,1.0,5,0.0275,0.9978,0.0519,0.9961
fp16,4,code,10,4,1.0,5,0.0011,0.9999,0.0033,0.9998
fp16,4,code,11,4,1.0,5,0.0204,0.9985,0.0751,0.9945
fp16,4,code,12,4,1.0,5,0.2562,0.965,0.6107,0.9227
fp16,4,code,13,4,1.0,5,0.0559,0.9942,0.1657,0.9825
fp16,4,code,14,4,1.0,5,0.1627,0.9647,0.5662,0.8685
fp16,4,code,15,4,1.0,5,0.0955,0.9867,0.3559,0.9488
fp16,4,code,16,4,1.0,5,0.0397,0.995,0.12,0.9838
fp16,4,code,17,4,1.0,5,0.251,0.9601,0.555,0.9106
fp16,4,code,0,0,0.0,1,2.3268,0.4281,3.5453,0.3337
fp16,4,code,1,0,0.0,1,1.328,0.7112,3.2086,0.2209
fp16,4,code,2,4,1.0,5,0.7563,0.8226,1.451,0.5584
fp16,4,code,3,4,1.0,5,0.3629,0.9435,0.7206,0.8481
fp16,4,code,4,0,0.0,1,1.0047,0.8215,2.5283,0.5888
fp16,4,code,5,3,0.75,4,0.8094,0.7663,1.5532,0.466
fp16,4,code,6,4,1.0,5,0.1981,0.974,0.3698,0.9416
fp16,4,code,7,4,1.0,5,0.6532,0.8344,1.6311,0.6108
fp16,4,code,8,4,1.0,5,0.1489,0.9768,0.2884,0.9538
fp16,4,code,9,4,1.0,5,0.1398,0.9732,0.465,0.9018
fp16,4,code,10,4,1.0,5,0.0075,0.9995,0.0184,0.9987
fp16,4,code,11,4,1.0,5,0.1458,0.9744,0.382,0.9262
fp16,4,code,12,4,1.0,5,0.6098,0.835,0.9463,0.6439
fp16,4,code,13,4,1.0,5,0.1423,0.981,0.2937,0.9564
fp16,4,code,14,0,0.0,1,0.371,0.9076,1.2569,0.6591
fp16,4,code,15,2,0.5,3,0.2987,0.8984,1.0448,0.6118
fp16,4,code,16,4,1.0,5,0.038,0.9954,0.1205,0.9841
fp16,4,code,17,4,1.0,5,0.2499,0.915,0.9875,0.6607
fp16,4,code,18,4,1.0,5,0.0061,0.9995,0.0157,0.9987
fp16,4,code,19,4,1.0,5,0.0262,0.9968,0.0958,0.9879
fp16,4,code,0,0,0.0,1,2.3903,0.543,3.4343,0.4138
fp16,4,code,1,0,0.0,1,0.4978,0.8694,1.8393,0.4915
fp16,4,code,2,1,0.25,2,1.3006,0.7674,2.9611,0.3842
fp16,4,code,3,0,0.0,1,1.7846,0.5358,2.8188,0.3593
fp16,4,code,4,4,1.0,5,0.4056,0.9435,0.7047,0.8808
fp16,4,code,5,4,1.0,5,0.1673,0.9824,0.2599,0.9747
fp16,4,code,6,4,1.0,5,0.2134,0.971,0.777,0.8923
fp16,4,code,7,1,0.25,2,1.4579,0.567,2.5015,0.3349
fp16,4,code,8,0,0.0,1,0.7434,0.8597,2.954,0.4401
fp16,4,code,9,4,1.0,5,0.4317,0.9245,1.6606,0.7055
fp16,4,code,10,4,1.0,5,0.1744,0.9705,0.6243,0.8876
fp16,4,code,11,4,1.0,5,0.3121,0.9434,1.2466,0.7737
fp16,4,code,12,4,1.0,5,0.0446,0.9962,0.1097,0.9905
fp16,4,code,13,4,1.0,5,0.0003,1.0,0.0005,1.0
fp16,4,code,14,1,0.25,2,0.7345,0.8098,1.095,0.703
fp16,4,code,15,4,1.0,5,0.3426,0.9209,1.2943,0.6896
fp16,4,code,16,4,1.0,5,0.0574,0.994,0.1206,0.9858
fp16,4,code,17,4,1.0,5,0.5858,0.8903,0.9479,0.8321
fp16,4,code,18,4,1.0,5,0.0591,0.9941,0.1958,0.9796
fp16,4,code,19,4,1.0,5,0.0123,0.9991,0.0252,0.9982
fp16,4,code,20,4,1.0,5,0.0295,0.9969,0.0813,0.9909
fp16,4,code,0,0,0.0,1,3.8066,0.3754,5.0229,0.2013
fp16,4,code,1,0,0.0,1,3.5412,0.5618,7.5202,0.2599
fp16,4,code,2,0,0.0,1,1.9845,0.6396,4.0384,0.5451
fp16,4,code,3,4,1.0,5,0.9063,0.8376,2.6602,0.5269
fp16,4,code,4,4,1.0,5,2.084,0.6021,2.849,0.5036
fp16,4,code,5,0,0.0,1,2.1522,0.6522,5.5304,0.259
fp16,4,code,6,0,0.0,1,2.361,0.6667,5.23,0.2669
fp16,4,code,7,4,1.0,5,1.3232,0.7321,2.3733,0.4974
fp16,4,code,8,4,1.0,5,1.0367,0.8102,2.9654,0.44
fp16,4,code,9,4,1.0,5,0.7322,0.8418,2.0551,0.4858
fp16,4,code,10,3,0.75,4,0.4523,0.9155,1.2922,0.7184
fp16,4,code,11,3,0.75,4,0.9088,0.7953,1.9036,0.4825
fp16,4,code,12,4,1.0,5,0.1554,0.9835,0.3516,0.9648
fp16,4,code,13,4,1.0,5,0.4856,0.9353,1.8659,0.7478
fp16,4,code,14,0,0.0,1,0.744,0.8645,1.461,0.6178
fp16,4,code,15,4,1.0,5,0.3612,0.9322,1.1957,0.7521
fp16,4,code,16,4,1.0,5,0.1528,0.9831,0.3952,0.9488
fp16,4,code,17,4,1.0,5,0.0951,0.9894,0.1829,0.9764
fp16,4,code,18,2,0.5,3,1.783,0.6124,2.7966,0.3703
fp16,4,code,19,4,1.0,5,0.0349,0.9968,0.0623,0.993
fp16,4,code,20,4,1.0,5,0.2023,0.981,0.5216,0.9509
fp16,4,code,21,3,1.0,4,0.4014,0.9465,0.6039,0.8956
fp16,4,math,0,0,0.0,1,1.8427,0.7318,5.3144,0.2207
fp16,4,math,1,0,0.0,1,1.291,0.8396,4.4918,0.4258
fp16,4,math,2,4,1.0,5,0.0043,0.9996,0.0168,0.9985
fp16,4,math,3,4,1.0,5,0.3178,0.8704,1.0597,0.5126
fp16,4,math,4,4,1.0,5,0.5261,0.8027,1.0989,0.5388
fp16,4,math,5,4,1.0,5,0.0002,1.0,0.0008,1.0
fp16,4,math,6,4,1.0,5,0.1664,0.9581,0.6654,0.8323
fp16,4,math,7,4,1.0,5,0.0,1.0,0.0001,1.0
fp16,4,math,8,4,1.0,5,0.0016,0.9999,0.0053,0.9997
fp16,4,math,9,4,1.0,5,0.4507,0.8673,0.9349,0.6513
fp16,4,math,10,4,1.0,5,0.4582,0.9191,0.8294,0.8358
fp16,4,math,11,1,0.25,2,0.5823,0.8279,1.402,0.508
fp16,4,math,12,1,0.25,2,0.8337,0.757,1.205,0.5538
fp16,4,math,13,4,1.0,5,0.0012,0.9999,0.0026,0.9998
fp16,4,math,14,4,1.0,5,0.8715,0.7456,2.0033,0.3606
fp16,4,math,15,4,1.0,5,0.493,0.8949,0.9952,0.7783
fp16,4,math,16,4,1.0,5,0.2513,0.9436,0.6175,0.8478
fp16,4,math,17,4,1.0,5,0.1581,0.968,0.6321,0.872
fp16,4,math,18,4,1.0,5,0.3423,0.87,1.3691,0.4799
fp16,4,math,0,0,0.0,1,1.9476,0.6803,4.1051,0.2502
fp16,4,math,1,4,1.0,5,0.0574,0.9953,0.2294,0.9813
fp16,4,math,2,4,1.0,5,0.6222,0.8433,1.8393,0.4738
fp16,4,math,3,4,1.0,5,0.5635,0.8489,1.454,0.5612
fp16,4,math,4,4,1.0,5,0.3333,0.936,0.6961,0.8372
fp16,4,math,5,1,0.25,2,0.5298,0.8326,1.066,0.5401
fp16,4,math,6,4,1.0,5,0.6722,0.8081,1.1481,0.5349
fp16,4,math,7,4,1.0,5,0.2126,0.9412,0.7961,0.7703
fp16,4,math,8,4,1.0,5,0.282,0.9157,1.1161,0.6639
fp16,4,math,9,4,1.0,5,0.169,0.9569,0.6606,0.8289
fp16,4,math,10,4,1.0,5,0.2368,0.9428,0.7229,0.8006
fp16,4,math,11,4,1.0,5,0.0158,0.9982,0.0628,0.9926
fp16,4,math,12,4,1.0,5,0.0004,1.0,0.0009,0.9999
fp16,4,math,13,4,1.0,5,0.014,0.9984,0.056,0.9938
fp16,4,math,14,4,1.0,5,0.3568,0.869,1.1995,0.5028
fp16,4,math,15,1,0.25,2,0.3009,0.9241,0.8902,0.7368
fp16,4,math,16,2,0.5,3,0.4974,0.844,1.2905,0.496
fp16,4,math,17,4,1.0,5,0.4623,0.9167,0.6983,0.8645
fp16,4,math,18,2,1.0,3,0.0038,0.9997,0.0072,0.9995
fp16,4,math,0,4,1.0,5,1.6397,0.768,5.7299,0.1567
fp16,4,math,1,1,0.25,2,0.6227,0.891,1.7642,0.6501
fp16,4,math,2,1,0.25,2,0.6794,0.7772,1.5918,0.5237
fp16,4,math,3,4,1.0,5,0.5555,0.8568,1.7255,0.5018
fp16,4,math,4,4,1.0,5,0.6316,0.8064,1.2,0.5396
fp16,4,math,5,4,1.0,5,0.2961,0.9373,0.5806,0.8631
fp16,4,math,6,4,1.0,5,0.0787,0.9893,0.2077,0.968
fp16,4,math,7,4,1.0,5,0.0404,0.9944,0.1541,0.9782
fp16,4,math,8,3,0.75,4,0.5025,0.8465,1.004,0.6154
fp16,4,math,9,4,1.0,5,0.1696,0.9653,0.6709,0.8617
fp16,4,math,10,4,1.0,5,0.3255,0.9261,0.7409,0.795
fp16,4,math,11,4,1.0,5,0.0003,1.0,0.0012,0.9999
fp16,4,math,12,4,1.0,5,0.0034,0.9997,0.0134,0.9989
fp16,4,math,13,4,1.0,5,0.0009,0.9999,0.0028,0.9998
fp16,4,math,14,4,1.0,5,0.2015,0.9434,0.8035,0.7739
fp16,4,math,15,4,1.0,5,0.4181,0.8761,0.992,0.6133
fp16,4,math,16,3,0.75,4,0.2002,0.9407,0.7898,0.7635
fp16,4,math,17,2,0.6666666666666666,3,1.1024,0.6869,1.7152,0.4932
fp16,4,math,0,4,1.0,5,1.4028,0.7945,5.2598,0.2092
fp16,4,math,1,4,1.0,5,0.6864,0.8511,2.5922,0.4204
fp16,4,math,2,4,1.0,5,0.0219,0.9979,0.0491,0.9952
fp16,4,math,3,4,1.0,5,0.9208,0.696,1.8885,0.4029
fp16,4,math,4,4,1.0,5,0.1615,0.9649,0.5691,0.8683
fp16,4,math,5,4,1.0,5,0.2842,0.9262,1.1335,0.7049
fp16,4,math,6,4,1.0,5,0.4948,0.8672,1.9788,0.4687
fp16,4,math,7,4,1.0,5,0.143,0.9667,0.5699,0.8668
fp16,4,math,8,4,1.0,5,0.0023,0.9998,0.0066,0.9995
fp16,4,math,9,4,1.0,5,0.0449,0.9934,0.1791,0.9737
fp16,4,math,10,4,1.0,5,0.1217,0.9776,0.4866,0.9106
fp16,4,math,11,4,1.0,5,0.4594,0.8943,1.8377,0.5773
fp16,4,math,12,4,1.0,5,0.2504,0.9628,0.4266,0.9302
fp16,4,math,13,4,1.0,5,0.5995,0.8512,1.404,0.5808
fp16,4,math,14,4,1.0,5,0.53,0.8661,1.0094,0.7461
fp16,4,math,15,4,1.0,5,0.0048,0.9996,0.0113,0.9991
fp16,4,math,0,1,0.25,2,3.9493,0.3307,5.7449,0.1548
fp16,4,math,1,4,1.0,5,1.2884,0.7224,1.7669,0.5645
fp16,4,math,2,4,1.0,5,1.6589,0.7179,2.1558,0.6207
fp16,4,math,3,4,1.0,5,0.5361,0.8566,1.0924,0.5501
fp16,4,math,4,4,1.0,5,0.0855,0.9901,0.2694,0.9668
fp16,4,math,5,4,1.0,5,1.8977,0.6498,3.6175,0.451
fp16,4,math,6,2,0.5,3,0.9289,0.7936,1.379,0.6116
fp16,4,math,7,1,0.25,2,1.623,0.6452,2.5867,0.3561
fp16,4,math,8,4,1.0,5,0.2699,0.9553,0.6213,0.8811
fp16,4,math,9,4,1.0,5,0.0259,0.9975,0.0643,0.9931
fp16,4,math,10,4,1.0,5,0.2802,0.9508,1.0975,0.8048
fp16,4,math,11,1,0.25,2,0.4131,0.9164,1.2486,0.7015
fp16,4,math,12,4,1.0,5,2.3613,0.4524,4.3769,0.2675
fp16,4,math,13,0,0.0,1,1.3941,0.6429,2.8586,0.2914
fp16,4,math,14,3,0.75,4,0.6594,0.8241,2.0728,0.3546
fp16,4,math,15,4,1.0,5,0.5889,0.9104,2.3552,0.6416
fp16,4,math,16,1,0.25,2,0.6976,0.8585,1.1384,0.7922
fp16,4,math,17,4,1.0,5,0.5789,0.9022,2.1322,0.632
fp16,4,math,18,1,0.25,2,1.3767,0.538,1.812,0.4751
fp16,4,math,19,1,0.25,2,0.9602,0.6679,1.4847,0.524
fp16,4,math,20,4,1.0,5,0.711,0.8176,1.9988,0.4348
fp16,4,chat,0,0,0.0,1,3.0815,0.3794,5.2166,0.1926
fp16,4,chat,1,1,0.25,2,2.5111,0.6314,5.8293,0.2201
fp16,4,chat,2,4,1.0,5,2.3082,0.5671,3.2205,0.4651
fp16,4,chat,3,0,0.0,1,1.0864,0.8174,1.9308,0.6592
fp16,4,chat,4,1,0.25,2,3.2698,0.385,4.9265,0.2177
fp16,4,chat,5,2,0.5,3,2.8219,0.4864,5.1501,0.1729
fp16,4,chat,6,3,0.75,4,2.4563,0.5062,3.8944,0.3164
fp16,4,chat,7,2,0.5,3,0.7271,0.807,1.3164,0.6483
fp16,4,chat,8,4,1.0,5,0.6461,0.8317,1.4278,0.602
fp16,4,chat,9,4,1.0,5,1.3151,0.725,2.1136,0.4359
fp16,4,chat,10,4,1.0,5,0.7783,0.8563,1.9711,0.5996
fp16,4,chat,11,4,1.0,5,0.1001,0.9898,0.237,0.9767
fp16,4,chat,12,4,1.0,5,0.2338,0.9661,0.4869,0.9304
fp16,4,chat,13,4,1.0,5,0.4195,0.9189,0.9864,0.8011
fp16,4,chat,14,4,1.0,5,1.4187,0.7223,2.8403,0.4088
fp16,4,chat,15,2,0.5,3,0.9513,0.7277,1.8655,0.4406
fp16,4,chat,16,4,1.0,5,0.1956,0.9725,0.7741,0.8904
fp16,4,chat,17,4,1.0,5,0.7317,0.8436,2.3354,0.4463
fp16,4,chat,18,4,1.0,5,0.7924,0.842,2.6547,0.4417
fp16,4,chat,19,4,1.0,5,0.4893,0.892,1.7649,0.5875
fp16,4,chat,20,1,1.0,2,1.0504,0.8115,1.0504,0.8115
fp16,4,chat,0,4,1.0,5,1.2217,0.7837,1.6538,0.5753
fp16,4,chat,1,4,1.0,5,1.9568,0.6625,3.4551,0.3496
fp16,4,chat,2,0,0.0,1,2.1215,0.5295,3.5239,0.2537
fp16,4,chat,3,0,0.0,1,1.5753,0.6307,3.1572,0.2806
fp16,4,chat,4,2,0.5,3,0.8482,0.8016,2.7279,0.2982
fp16,4,chat,5,2,0.5,3,1.9681,0.5799,3.1233,0.4186
fp16,4,chat,6,1,0.25,2,3.3793,0.3317,4.0714,0.2027
fp16,4,chat,7,2,0.5,3,2.3493,0.626,4.836,0.2591
fp16,4,chat,8,0,0.0,1,2.1874,0.627,3.7515,0.4406
fp16,4,chat,9,2,0.5,3,2.5763,0.5653,4.9084,0.3032
fp16,4,chat,10,0,0.0,1,0.8368,0.8379,1.1642,0.7124
fp16,4,chat,11,4,1.0,5,0.5806,0.8911,1.5357,0.655
fp16,4,chat,12,3,0.75,4,1.0211,0.7674,2.6168,0.4725
fp16,4,chat,13,4,1.0,5,1.1446,0.7846,2.4026,0.4333
fp16,4,chat,14,4,1.0,5,0.5271,0.9141,1.0724,0.8372
fp16,4,chat,15,4,1.0,5,0.249,0.9219,0.9649,0.6899
fp16,4,chat,16,4,1.0,5,0.0212,0.9983,0.0733,0.994
fp16,4,chat,17,2,0.5,3,1.6655,0.6681,3.2478,0.5155
fp16,4,chat,18,0,0.0,1,1.542,0.7042,2.903,0.4326
fp16,4,chat,19,4,1.0,5,1.6475,0.6424,3.2103,0.3173
fp16,4,chat,20,0,0.0,1,1.2399,0.7392,2.3453,0.5049
fp16,4,chat,21,2,0.5,3,1.0709,0.7661,2.5951,0.3717
fp16,4,chat,22,3,0.75,4,1.4358,0.6869,3.4731,0.2178
fp16,4,chat,23,0,0.0,1,1.7818,0.6451,3.4919,0.3818
fp16,4,chat,24,1,0.25,2,1.9578,0.6193,3.5705,0.315
fp16,4,chat,25,1,0.3333333333333333,2,2.4676,0.5243,4.277,0.2746
fp16,4,chat,26,1,1.0,2,0.6231,0.9358,0.6231,0.9358
fp16,4,chat,0,0,0.0,1,3.0285,0.5272,6.0682,0.2207
fp16,4,chat,1,4,1.0,5,2.0186,0.6359,3.204,0.3776
fp16,4,chat,2,2,0.5,3,0.4484,0.8814,1.4175,0.5658
fp16,4,chat,3,4,1.0,5,2.2205,0.5026,4.238,0.2151
fp16,4,chat,4,4,1.0,5,1.3297,0.7175,1.8925,0.6103
fp16,4,chat,5,4,1.0,5,1.0596,0.8012,1.735,0.6405
fp16,4,chat,6,4,1.0,5,0.4695,0.8993,0.6529,0.8368
fp16,4,chat,7,0,0.0,1,0.7483,0.8355,1.5953,0.5358
fp16,4,chat,8,3,0.75,4,1.1072,0.7942,1.7582,0.6212
fp16,4,chat,9,2,0.5,3,1.2588,0.6455,1.507,0.5307
fp16,4,chat,10,4,1.0,5,0.3405,0.9076,1.0443,0.6642
fp16,4,chat,11,4,1.0,5,0.616,0.8524,1.7157,0.498
fp16,4,chat,12,4,1.0,5,0.4596,0.8497,1.3582,0.4744
fp16,4,chat,13,4,1.0,5,0.4547,0.9213,0.7768,0.8564
fp16,4,chat,14,4,1.0,5,0.5205,0.9214,1.3407,0.7712
fp16,4,chat,15,4,1.0,5,0.4632,0.9228,1.6714,0.7113
fp16,4,chat,16,4,1.0,5,0.6869,0.818,1.7156,0.5732
fp16,4,chat,17,4,1.0,5,0.5077,0.9029,1.8647,0.628
fp16,4,chat,18,2,0.6666666666666666,3,0.7216,0.8897,0.9956,0.8221
fp16,4,chat,0,0,0.0,1,2.5076,0.6073,5.8648,0.1407
fp16,4,chat,1,0,0.0,1,3.3624,0.5945,5.9718,0.2455
fp16,4,chat,2,1,0.25,2,2.7625,0.5214,4.805,0.1887
fp16,4,chat,3,0,0.0,1,4.1583,0.3887,7.3705,0.0793
fp16,4,chat,4,0,0.0,1,4.1414,0.411,6.3041,0.1273
fp16,4,chat,5,1,0.25,2,3.0153,0.5039,5.5545,0.1994
fp16,4,chat,6,4,1.0,5,3.3745,0.3976,4.0903,0.3501
fp16,4,chat,7,3,0.75,4,2.0734,0.5784,3.2365,0.3384
fp16,4,chat,8,2,0.5,3,1.3843,0.7373,2.6172,0.5077
fp16,4,chat,9,3,0.75,4,1.5944,0.6727,2.6976,0.3275
fp16,4,chat,10,0,0.0,1,1.7654,0.6789,4.347,0.2859
fp16,4,chat,11,0,0.0,1,1.7144,0.7244,4.847,0.4457
fp16,4,chat,12,0,0.0,1,4.0025,0.3417,5.4605,0.1502
fp16,4,chat,13,4,1.0,5,4.2511,0.3259,5.3101,0.1651
fp16,4,chat,14,2,0.5,3,3.5209,0.3392,4.4402,0.1903
fp16,4,chat,15,2,0.5,3,1.8309,0.6481,3.7843,0.3433
fp16,4,chat,16,0,0.0,1,2.2556,0.5537,3.5668,0.3848
fp16,4,chat,17,0,0.0,1,2.3253,0.5881,3.4685,0.3265
fp16,4,chat,18,2,0.5,3,2.9334,0.51,5.0266,0.1776
fp16,4,chat,19,3,0.75,4,1.9596,0.6513,3.5299,0.3702
fp16,4,chat,20,4,1.0,5,0.8683,0.8165,3.219,0.3068
fp16,4,chat,21,4,1.0,5,0.0101,0.9993,0.0182,0.9987
fp16,4,chat,22,4,1.0,5,0.1476,0.9777,0.5237,0.9166
fp16,4,chat,23,4,1.0,5,0.4751,0.9323,1.4358,0.8014
fp16,4,chat,24,4,1.0,5,1.0735,0.8035,2.6411,0.4553
fp16,4,chat,25,4,1.0,5,0.6079,0.87,1.6171,0.5776
fp16,4,chat,26,3,1.0,4,0.1489,0.9865,0.2174,0.9782
fp16,4,chat,0,0,0.0,1,3.0464,0.4621,5.9342,0.1548
fp16,4,chat,1,0,0.0,1,2.792,0.5113,5.0861,0.1782
fp16,4,chat,2,3,0.75,4,1.6242,0.6785,2.7283,0.4412
fp16,4,chat,3,4,1.0,5,0.7037,0.8273,1.7349,0.4617
fp16,4,chat,4,4,1.0,5,1.4815,0.713,1.7942,0.6204
fp16,4,chat,5,4,1.0,5,0.812,0.873,1.2182,0.8196
fp16,4,chat,6,1,0.25,2,2.4983,0.5945,3.2119,0.507
fp16,4,chat,7,3,0.75,4,0.9876,0.7725,2.5049,0.3375
fp16,4,chat,8,4,1.0,5,0.2401,0.9702,0.4985,0.9396
fp16,4,chat,9,2,0.5,3,1.9532,0.6106,2.8891,0.3929
fp16,4,chat,10,4,1.0,5,1.0429,0.8166,2.5003,0.5197
fp16,4,chat,11,1,0.25,2,2.243,0.4614,4.324,0.2605
fp16,4,chat,12,4,1.0,5,1.3182,0.7534,2.9183,0.4771
fp16,4,chat,13,4,1.0,5,1.6105,0.6741,2.3886,0.4338
fp16,4,chat,14,4,1.0,5,1.6701,0.6171,2.1338,0.4152
fp16,4,chat,15,0,0.0,1,1.1095,0.7598,2.8699,0.4468
fp16,4,chat,16,1,0.25,2,2.3959,0.5268,4.4586,0.173
fp16,4,chat,17,4,1.0,5,1.2781,0.752,3.0339,0.3654
fp16,4,chat,18,4,1.0,5,0.4978,0.9067,1.8995,0.6334
fp16,4,chat,19,1,0.25,2,1.5702,0.6533,2.6308,0.4817
fp16,4,chat,20,4,1.0,5,1.0316,0.8043,2.1906,0.6404
fp16,4,chat,21,1,0.3333333333333333,2,1.9083,0.5855,2.5833,0.3811
fp16,4,chat,22,0,0.0,1,1.0576,0.5348,1.0576,0.5348
fp16,4,summarization,0,0,0.0,1,1.962,0.734,4.065,0.3964
fp16,4,summarization,1,0,0.0,1,1.7027,0.7409,4.488,0.2545
fp16,4,summarization,2,0,0.0,1,1.5589,0.7603,4.4824,0.228
fp16,4,summarization,3,1,0.25,2,1.8924,0.6661,3.6413,0.3067
fp16,4,summarization,4,4,1.0,5,0.4191,0.9403,1.088,0.8422
fp16,4,summarization,5,1,0.25,2,0.5263,0.8341,1.4136,0.4749
fp16,4,summarization,6,0,0.0,1,1.3916,0.7694,2.6046,0.5422
fp16,4,summarization,7,4,1.0,5,1.6174,0.7387,3.3946,0.403
fp16,4,summarization,8,0,0.0,1,1.3327,0.7964,3.4817,0.449
fp16,4,summarization,9,4,1.0,5,0.2817,0.9662,0.8839,0.8896
fp16,4,summarization,10,1,0.25,2,1.3887,0.7013,2.1246,0.4767
fp16,4,summarization,11,4,1.0,5,1.8234,0.5866,3.0485,0.4341
fp16,4,summarization,12,1,0.25,2,0.5437,0.8799,1.1713,0.6491
fp16,4,summarization,13,4,1.0,5,0.8557,0.7881,1.907,0.446
fp16,4,summarization,14,4,1.0,5,1.1152,0.7973,1.8661,0.6399
fp16,4,summarization,15,4,1.0,5,1.6792,0.7134,2.762,0.4883
fp16,4,summarization,16,0,0.0,1,1.6743,0.7007,2.6481,0.5282
fp16,4,summarization,17,4,1.0,5,1.4832,0.7751,3.3456,0.4649
fp16,4,summarization,18,4,1.0,5,1.0139,0.7893,2.0671,0.5268
fp16,4,summarization,19,1,0.25,2,0.6696,0.8148,1.3014,0.5018
fp16,4,summarization,20,4,1.0,5,0.1295,0.9884,0.435,0.9608
fp16,4,summarization,21,1,0.25,2,1.3342,0.7162,2.7897,0.3723
fp16,4,summarization,22,0,0.0,1,0.6824,0.8078,1.6632,0.501
fp16,4,summarization,23,3,0.75,4,1.2292,0.7521,3.7756,0.2265
fp16,4,summarization,24,4,1.0,5,0.7134,0.867,2.685,0.4855
fp16,4,summarization,25,2,1.0,3,0.4983,0.8447,0.9951,0.6896
fp16,4,summarization,0,0,0.0,1,3.5464,0.4368,5.3413,0.2116
fp16,4,summarization,1,3,0.75,4,3.3399,0.3351,4.5789,0.1954
fp16,4,summarization,2,4,1.0,5,0.6508,0.8935,1.9929,0.6665
fp16,4,summarization,3,4,1.0,5,0.4398,0.9408,1.0929,0.841
fp16,4,summarization,4,4,1.0,5,0.0685,0.992,0.188,0.9759
fp16,4,summarization,5,4,1.0,5,0.2718,0.9031,1.0817,0.6128
fp16,4,summarization,6,4,1.0,5,0.8627,0.7785,2.0171,0.3545
fp16,4,summarization,7,4,1.0,5,0.0932,0.9852,0.3588,0.9416
fp16,4,summarization,8,4,1.0,5,0.5575,0.8796,1.3906,0.6255
fp16,4,summarization,9,4,1.0,5,0.4623,0.8559,1.0331,0.5256
fp16,4,summarization,10,4,1.0,5,0.0647,0.9935,0.1447,0.9848
fp16,4,summarization,11,4,1.0,5,0.8652,0.7977,2.5455,0.3767
fp16,4,summarization,12,4,1.0,5,0.4422,0.9304,1.1004,0.8081
fp16,4,summarization,13,4,1.0,5,0.6564,0.8355,1.5105,0.4704
fp16,4,summarization,14,0,0.0,1,0.4739,0.8961,1.7021,0.611
fp16,4,summarization,15,4,1.0,5,1.0189,0.8282,2.3116,0.5594
fp16,4,summarization,16,4,1.0,5,0.2897,0.9602,0.6993,0.8983
fp16,4,summarization,17,4,1.0,5,0.2023,0.9687,0.4927,0.9177
fp16,4,summarization,0,0,0.0,1,2.6883,0.5797,5.9156,0.1209
fp16,4,summarization,1,4,1.0,5,2.1189,0.6733,2.7015,0.516
fp16,4,summarization,2,3,0.75,4,1.0096,0.7859,1.598,0.5848
fp16,4,summarization,3,4,1.0,5,1.302,0.7662,3.315,0.3406
fp16,4,summarization,4,4,1.0,5,1.3124,0.7446,2.1345,0.5063
fp16,4,summarization,5,4,1.0,5,1.6953,0.6738,2.6424,0.4246
fp16,4,summarization,6,1,0.25,2,2.4341,0.5519,4.3556,0.2942
fp16,4,summarization,7,1,0.25,2,2.5069,0.5419,5.997,0.1495
fp16,4,summarization,8,1,0.25,2,3.6699,0.4059,6.2234,0.1478
fp16,4,summarization,9,0,0.0,1,2.0266,0.6773,4.2256,0.355
fp16,4,summarization,10,1,0.25,2,2.442,0.6001,3.9618,0.2757
fp16,4,summarization,11,2,0.5,3,1.4717,0.7298,3.1996,0.2797
fp16,4,summarization,12,0,0.0,1,1.7329,0.6675,2.1261,0.5532
fp16,4,summarization,13,4,1.0,5,1.5997,0.5933,2.3052,0.4187
fp16,4,summarization,14,4,1.0,5,0.8779,0.825,1.8237,0.6184
fp16,4,summarization,15,0,0.0,1,1.6108,0.5814,2.687,0.3503
fp16,4,summarization,16,4,1.0,5,0.8094,0.8261,1.9421,0.5445
fp16,4,summarization,17,2,0.5,3,1.3747,0.6938,2.312,0.3866
fp16,4,summarization,18,4,1.0,5,1.4786,0.6685,2.3212,0.4589
fp16,4,summarization,19,4,1.0,5,0.8472,0.8858,3.3804,0.5437
fp16,4,summarization,20,4,1.0,5,1.4395,0.7068,3.2224,0.4791
fp16,4,summarization,21,1,0.25,2,1.5482,0.6694,2.1805,0.4755
fp16,4,summarization,22,2,0.5,3,2.846,0.5027,4.7185,0.2059
fp16,4,summarization,23,3,1.0,4,1.578,0.7269,2.9494,0.4821
fp16,4,summarization,0,0,0.0,1,2.0251,0.609,3.334,0.313
fp16,4,summarization,1,0,0.0,1,1.926,0.6908,6.2821,0.171
fp16,4,summarization,2,4,1.0,5,2.3109,0.635,3.9116,0.3591
fp16,4,summarization,3,0,0.0,1,1.8248,0.6615,3.123,0.388
fp16,4,summarization,4,1,0.25,2,2.1974,0.4816,2.8458,0.3394
fp16,4,summarization,5,4,1.0,5,1.7845,0.5827,2.5537,0.4126
fp16,4,summarization,6,0,0.0,1,2.814,0.4289,3.4915,0.3542
fp16,4,summarization,7,4,1.0,5,1.7104,0.7534,3.2519,0.5361
fp16,4,summarization,8,2,0.5,3,0.6098,0.8728,1.4682,0.701
fp16,4,summarization,9,4,1.0,5,1.4289,0.6958,2.1859,0.4465
fp16,4,summarization,10,4,1.0,5,1.2654,0.7479,1.4019,0.6691
fp16,4,summarization,11,4,1.0,5,0.5468,0.9014,1.1571,0.7881
fp16,4,summarization,12,4,1.0,5,0.2534,0.9546,0.5213,0.9074
fp16,4,summarization,13,4,1.0,5,0.9914,0.7688,1.8307,0.5291
fp16,4,summarization,14,4,1.0,5,0.9973,0.7619,2.4652,0.3658
fp16,4,summarization,15,0,0.0,1,0.666,0.8417,2.0582,0.4626
fp16,4,summarization,16,4,1.0,5,0.3302,0.91,0.9159,0.6911
fp16,4,summarization,17,4,1.0,5,1.1774,0.7758,2.5821,0.6096
fp16,4,summarization,18,4,1.0,5,0.6216,0.8797,0.85,0.7459
fp16,4,summarization,19,4,1.0,5,0.5208,0.9204,2.0322,0.6848
fp16,4,summarization,20,4,1.0,5,1.6834,0.6902,3.0664,0.461
fp16,4,summarization,0,0,0.0,1,3.5471,0.4669,5.3211,0.2637
fp16,4,summarization,1,0,0.0,1,1.8002,0.6533,5.3234,0.2672
fp16,4,summarization,2,4,1.0,5,1.157,0.8009,2.5388,0.4175
fp16,4,summarization,3,4,1.0,5,1.1478,0.7704,2.0832,0.45
fp16,4,summarization,4,4,1.0,5,0.2353,0.9451,0.7325,0.8002
fp16,4,summarization,5,4,1.0,5,0.1591,0.9747,0.5971,0.9022
fp16,4,summarization,6,4,1.0,5,0.5866,0.9004,1.6069,0.6929
fp16,4,summarization,7,2,0.5,3,0.5512,0.8864,0.863,0.7183
fp16,4,summarization,8,4,1.0,5,0.5371,0.9228,0.9538,0.8501
fp16,4,summarization,9,4,1.0,5,0.3461,0.9353,0.778,0.8317
fp16,4,summarization,10,4,1.0,5,0.5554,0.8549,1.3307,0.5901
fp16,4,summarization,11,1,0.25,2,0.1981,0.9555,0.655,0.8367
fp16,4,summarization,12,4,1.0,5,0.7903,0.8504,1.046,0.7747
fp16,4,summarization,13,3,0.75,4,0.669,0.8627,1.6979,0.5883
fp16,4,summarization,14,4,1.0,5,0.3346,0.9474,0.6263,0.8943
fp16,4,summarization,15,1,0.25,2,1.236,0.8108,3.1435,0.4325
fp16,4,summarization,16,1,0.25,2,1.7297,0.7085,3.6651,0.4769
fp16,4,summarization,17,4,1.0,5,1.4744,0.7555,1.8987,0.6585
fp16,4,summarization,18,4,1.0,5,0.286,0.9668,0.8991,0.9016
fp16,4,summarization,19,2,0.5,3,0.947,0.8034,2.2495,0.3972
fp16,4,summarization,20,1,0.5,2,1.6585,0.6049,2.3362,0.3218
fp16,6,code,0,0,0.0,1,2.1051,0.5726,2.956,0.3268
fp16,6,code,1,0,0.0,1,1.6155,0.652,3.8145,0.2022
fp16,6,code,2,0,0.0,1,0.9167,0.7763,1.6901,0.4793
fp16,6,code,3,6,1.0,7,0.6192,0.9196,2.2643,0.7033
fp16,6,code,4,6,1.0,7,1.4387,0.6908,2.677,0.4534
fp16,6,code,5,6,1.0,7,0.8582,0.7965,1.9158,0.4496
fp16,6,code,6,2,0.3333333333333333,3,1.0961,0.7548,1.8008,0.4824
fp16,6,code,7,6,1.0,7,0.526,0.8991,2.7081,0.4734
fp16,6,code,8,6,1.0,7,1.0766,0.7664,2.8258,0.3902
fp16,6,code,9,2,0.3333333333333333,3,0.6894,0.8227,1.4762,0.566
fp16,6,code,10,2,0.3333333333333333,3,0.304,0.9042,1.4303,0.4662
fp16,6,code,11,6,1.0,7,0.2052,0.9711,0.5497,0.908
fp16,6,code,12,6,1.0,7,0.3907,0.8905,1.641,0.4638
fp16,6,code,13,5,0.8333333333333334,6,0.5567,0.8826,3.3341,0.2963
fp16,6,code,14,6,1.0,7,0.4518,0.8947,1.313,0.5422
fp16,6,code,15,0,0.0,1,0.9805,0.7522,3.3217,0.2341
fp16,6,code,16,0,0.0,1,1.2891,0.7021,2.8714,0.3961
fp16,6,code,17,4,1.0,5,0.3973,0.89,1.1319,0.6145
fp16,6,code,0,0,0.0,1,1.5214,0.7341,4.4177,0.239
fp16,6,code,1,0,0.0,1,2.6488,0.5117,3.9576,0.2655
fp16,6,code,2,2,0.3333333333333333,3,2.4471,0.4514,4.6765,0.2482
fp16,6,code,3,6,1.0,7,1.269,0.7722,3.7705,0.3955
fp16,6,code,4,6,1.0,7,0.1276,0.9785,0.5904,0.8865
fp16,6,code,5,6,1.0,7,0.3789,0.9098,1.1484,0.7417
fp16,6,code,6,6,1.0,7,0.0187,0.9983,0.0786,0.9919
fp16,6,code,7,6,1.0,7,0.1945,0.9396,1.0371,0.6477
fp16,6,code,8,6,1.0,7,0.0057,0.9995,0.0287,0.9972
fp16,6,code,9,6,1.0,7,0.1019,0.9859,0.2539,0.9593
fp16,6,code,10,6,1.0,7,0.3082,0.9409,1.2284,0.7196
fp16,6,code,11,6,1.0,7,0.0758,0.9897,0.3559,0.9488
fp16,6,code,12,6,1.0,7,0.0291,0.9965,0.12,0.9838
fp16,6,code,13,5,1.0,6,0.2011,0.9681,0.555,0.9106
fp16,6,code,0,0,0.0,1,2.1037,0.5103,3.5453,0.3337
fp16,6,code,1,0,0.0,1,1.3612,0.705,3.2086,0.2209
fp16,6,code,2,6,1.0,7,0.5736,0.8759,1.451,0.5584
fp16,6,code,3,3,0.5,4,0.7518,0.8624,2.5283,0.5888
fp16,6,code,4,3,0.5,4,0.6323,0.8284,1.5532,0.466
fp16,6,code,5,6,1.0,7,0.2787,0.9529,0.8785,0.8213
fp16,6,code,6,6,1.0,7,0.2156,0.9269,0.9763,0.6108
fp16,6,code,7,0,0.0,1,0.5487,0.8224,1.4479,0.4778
fp16,6,code,8,6,1.0,7,0.0947,0.9821,0.465,0.9018
fp16,6,code,9,6,1.0,7,0.037,0.995,0.1849,0.9725
fp16,6,code,10,6,1.0,7,0.4171,0.889,0.9463,0.6439
fp16,6,code,11,4,0.6666666666666666,5,0.4196,0.9053,1.2569,0.6591
fp16,6,code,12,2,0.3333333333333333,3,0.2374,0.9265,1.0448,0.6118
fp16,6,code,13,6,1.0,7,0.1933,0.9193,0.9972,0.5351
fp16,6,code,14,6,1.0,7,0.17,0.943,0.9875,0.6607
fp16,6,code,15,5,1.0,6,0.021,0.9974,0.0958,0.9879
fp16,6,code,0,0,0.0,1,1.7897,0.6659,3.4343,0.4138
fp16,6,code,1,0,0.0,1,0.3324,0.9129,1.8393,0.4915
fp16,6,code,2,1,0.16666666666666666,2,1.1522,0.7724,2.9611,0.3842
fp16,6,code,3,0,0.0,1,1.4854,0.6369,2.8188,0.3593
fp16,6,code,4,6,1.0,7,0.3861,0.9454,0.7047,0.8808
fp16,6,code,5,6,1.0,7,0.3263,0.942,0.8562,0.7936
fp16,6,code,6,2,0.3333333333333333,3,1.081,0.6986,2.5015,0.3349
fp16,6,code,7,0,0.0,1,0.4971,0.9063,2.954,0.4401
fp16,6,code,8,6,1.0,7,0.4935,0.9085,1.6606,0.7055
fp16,6,code,9,6,1.0,7,0.0123,0.9991,0.0697,0.9947
fp16,6,code,10,6,1.0,7,0.1476,0.9795,0.7073,0.8924
fp16,6,code,11,5,0.8333333333333334,6,0.3242,0.9211,1.095,0.7315
fp16,6,code,12,6,1.0,7,0.3634,0.9115,1.2943,0.6896
fp16,6,code,13,6,1.0,7,0.4207,0.9228,0.9479,0.8321
fp16,6,code,14,6,1.0,7,0.2036,0.955,0.7805,0.7741
fp16,6,code,15,6,1.0,7,0.0245,0.9977,0.0813,0.9909
fp16,6,code,16,2,1.0,3,0.1334,0.9811,0.2665,0.9622
fp16,6,code,0,0,0.0,1,3.1211,0.4405,5.0229,0.2013
fp16,6,code,1,0,0.0,1,3.1397,0.5687,7.5202,0.2599
fp16,6,code,2,0,0.0,1,1.3585,0.7565,4.0384,0.5451
fp16,6,code,3,4,0.6666666666666666,5,1.3565,0.716,3.3497,0.4142
fp16,6,code,4,4,0.6666666666666666,5,2.7689,0.5475,4.7612,0.2982
fp16,6,code,5,0,0.0,1,1.946,0.6873,5.5304,0.259
fp16,6,code,6,0,0.0,1,1.9438,0.6784,5.23,0.2669
fp16,6,code,7,6,1.0,7,1.0455,0.7893,2.3733,0.4974
fp16,6,code,8,6,1.0,7,0.5501,0.9106,1.2483,0.7813
fp16,6,code,9,4,0.6666666666666666,5,0.3338,0.9406,1.2922,0.7184
fp16,6,code,10,3,0.5,4,0.615,0.8628,1.9036,0.4825
fp16,6,code,11,6,1.0,7,0.1285,0.9866,0.3516,0.9648
fp16,6,code,12,3,0.5,4,0.8064,0.8677,1.8659,0.6178
fp16,6,code,13,6,1.0,7,0.2678,0.9529,1.1957,0.7521
fp16,6,code,14,6,1.0,7,0.4077,0.9502,1.6927,0.7934
fp16,6,code,15,3,0.5,4,1.1983,0.741,2.7966,0.3703
fp16,6,code,16,6,1.0,7,0.1647,0.9798,0.5216,0.9406
fp16,6,code,17,6,1.0,7,0.2291,0.9705,0.6039,0.8956
fp16,6,math,0,0,0.0,1,1.2327,0.8208,5.3144,0.2207
fp16,6,math,1,0,0.0,1,1.3763,0.8005,4.4918,0.4258
fp16,6,math,2,4,0.6666666666666666,5,0.4535,0.9002,2.6622,0.4067
fp16,6,math,3,6,1.0,7,0.6028,0.7816,1.2471,0.5126
fp16,6,math,4,6,1.0,7,0.0257,0.9966,0.15,0.9796
fp16,6,math,5,6,1.0,7,0.111,0.972,0.6654,0.8323
fp16,6,math,6,6,1.0,7,0.1724,0.9506,1.0287,0.7042
fp16,6,math,7,6,1.0,7,0.3006,0.9115,0.9349,0.6513
fp16,6,math,8,4,0.6666666666666666,5,0.4874,0.8881,0.9336,0.6742
fp16,6,math,9,1,0.16666666666666666,2,0.7166,0.7928,1.402,0.508
fp16,6,math,10,1,0.16666666666666666,2,0.6776,0.8196,1.205,0.5538
fp16,6,math,11,6,1.0,7,0.2457,0.9371,1.469,0.6232
fp16,6,math,12,6,1.0,7,0.8348,0.7945,2.0033,0.3606
fp16,6,math,13,6,1.0,7,0.1675,0.9624,0.6175,0.8478
fp16,6,math,14,6,1.0,7,0.1054,0.9787,0.6321,0.872
fp16,6,math,15,1,1.0,2,0.0001,1.0,0.0001,1.0
fp16,6,math,0,0,0.0,1,1.3256,0.783,4.1051,0.2502
fp16,6,math,1,6,1.0,7,0.151,0.9796,0.644,0.8998
fp16,6,math,2,6,1.0,7,0.498,0.8763,1.8393,0.4738
fp16,6,math,3,6,1.0,7,0.4361,0.9004,1.279,0.6586
fp16,6,math,4,0,0.0,1,0.4528,0.8589,1.0376,0.5401
fp16,6,math,5,6,1.0,7,0.4597,0.8709,1.1481,0.5349
fp16,6,math,6,6,1.0,7,0.0021,0.9998,0.0095,0.9993
fp16,6,math,7,6,1.0,7,0.6307,0.8372,2.1614,0.423
fp16,6,math,8,6,1.0,7,0.1271,0.9661,0.7229,0.8006
fp16,6,math,9,6,1.0,7,0.0107,0.9988,0.0628,0.9926
fp16,6,math,10,6,1.0,7,0.0306,0.9962,0.1275,0.9835
fp16,6,math,11,4,0.6666666666666666,5,0.3913,0.8677,1.1995,0.5028
fp16,6,math,12,2,0.3333333333333333,3,0.4597,0.8754,1.2905,0.496
fp16,6,math,13,6,1.0,7,0.4617,0.9097,0.914,0.792
fp16,6,math,0,6,1.0,7,1.1072,0.8436,5.7299,0.1567
fp16,6,math,1,1,0.16666666666666666,2,0.4914,0.8456,1.5918,0.5237
fp16,6,math,2,6,1.0,7,0.4902,0.8717,1.7255,0.5018
fp16,6,math,3,6,1.0,7,0.3866,0.8827,1.2,0.5396
fp16,6,math,4,6,1.0,7,0.0573,0.9924,0.2077,0.968
fp16,6,math,5,6,1.0,7,0.1836,0.9493,0.9361,0.7188
fp16,6,math,6,0,0.0,1,0.4709,0.8391,1.004,0.6154
fp16,6,math,7,6,1.0,7,0.2366,0.9427,0.7409,0.795
fp16,6,math,8,6,1.0,7,0.0894,0.9852,0.5354,0.9115
fp16,6,math,9,6,1.0,7,0.003,0.9998,0.0134,0.9989
fp16,6,math,10,6,1.0,7,0.1348,0.9623,0.8035,0.7739
fp16,6,math,11,6,1.0,7,0.2787,0.9174,0.992,0.6133
fp16,6,math,12,3,0.5,4,0.6509,0.8302,2.0268,0.4856
fp16,6,math,13,2,0.6666666666666666,3,1.1024,0.6869,1.7152,0.4932
fp16,6,math,0,6,1.0,7,0.9454,0.8618,5.2598,0.2092
fp16,6,math,1,6,1.0,7,0.0302,0.9971,0.0919,0.9911
fp16,6,math,2,6,1.0,7,0.6141,0.7973,1.8885,0.4029
fp16,6,math,3,6,1.0,7,0.3938,0.9075,1.1335,0.7049
fp16,6,math,4,6,1.0,7,0.3301,0.9114,1.9788,0.4687
fp16,6,math,5,6,1.0,7,0.0955,0.9778,0.5699,0.8668
fp16,6,math,6,6,1.0,7,0.0312,0.9955,0.1791,0.9737
fp16,6,math,7,6,1.0,7,0.0812,0.9851,0.4866,0.9106
fp16,6,math,8,6,1.0,7,0.4797,0.9033,1.8377,0.5773
fp16,6,math,9,6,1.0,7,0.5555,0.8438,1.404,0.5808
fp16,6,math,10,6,1.0,7,0.3542,0.9107,1.0094,0.7461
fp16,6,math,11,3,1.0,4,0.004,0.9997,0.0113,0.9991
fp16,6,math,0,1,0.16666666666666666,2,3.2785,0.4304,5.7449,0.1548
fp16,6,math,1,4,0.6666666666666666,5,1.7082,0.6001,2.5606,0.339
fp16,6,math,2,6,1.0,7,1.3572,0.7366,2.1558,0.5518
fp16,6,math,3,6,1.0,7,0.3143,0.9106,1.0924,0.5501
fp16,6,math,4,6,1.0,7,1.2908,0.7639,3.6175,0.451
fp16,6,math,5,1,0.16666666666666666,2,1.1319,0.7568,2.834,0.3603
fp16,6,math,6,1,0.16666666666666666,2,1.6234,0.6627,2.5867,0.3561
fp16,6,math,7,6,1.0,7,0.1843,0.9698,0.6213,0.8811
fp16,6,math,8,6,1.0,7,0.0224,0.9978,0.0643,0.9931
fp16,6,math,9,2,0.3333333333333333,3,0.3398,0.9371,1.2486,0.7015
fp16,6,math,10,5,0.8333333333333334,6,2.2444,0.4833,4.3769,0.2675
fp16,6,math,11,3,0.5,4,1.631,0.7149,6.383,0.1065
fp16,6,math,12,6,1.0,7,0.598,0.9123,2.3552,0.6416
fp16,6,math,13,6,1.0,7,0.9365,0.7578,2.1322,0.4631
fp16,6,math,14,1,0.16666666666666666,2,0.6873,0.773,1.4847,0.524
fp16,6,math,15,5,1.0,6,0.6586,0.8359,1.9988,0.4348
fp16,6,chat,0,0,0.0,1,2.5683,0.5081,5.2166,0.1926
fp16,6,chat,1,1,0.16666666666666666,2,3.1957,0.4944,5.8293,0.1895
fp16,6,chat,2,5,0.8333333333333334,6,2.4202,0.586,4.2139,0.4061
fp16,6,chat,3,1,0.16666666666666666,2,3.0274,0.3808,4.9265,0.2177
fp16,6,chat,4,2,0.3333333333333333,3,2.3355,0.5427,5.1501,0.1729
fp16,6,chat,5,3,0.5,4,1.917,0.587,3.8944,0.3164
fp16,6,chat,6,2,0.3333333333333333,3,0.6238,0.8364,1.3164,0.6483
fp16,6,chat,7,6,1.0,7,0.7373,0.818,1.4402,0.602
fp16,6,chat,8,6,1.0,7,1.069,0.762,2.0624,0.4359
fp16,6,chat,9,6,1.0,7,0.3944,0.9336,1.4421,0.7252
fp16,6,chat,10,6,1.0,7,0.2957,0.9541,0.5924,0.8852
fp16,6,chat,11,6,1.0,7,1.1227,0.7806,2.8403,0.4088
fp16,6,chat,12,2,0.3333333333333333,3,0.7582,0.7991,1.8655,0.4406
fp16,6,chat,13,6,1.0,7,0.1312,0.9816,0.7741,0.8904
fp16,6,chat,14,6,1.0,7,0.2002,0.9742,0.5057,0.9385
fp16,6,chat,15,5,0.8333333333333334,6,0.4981,0.8449,1.7649,0.5038
fp16,6,chat,16,1,1.0,2,1.0504,0.8115,1.0504,0.8115
fp16,6,chat,0,4,0.6666666666666666,5,1.6143,0.7388,4.0019,0.3763
fp16,6,chat,1,5,0.8333333333333334,6,2.2584,0.5889,3.5239,0.2537
fp16,6,chat,2,0,0.0,1,1.1499,0.7419,3.1572,0.2806
fp16,6,chat,3,2,0.3333333333333333,3,1.4121,0.68,2.8554,0.2982
fp16,6,chat,4,2,0.3333333333333333,3,2.2356,0.5748,4.7755,0.2405
fp16,6,chat,5,1,0.16666666666666666,2,3.2694,0.3998,4.0714,0.2027
fp16,6,chat,6,2,0.3333333333333333,3,2.0826,0.6836,4.836,0.2591
fp16,6,chat,7,0,0.0,1,2.5478,0.5401,3.952,0.3288
fp16,6,chat,8,2,0.3333333333333333,3,2.0586,0.6688,4.9084,0.3032
fp16,6,chat,9,0,0.0,1,0.5836,0.8888,1.1642,0.7124
fp16,6,chat,10,6,1.0,7,0.3874,0.9274,1.5357,0.655
fp16,6,chat,11,1,0.16666666666666666,2,1.6543,0.612,2.6168,0.37
fp16,6,chat,12,6,1.0,7,0.946,0.8289,2.4026,0.4333
fp16,6,chat,13,6,1.0,7,0.5191,0.8748,1.4629,0.6891
fp16,6,chat,14,5,0.8333333333333334,6,0.4166,0.9059,2.4146,0.4422
fp16,6,chat,15,2,0.3333333333333333,3,1.8522,0.6563,3.2478,0.5155
fp16,6,chat,16,0,0.0,1,1.96,0.6098,2.993,0.3119
fp16,6,chat,17,4,0.6666666666666666,5,1.5082,0.6606,3.2103,0.3173
fp16,6,chat,18,0,0.0,1,1.4799,0.7092,2.5555,0.5049
fp16,6,chat,19,2,0.3333333333333333,3,1.508,0.6787,3.0877,0.3717
fp16,6,chat,20,3,0.5,4,1.869,0.5802,3.4731,0.2178
fp16,6,chat,21,0,0.0,1,1.4987,0.673,3.4919,0.3818
fp16,6,chat,22,1,0.2,2,2.1141,0.6111,3.5705,0.315
fp16,6,chat,23,1,0.3333333333333333,2,2.4676,0.5243,4.277,0.2746
fp16,6,chat,24,1,1.0,2,0.6231,0.9358,0.6231,0.9358
fp16,6,chat,0,0,0.0,1,2.3641,0.6111,6.0682,0.2207
fp16,6,chat,1,6,1.0,7,1.3866,0.7526,3.204,0.3776
fp16,6,chat,2,0,0.0,1,0.7895,0.814,1.896,0.5177
fp16,6,chat,3,6,1.0,7,2.0999,0.5366,4.238,0.2151
fp16,6,chat,4,6,1.0,7,1.0916,0.7744,1.735,0.6405
fp16,6,chat,5,6,1.0,7,0.665,0.8489,2.112,0.4965
fp16,6,chat,6,3,0.5,4,0.9802,0.778,1.7582,0.4911
fp16,6,chat,7,2,0.3333333333333333,3,0.8407,0.7635,1.507,0.5307
fp16,6,chat,8,6,1.0,7,0.2439,0.937,1.0443,0.6642
fp16,6,chat,9,6,1.0,7,0.7184,0.8,1.7157,0.4744
fp16,6,chat,10,6,1.0,7,0.3048,0.9474,0.7768,0.8564
fp16,6,chat,11,6,1.0,7,0.5739,0.9052,1.6714,0.7113
fp16,6,chat,12,6,1.0,7,0.4731,0.8775,1.7156,0.5732
fp16,6,chat,13,6,1.0,7,0.6003,0.8849,1.8647,0.628
fp16,6,chat,14,0,0.0,1,0.9956,0.8221,0.9956,0.8221
fp16,6,chat,0,0,0.0,1,2.4423,0.6243,5.8648,0.1407
fp16,6,chat,1,0,0.0,1,3.7975,0.5015,5.9718,0.1765
fp16,6,chat,2,1,0.16666666666666666,2,2.9531,0.5153,5.5991,0.1704
fp16,6,chat,3,0,0.0,1,4.0466,0.3997,7.3705,0.0793
fp16,6,chat,4,0,0.0,1,3.3255,0.5102,6.3041,0.1273
fp16,6,chat,5,1,0.16666666666666666,2,3.5,0.4781,6.7444,0.1994
fp16,6,chat,6,4,0.6666666666666666,5,3.6074,0.3921,4.6013,0.2426
fp16,6,chat,7,3,0.5,4,2.1463,0.572,3.2365,0.3384
fp16,6,chat,8,2,0.3333333333333333,3,1.5003,0.7159,3.4463,0.3471
fp16,6,chat,9,3,0.5,4,1.7632,0.6758,4.1848,0.3275
fp16,6,chat,10,0,0.0,1,1.1829,0.7855,4.347,0.2859
fp16,6,chat,11,0,0.0,1,1.2615,0.8061,4.847,0.4457
fp16,6,chat,12,0,0.0,1,3.9793,0.3331,5.4605,0.1502
fp16,6,chat,13,4,0.6666666666666666,5,4.1275,0.319,5.3101,0.1651
fp16,6,chat,14,2,0.3333333333333333,3,3.1711,0.4226,4.4402,0.1903
fp16,6,chat,15,2,0.3333333333333333,3,1.2235,0.7652,3.7843,0.3433
fp16,6,chat,16,0,0.0,1,1.5069,0.7023,3.5668,0.3848
fp16,6,chat,17,0,0.0,1,1.8949,0.6558,3.4685,0.3265
fp16,6,chat,18,2,0.3333333333333333,3,2.2947,0.5837,5.0266,0.1776
fp16,6,chat,19,3,0.5,4,1.3071,0.7675,3.5299,0.3702
fp16,6,chat,20,6,1.0,7,0.5828,0.8774,3.219,0.3068
fp16,6,chat,21,6,1.0,7,0.1022,0.9849,0.5237,0.9166
fp16,6,chat,22,6,1.0,7,0.7343,0.8765,2.5009,0.53
fp16,6,chat,23,6,1.0,7,0.9692,0.8323,2.6411,0.4553
fp16,6,chat,24,5,1.0,6,0.3953,0.9016,1.5294,0.5486
fp16,6,chat,0,0,0.0,1,2.0412,0.6406,5.9342,0.1548
fp16,6,chat,1,0,0.0,1,1.9434,0.6583,5.0861,0.1782
fp16,6,chat,2,3,0.5,4,1.6813,0.618,2.7283,0.4412
fp16,6,chat,3,6,1.0,7,1.1957,0.7725,3.0712,0.4617
fp16,6,chat,4,6,1.0,7,1.1656,0.7701,1.7942,0.6204
fp16,6,chat,5,2,0.3333333333333333,3,2.1588,0.6679,3.2119,0.507
fp16,6,chat,6,3,0.5,4,0.6702,0.8475,2.5049,0.3375
fp16,6,chat,7,4,0.6666666666666666,5,1.1864,0.7534,3.1887,0.3062
fp16,6,chat,8,2,0.3333333333333333,3,2.0159,0.5721,2.8891,0.3929
fp16,6,chat,9,4,0.6666666666666666,5,1.1403,0.743,2.5003,0.3918
fp16,6,chat,10,1,0.16666666666666666,2,2.3482,0.4976,4.324,0.2605
fp16,6,chat,11,6,1.0,7,0.9452,0.829,2.9183,0.4771
fp16,6,chat,12,6,1.0,7,1.6521,0.6492,2.3886,0.4338
fp16,6,chat,13,1,0.16666666666666666,2,1.0377,0.7761,2.8699,0.4468
fp16,6,chat,14,1,0.16666666666666666,2,1.7569,0.6621,4.4586,0.173
fp16,6,chat,15,6,1.0,7,1.4292,0.7284,3.0339,0.3654
fp16,6,chat,16,4,0.6666666666666666,5,0.8796,0.8288,2.6308,0.4817
fp16,6,chat,17,6,1.0,7,1.1136,0.7686,2.1906,0.6338
fp16,6,chat,18,0,0.0,1,1.0576,0.5348,1.0576,0.5348
fp16,6,summarization,0,0,0.0,1,1.4297,0.8058,4.065,0.3964
fp16,6,summarization,1,0,0.0,1,1.1808,0.8211,4.488,0.2545
fp16,6,summarization,2,0,0.0,1,1.6005,0.7445,4.4824,0.228
fp16,6,summarization,3,1,0.16666666666666666,2,1.6024,0.7127,3.6413,0.3067
fp16,6,summarization,4,6,1.0,7,0.3888,0.9377,1.088,0.8422
fp16,6,summarization,5,0,0.0,1,1.0836,0.8185,2.6046,0.5422
fp16,6,summarization,6,5,0.8333333333333334,6,1.6586,0.7339,3.4817,0.403
fp16,6,summarization,7,6,1.0,7,0.4408,0.9339,1.5082,0.7394
fp16,6,summarization,8,6,1.0,7,1.3392,0.7082,3.0485,0.4341
fp16,6,summarization,9,6,1.0,7,0.6387,0.8475,1.907,0.446
fp16,6,summarization,10,6,1.0,7,1.4812,0.7654,2.762,0.4883
fp16,6,summarization,11,0,0.0,1,1.3333,0.7047,2.8362,0.3073
fp16,6,summarization,12,0,0.0,1,1.357,0.77,2.6481,0.5282
fp16,6,summarization,13,6,1.0,7,1.3488,0.7868,3.3456,0.4649
fp16,6,summarization,14,4,0.6666666666666666,5,0.7838,0.7976,1.9855,0.5018
fp16,6,summarization,15,6,1.0,7,0.4417,0.925,1.4462,0.6846
fp16,6,summarization,16,0,0.0,1,0.8766,0.7633,1.805,0.4901
fp16,6,summarization,17,3,0.5,4,0.82,0.8347,3.7756,0.2265
fp16,6,summarization,18,6,1.0,7,0.476,0.9113,2.685,0.4855
fp16,6,summarization,0,0,0.0,1,2.9735,0.4929,5.3413,0.2116
fp16,6,summarization,1,3,0.5,4,2.7692,0.4651,4.5789,0.1954
fp16,6,summarization,2,4,0.6666666666666666,5,0.9829,0.7985,2.0833,0.5521
fp16,6,summarization,3,6,1.0,7,0.4948,0.9247,1.128,0.7929
fp16,6,summarization,4,6,1.0,7,0.0058,0.9995,0.0244,0.9979
fp16,6,summarization,5,0,0.0,1,0.6406,0.8414,1.8828,0.3716
fp16,6,summarization,6,6,1.0,7,0.6409,0.8421,2.0171,0.3545
fp16,6,summarization,7,6,1.0,7,0.3301,0.9282,1.3906,0.6255
fp16,6,summarization,8,6,1.0,7,0.4415,0.8867,1.0331,0.5256
fp16,6,summarization,9,6,1.0,7,0.0464,0.9958,0.1539,0.9865
fp16,6,summarization,10,6,1.0,7,0.7333,0.848,2.5455,0.3767
fp16,6,summarization,11,5,0.8333333333333334,6,0.8064,0.8175,1.7021,0.4704
fp16,6,summarization,12,6,1.0,7,0.8294,0.8592,2.3116,0.5594
fp16,6,summarization,13,6,1.0,7,0.1543,0.9769,0.4927,0.9177
fp16,6,summarization,0,0,0.0,1,2.3118,0.5966,5.9156,0.1209
fp16,6,summarization,1,6,1.0,7,1.6318,0.7369,2.7015,0.516
fp16,6,summarization,2,1,0.16666666666666666,2,1.0327,0.7953,3.347,0.3512
fp16,6,summarization,3,6,1.0,7,0.8752,0.8434,3.315,0.3406
fp16,6,summarization,4,6,1.0,7,1.6503,0.6814,2.6142,0.3458
fp16,6,summarization,5,2,0.3333333333333333,3,2.0851,0.5854,4.3556,0.2942
fp16,6,summarization,6,1,0.16666666666666666,2,2.1945,0.5937,5.997,0.1495
fp16,6,summarization,7,1,0.16666666666666666,2,2.7708,0.5674,6.2234,0.1478
fp16,6,summarization,8,0,0.0,1,2.2084,0.5755,4.2256,0.3457
fp16,6,summarization,9,1,0.16666666666666666,2,2.2011,0.6491,3.9618,0.2757
fp16,6,summarization,10,2,0.3333333333333333,3,1.5597,0.69,3.1996,0.2797
fp16,6,summarization,11,0,0.0,1,1.2971,0.7542,2.1261,0.5532
fp16,6,summarization,12,6,1.0,7,1.6602,0.6387,2.3052,0.4187
fp16,6,summarization,13,3,0.5,4,1.1947,0.7211,2.687,0.3503
fp16,6,summarization,14,6,1.0,7,0.7527,0.8223,1.9421,0.5445
fp16,6,summarization,15,0,0.0,1,1.2697,0.6714,2.1211,0.3866
fp16,6,summarization,16,6,1.0,7,0.986,0.779,2.3212,0.4589
fp16,6,summarization,17,6,1.0,7,1.6813,0.7026,3.3804,0.4791
fp16,6,summarization,18,2,0.3333333333333333,3,1.2159,0.7439,2.1805,0.4755
fp16,6,summarization,19,2,0.3333333333333333,3,2.1299,0.6138,4.7185,0.2059
fp16,6,summarization,20,3,1.0,4,1.578,0.7269,2.9494,0.4821
fp16,6,summarization,0,0,0.0,1,1.7911,0.6353,3.334,0.313
fp16,6,summarization,1,0,0.0,1,2.3328,0.6197,6.2821,0.171
fp16,6,summarization,2,5,0.8333333333333334,6,2.6238,0.593,3.9116,0.3591
fp16,6,summarization,3,1,0.16666666666666666,2,1.9087,0.534,2.8458,0.3394
fp16,6,summarization,4,5,0.8333333333333334,6,2.1211,0.5683,3.4915,0.3815
fp16,6,summarization,5,4,0.6666666666666666,5,2.0033,0.6615,3.5526,0.1676
fp16,6,summarization,6,2,0.3333333333333333,3,0.4117,0.9149,1.4682,0.701
fp16,6,summarization,7,6,1.0,7,1.381,0.6892,2.1859,0.4465
fp16,6,summarization,8,6,1.0,7,0.8013,0.8609,1.3502,0.7715
fp16,6,summarization,9,6,1.0,7,0.2528,0.9576,0.5213,0.9074
fp16,6,summarization,10,6,1.0,7,0.6498,0.8713,1.8307,0.6417
fp16,6,summarization,11,2,0.3333333333333333,3,0.9036,0.7824,2.4652,0.3658
fp16,6,summarization,12,6,1.0,7,0.221,0.9399,0.9159,0.6911
fp16,6,summarization,13,2,0.3333333333333333,3,1.1539,0.7938,2.5821,0.5134
fp16,6,summarization,14,6,1.0,7,0.4218,0.9194,0.85,0.7459
fp16,6,summarization,15,6,1.0,7,1.3024,0.7697,3.0664,0.461
fp16,6,summarization,16,1,1.0,2,1.0785,0.8232,1.0785,0.8232
fp16,6,summarization,0,0,0.0,1,2.9063,0.5692,5.3211,0.2637
fp16,6,summarization,1,0,0.0,1,1.4958,0.6947,5.3234,0.2672
fp16,6,summarization,2,6,1.0,7,0.7753,0.8671,2.5388,0.4175
fp16,6,summarization,3,6,1.0,7,0.5448,0.8836,2.0832,0.45
fp16,6,summarization,4,6,1.0,7,0.2886,0.928,1.0858,0.6697
fp16,6,summarization,5,6,1.0,7,0.7237,0.8493,1.9263,0.4991
fp16,6,summarization,6,6,1.0,7,0.6597,0.8991,1.2403,0.791
fp16,6,summarization,7,6,1.0,7,0.4214,0.8949,1.3307,0.5901
fp16,6,summarization,8,2,0.3333333333333333,3,0.389,0.9013,1.3361,0.6061
fp16,6,summarization,9,6,1.0,7,0.8357,0.8194,1.046,0.6423
fp16,6,summarization,10,1,0.16666666666666666,2,1.2904,0.747,3.378,0.3448
fp16,6,summarization,11,4,0.6666666666666666,5,1.0738,0.7934,3.7711,0.2694
fp16,6,summarization,12,1,0.16666666666666666,2,1.0071,0.8431,3.1435,0.4325
fp16,6,summarization,13,1,0.16666666666666666,2,1.7565,0.6667,3.6651,0.4769
fp16,6,summarization,14,6,1.0,7,1.2835,0.7727,1.8987,0.6157
fp16,6,summarization,15,2,0.3333333333333333,3,1.016,0.8457,3.38,0.4738
fp16,6,summarization,16,2,0.4,3,1.1143,0.7695,2.2495,0.3972
fp16,6,summarization,17,1,0.5,2,1.6585,0.6049,2.3362,0.3218
fp16,8,code,0,0,0.0,1,1.9067,0.6055,2.956,0.3268
fp16,8,code,1,0,0.0,1,1.2135,0.7388,3.8145,0.2022
fp16,8,code,2,0,0.0,1,0.6964,0.8314,1.6901,0.4793
fp16,8,code,3,6,0.75,7,1.1578,0.7792,2.9233,0.2466
fp16,8,code,4,8,1.0,9,1.4113,0.6878,2.677,0.4534
fp16,8,code,5,7,0.875,8,0.7355,0.8383,1.9158,0.4496
fp16,8,code,6,8,1.0,9,0.7903,0.8566,2.7081,0.4734
fp16,8,code,7,4,0.5,5,0.8766,0.806,2.8258,0.3902
fp16,8,code,8,2,0.25,3,0.6407,0.8492,1.4762,0.566
fp16,8,code,9,2,0.25,3,0.2287,0.9281,1.4303,0.4662
fp16,8,code,10,8,1.0,9,0.155,0.9783,0.5497,0.908
fp16,8,code,11,8,1.0,9,0.293,0.9185,1.641,0.4638
fp16,8,code,12,1,0.125,2,0.8837,0.803,3.3341,0.2963
fp16,8,code,13,7,0.875,8,0.7677,0.824,3.3217,0.2341
fp16,8,code,14,0,0.0,1,1.2891,0.7021,2.8714,0.3961
fp16,8,code,15,4,1.0,5,0.3973,0.89,1.1319,0.6145
fp16,8,code,0,0,0.0,1,1.1609,0.7988,4.4177,0.239
fp16,8,code,1,0,0.0,1,2.9776,0.4876,6.0063,0.1421
fp16,8,code,2,2,0.25,3,2.1408,0.5308,4.6765,0.2482
fp16,8,code,3,8,1.0,9,1.0076,0.8227,3.7705,0.3955
fp16,8,code,4,8,1.0,9,0.3309,0.9214,1.1484,0.7417
fp16,8,code,5,8,1.0,9,0.0431,0.9953,0.2089,0.9745
fp16,8,code,6,8,1.0,9,0.1541,0.9539,1.0371,0.6477
fp16,8,code,7,8,1.0,9,0.0139,0.9989,0.0751,0.9945
fp16,8,code,8,8,1.0,9,0.2054,0.9732,0.6107,0.9227
fp16,8,code,9,8,1.0,9,0.2812,0.9408,1.2284,0.7196
fp16,8,code,10,8,1.0,9,0.0913,0.9886,0.555,0.9301
fp16,8,code,11,3,1.0,4,0.0021,0.9999,0.0044,0.9997
fp16,8,code,0,0,0.0,1,1.6227,0.6248,3.5453,0.3337
fp16,8,code,1,0,0.0,1,1.1375,0.7437,3.2086,0.2209
fp16,8,code,2,8,1.0,9,0.4729,0.9017,1.451,0.5584
fp16,8,code,3,1,0.125,2,0.5481,0.9062,2.5283,0.5888
fp16,8,code,4,3,0.375,4,0.5494,0.8599,1.5532,0.466
fp16,8,code,5,8,1.0,9,0.4134,0.9305,1.6311,0.7271
fp16,8,code,6,5,0.625,6,0.4037,0.8761,1.4479,0.4778
fp16,8,code,7,8,1.0,9,0.0714,0.9865,0.465,0.9018
fp16,8,code,8,8,1.0,9,0.2746,0.9219,0.9463,0.6439
fp16,8,code,9,7,0.875,8,0.3855,0.9173,1.2569,0.6591
fp16,8,code,10,2,0.25,3,0.3049,0.8842,1.0448,0.5156
fp16,8,code,11,8,1.0,9,0.2685,0.8971,0.9972,0.5351
fp16,8,code,12,8,1.0,9,0.0069,0.9994,0.0227,0.9978
fp16,8,code,13,1,1.0,2,0.0958,0.9879,0.0958,0.9879
fp16,8,code,0,0,0.0,1,1.5272,0.7123,3.4343,0.4138
fp16,8,code,1,0,0.0,1,0.2494,0.9346,1.8393,0.4915
fp16,8,code,2,1,0.125,2,0.92,0.8214,2.9611,0.3842
fp16,8,code,3,0,0.0,1,1.4901,0.6294,2.8188,0.2575
fp16,8,code,4,8,1.0,9,0.337,0.9537,0.7047,0.8808
fp16,8,code,5,7,0.875,8,0.5947,0.867,2.5015,0.3349
fp16,8,code,6,0,0.0,1,0.373,0.9297,2.954,0.4401
fp16,8,code,7,8,1.0,9,0.3793,0.9307,1.6606,0.7055
fp16,8,code,8,8,1.0,9,0.267,0.9563,1.2466,0.7737
fp16,8,code,9,8,1.0,9,0.1063,0.9744,0.6934,0.817
fp16,8,code,10,8,1.0,9,0.2789,0.933,1.2943,0.6896
fp16,8,code,11,8,1.0,9,0.4166,0.9258,0.9479,0.8321
fp16,8,code,12,8,1.0,9,0.1227,0.9695,0.7805,0.7741
fp16,8,code,13,3,1.0,4,0.0988,0.9865,0.2665,0.9622
fp16,8,code,0,0,0.0,1,2.8666,0.4776,5.0229,0.2013
fp16,8,code,1,0,0.0,1,2.4113,0.6708,7.5202,0.2599
fp16,8,code,2,0,0.0,1,1.1566,0.7714,4.0384,0.5451
fp16,8,code,3,0,0.0,1,1.8634,0.5872,7.1301,0.1704
fp16,8,code,4,0,0.0,1,1.1328,0.6807,2.6662,0.3709
fp16,8,code,5,1,0.125,2,0.7676,0.835,1.6603,0.499
fp16,8,code,6,8,1.0,9,0.5131,0.9031,1.0091,0.6866
fp16,8,code,7,2,0.25,3,0.5139,0.8428,1.0871,0.5393
fp16,8,code,8,8,1.0,9,0.439,0.8802,2.0435,0.4778
fp16,8,code,9,3,0.375,4,0.3721,0.9182,1.2421,0.7251
fp16,8,code,10,8,1.0,9,0.8968,0.8055,2.6993,0.4804
fp16,8,code,11,3,0.375,4,1.5351,0.731,4.036,0.4004
fp16,8,code,12,0,0.0,1,1.6775,0.7317,5.5891,0.2305
fp16,8,code,13,7,0.875,8,1.1495,0.8098,4.8263,0.4026
fp16,8,code,14,6,0.75,7,0.6853,0.841,2.0513,0.4711
fp16,8,code,15,8,1.0,9,0.2473,0.9492,1.0285,0.7182
fp16,8,code,16,4,0.5,5,0.298,0.9018,1.0054,0.5076
fp16,8,code,17,5,1.0,6,0.5905,0.8086,1.1168,0.5567
fp16,8,math,0,0,0.0,1,1.2428,0.7927,5.3144,0.2207
fp16,8,math,1,0,0.0,1,1.044,0.8494,4.4918,0.4258
fp16,8,math,2,4,0.5,5,0.3405,0.9251,2.6622,0.4067
fp16,8,math,3,8,1.0,9,0.5778,0.7785,1.2471,0.5126
fp16,8,math,4,8,1.0,9,0.0189,0.9974,0.15,0.9796
fp16,8,math,5,8,1.0,9,0.2125,0.942,1.0287,0.7042
fp16,8,math,6,8,1.0,9,0.4158,0.8709,1.5226,0.4982
fp16,8,math,7,3,0.375,4,0.5991,0.844,1.0823,0.6742
fp16,8,math,8,1,0.125,2,0.6385,0.8265,1.402,0.508
fp16,8,math,9,1,0.125,2,0.6569,0.8388,1.205,0.5538
fp16,8,math,10,8,1.0,9,0.186,0.9527,1.469,0.6232
fp16,8,math,11,8,1.0,9,0.4513,0.9069,1.0202,0.7783
fp16,8,math,12,8,1.0,9,0.0791,0.984,0.6321,0.872
fp16,8,math,13,2,1.0,3,0.6846,0.7399,1.3691,0.4799
fp16,8,math,0,0,0.0,1,1.1378,0.812,4.1051,0.2502
fp16,8,math,1,8,1.0,9,0.3433,0.9189,1.8393,0.4738
fp16,8,math,2,8,1.0,9,0.6193,0.8484,1.454,0.5612
fp16,8,math,3,3,0.375,4,0.4239,0.8749,1.066,0.5401
fp16,8,math,4,8,1.0,9,0.4443,0.8745,1.1481,0.5349
fp16,8,math,5,8,1.0,9,0.4956,0.8642,2.1614,0.423
fp16,8,math,6,8,1.0,9,0.2368,0.943,0.9467,0.7725
fp16,8,math,7,8,1.0,9,0.0081,0.9991,0.0628,0.9926
fp16,8,math,8,8,1.0,9,0.1854,0.9337,1.1995,0.5028
fp16,8,math,9,1,0.125,2,0.2851,0.9391,0.8902,0.7368
fp16,8,math,10,2,0.25,3,0.5463,0.8635,1.2905,0.496
fp16,8,math,11,7,1.0,8,0.3958,0.9226,0.914,0.792
fp16,8,math,0,6,0.75,7,1.0519,0.8389,5.7299,0.1567
fp16,8,math,1,1,0.125,2,0.416,0.876,1.5918,0.5237
fp16,8,math,2,8,1.0,9,0.4439,0.8891,1.7255,0.5018
fp16,8,math,3,8,1.0,9,0.1776,0.9643,0.5806,0.8631
fp16,8,math,4,8,1.0,9,0.1507,0.9607,0.9361,0.7188
fp16,8,math,5,1,0.125,2,0.4791,0.8506,1.004,0.6154
fp16,8,math,6,8,1.0,9,0.1806,0.9567,0.7409,0.795
fp16,8,math,7,8,1.0,9,0.0025,0.9998,0.0134,0.9989
fp16,8,math,8,8,1.0,9,0.1009,0.9717,0.8035,0.7739
fp16,8,math,9,8,1.0,9,0.2091,0.9381,0.992,0.6133
fp16,8,math,10,2,0.3333333333333333,3,0.7935,0.7914,2.0268,0.4856
fp16,8,math,11,2,0.6666666666666666,3,1.1024,0.6869,1.7152,0.4932
fp16,8,math,0,8,1.0,9,1.0332,0.8239,5.2598,0.2092
fp16,8,math,1,8,1.0,9,0.1329,0.9533,0.9723,0.6351
fp16,8,math,2,8,1.0,9,0.3898,0.8929,1.8885,0.4029
fp16,8,math,3,8,1.0,9,0.2481,0.9335,1.9788,0.4687
fp16,8,math,4,8,1.0,9,0.0726,0.9833,0.5699,0.8668
fp16,8,math,5,8,1.0,9,0.0833,0.9855,0.4866,0.9106
fp16,8,math,6,8,1.0,9,0.3597,0.9275,1.8377,0.5773
fp16,8,math,7,8,1.0,9,0.4919,0.87,1.404,0.5808
fp16,8,math,8,8,1.0,9,0.1048,0.9681,0.8189,0.7461
fp16,8,math,0,1,0.125,2,3.166,0.433,5.7449,0.1548
fp16,8,math,1,4,0.5,5,1.6784,0.6407,2.5606,0.339
fp16,8,math,2,8,1.0,9,1.1433,0.7875,2.1558,0.5518
fp16,8,math,3,8,1.0,9,0.2914,0.9291,1.8963,0.4802
fp16,8,math,4,4,0.5,5,1.1394,0.7686,2.834,0.3603
fp16,8,math,5,1,0.125,2,1.56,0.6573,2.5867,0.3561
fp16,8,math,6,8,1.0,9,0.1423,0.9771,0.6213,0.8811
fp16,8,math,7,7,0.875,8,0.387,0.9288,1.2486,0.7015
fp16,8,math,8,5,0.625,6,2.014,0.5232,4.3769,0.2675
fp16,8,math,9,3,0.375,4,1.3966,0.7319,6.383,0.1065
fp16,8,math,10,6,0.75,7,0.5514,0.9083,2.3552,0.6416
fp16,8,math,11,6,0.75,7,1.0074,0.7128,2.1322,0.4631
fp16,8,math,12,1,0.14285714285714285,2,0.5892,0.8054,1.4847,0.524
fp16,8,math,13,5,1.0,6,0.6586,0.8359,1.9988,0.4348
fp16,8,chat,0,0,0.0,1,2.2205,0.5784,5.2166,0.1926
fp16,8,chat,1,1,0.125,2,3.2004,0.4627,5.8293,0.1895
fp16,8,chat,2,5,0.625,6,2.0626,0.6463,4.2139,0.4061
fp16,8,chat,3,1,0.125,2,2.7235,0.4695,4.9265,0.2177
fp16,8,chat,4,2,0.25,3,1.8548,0.6269,5.1501,0.1729
fp16,8,chat,5,3,0.375,4,1.6796,0.6335,3.8944,0.3164
fp16,8,chat,6,2,0.25,3,0.6252,0.8518,1.3164,0.6483
fp16,8,chat,7,8,1.0,9,0.9029,0.8049,2.1136,0.602
fp16,8,chat,8,8,1.0,9,0.6129,0.8923,1.9711,0.5996
fp16,8,chat,9,8,1.0,9,0.405,0.9309,1.4421,0.7252
fp16,8,chat,10,8,1.0,9,1.0558,0.791,2.8403,0.4088
fp16,8,chat,11,1,0.125,2,0.435,0.8834,1.8655,0.4406
fp16,8,chat,12,8,1.0,9,0.4005,0.9157,2.3354,0.4463
fp16,8,chat,13,8,1.0,9,0.6419,0.867,2.6547,0.4417
fp16,8,chat,14,1,0.3333333333333333,2,0.8126,0.6697,1.3259,0.5038
fp16,8,chat,15,1,1.0,2,1.0504,0.8115,1.0504,0.8115
fp16,8,chat,0,4,0.5,5,1.5182,0.7176,4.0019,0.3081
fp16,8,chat,1,5,0.625,6,1.886,0.6259,3.5239,0.2537
fp16,8,chat,2,0,0.0,1,1.5371,0.6536,3.1572,0.2806
fp16,8,chat,3,2,0.25,3,1.7639,0.6493,4.8744,0.2257
fp16,8,chat,4,2,0.25,3,1.8803,0.6301,4.7755,0.2405
fp16,8,chat,5,1,0.125,2,3.1945,0.3955,4.0714,0.2027
fp16,8,chat,6,2,0.25,3,2.2864,0.6622,4.836,0.2591
fp16,8,chat,7,0,0.0,1,2.421,0.5512,3.952,0.3288
fp16,8,chat,8,2,0.25,3,1.6203,0.739,4.9084,0.3032
fp16,8,chat,9,0,0.0,1,0.4378,0.9166,1.1642,0.7124
fp16,8,chat,10,8,1.0,9,0.631,0.8784,2.6168,0.4725
fp16,8,chat,11,8,1.0,9,0.8236,0.8506,2.4026,0.4333
fp16,8,chat,12,8,1.0,9,0.3169,0.9213,1.4629,0.6891
fp16,8,chat,13,1,0.125,2,1.9979,0.5241,4.1221,0.2111
fp16,8,chat,14,2,0.25,3,2.1479,0.5881,3.2478,0.2554
fp16,8,chat,15,0,0.0,1,2.1411,0.5946,2.993,0.3119
fp16,8,chat,16,4,0.5,5,1.5422,0.6599,3.2103,0.3173
fp16,8,chat,17,0,0.0,1,1.7894,0.6367,3.699,0.3801
fp16,8,chat,18,2,0.25,3,1.6828,0.6594,3.6863,0.3281
fp16,8,chat,19,3,0.375,4,1.8337,0.5925,3.4731,0.2178
fp16,8,chat,20,0,0.0,1,1.4987,0.673,3.4919,0.3818
fp16,8,chat,21,1,0.2,2,2.1141,0.6111,3.5705,0.315
fp16,8,chat,22,1,0.3333333333333333,2,2.4676,0.5243,4.277,0.2746
fp16,8,chat,23,1,1.0,2,0.6231,0.9358,0.6231,0.9358
fp16,8,chat,0,0,0.0,1,1.9218,0.6834,6.0682,0.2207
fp16,8,chat,1,7,0.875,8,1.2221,0.7598,3.204,0.3776
fp16,8,chat,2,8,1.0,9,1.857,0.5899,4.238,0.2151
fp16,8,chat,3,8,1.0,9,0.9012,0.8206,2.112,0.4965
fp16,8,chat,4,2,0.25,3,0.6188,0.8403,1.5953,0.4948
fp16,8,chat,5,3,0.375,4,0.7599,0.8311,1.7582,0.4911
fp16,8,chat,6,2,0.25,3,0.6436,0.8216,1.507,0.5307
fp16,8,chat,7,8,1.0,9,0.2639,0.9427,1.0443,0.6642
fp16,8,chat,8,8,1.0,9,0.3845,0.9003,1.3582,0.4744
fp16,8,chat,9,8,1.0,9,0.4704,0.9246,1.6714,0.7113
fp16,8,chat,10,8,1.0,9,0.4097,0.9005,1.7156,0.5732
fp16,8,chat,11,6,0.8571428571428571,7,0.7297,0.8655,1.8647,0.628
fp16,8,chat,0,0,0.0,1,2.0186,0.6925,5.8648,0.1407
fp16,8,chat,1,0,0.0,1,3.3332,0.5558,5.9718,0.1765
fp16,8,chat,2,1,0.125,2,2.5746,0.5655,5.5991,0.1704
fp16,8,chat,3,0,0.0,1,3.5623,0.4774,7.3705,0.0793
fp16,8,chat,4,0,0.0,1,3.111,0.4973,6.3041,0.1273
fp16,8,chat,5,1,0.125,2,2.8886,0.565,6.7444,0.1994
fp16,8,chat,6,4,0.5,5,3.4956,0.4008,4.6013,0.2426
fp16,8,chat,7,3,0.375,4,2.1592,0.5767,3.2365,0.3384
fp16,8,chat,8,2,0.25,3,1.8276,0.6235,3.4463,0.2292
fp16,8,chat,9,3,0.375,4,1.6327,0.6884,4.1848,0.3275
fp16,8,chat,10,0,0.0,1,0.892,0.8387,4.347,0.2859
fp16,8,chat,11,0,0.0,1,0.9531,0.8541,4.847,0.4457
fp16,8,chat,12,0,0.0,1,3.6081,0.3872,5.4605,0.1502
fp16,8,chat,13,4,0.5,5,4.0887,0.3313,5.3101,0.1651
fp16,8,chat,14,2,0.25,3,3.4212,0.4207,4.5375,0.1903
fp16,8,chat,15,2,0.25,3,1.1951,0.7684,3.7843,0.3433
fp16,8,chat,16,0,0.0,1,1.3989,0.7234,3.5668,0.3848
fp16,8,chat,17,0,0.0,1,1.4225,0.7417,3.4685,0.3265
fp16,8,chat,18,2,0.25,3,1.7222,0.6877,5.0266,0.1776
fp16,8,chat,19,3,0.375,4,1.1921,0.7759,3.5299,0.3702
fp16,8,chat,20,8,1.0,9,0.4376,0.908,3.219,0.3068
fp16,8,chat,21,8,1.0,9,0.0758,0.9887,0.5237,0.9166
fp16,8,chat,22,8,1.0,9,1.1356,0.8015,2.6411,0.4553
fp16,8,chat,23,6,1.0,7,0.5989,0.8476,1.6171,0.5486
fp16,8,chat,0,0,0.0,1,1.8826,0.651,5.9342,0.1548
fp16,8,chat,1,0,0.0,1,1.5553,0.7332,5.0861,0.1782
fp16,8,chat,2,3,0.375,4,1.826,0.608,2.7283,0.4412
fp16,8,chat,3,8,1.0,9,1.2522,0.7553,3.0712,0.4617
fp16,8,chat,4,7,0.875,8,1.2581,0.7961,3.2119,0.507
fp16,8,chat,5,3,0.375,4,0.6137,0.8713,2.5049,0.3375
fp16,8,chat,6,4,0.5,5,0.9616,0.8079,3.1887,0.3062
fp16,8,chat,7,2,0.25,3,1.8574,0.5877,2.8891,0.3929
fp16,8,chat,8,4,0.5,5,1.665,0.6433,4.0996,0.2618
fp16,8,chat,9,1,0.125,2,2.0716,0.5707,4.324,0.2605
fp16,8,chat,10,8,1.0,9,1.2213,0.7845,2.9183,0.4771
fp16,8,chat,11,6,0.75,7,1.7374,0.6148,2.8699,0.4152
fp16,8,chat,12,1,0.125,2,1.6268,0.6914,4.4586,0.173
fp16,8,chat,13,8,1.0,9,1.0832,0.7955,3.0339,0.3654
fp16,8,chat,14,2,0.25,3,1.0067,0.7998,2.6308,0.4817
fp16,8,chat,15,6,0.75,7,1.3578,0.7168,2.5833,0.3811
fp16,8,chat,16,0,0.0,1,1.0576,0.5348,1.0576,0.5348
fp16,8,summarization,0,0,0.0,1,1.4845,0.7809,4.065,0.3964
fp16,8,summarization,1,0,0.0,1,1.2769,0.7911,4.488,0.2545
fp16,8,summarization,2,0,0.0,1,1.5,0.7395,4.4824,0.228
fp16,8,summarization,3,1,0.125,2,1.7519,0.6736,3.6413,0.3067
fp16,8,summarization,4,6,0.75,7,0.4687,0.8876,1.4136,0.4749
fp16,8,summarization,5,0,0.0,1,1.2091,0.8023,3.1709,0.5075
fp16,8,summarization,6,5,0.625,6,1.4591,0.7693,3.4817,0.403
fp16,8,summarization,7,6,0.75,7,0.5709,0.899,1.9199,0.589
fp16,8,summarization,8,6,0.75,7,1.2022,0.7316,3.0485,0.4341
fp16,8,summarization,9,8,1.0,9,0.8029,0.818,1.907,0.446
fp16,8,summarization,10,5,0.625,6,1.3006,0.7587,2.8362,0.3713
fp16,8,summarization,11,0,0.0,1,1.173,0.8026,2.6481,0.5282
fp16,8,summarization,12,8,1.0,9,1.012,0.8401,3.3456,0.4649
fp16,8,summarization,13,2,0.25,3,0.5983,0.8551,1.6128,0.5018
fp16,8,summarization,14,6,0.75,7,0.9117,0.8129,2.7897,0.3723
fp16,8,summarization,15,0,0.0,1,0.7937,0.7972,1.805,0.4901
fp16,8,summarization,16,3,0.375,4,0.6448,0.8726,3.7756,0.2265
fp16,8,summarization,17,7,1.0,8,0.5501,0.8796,2.685,0.4855
fp16,8,summarization,0,0,0.0,1,2.717,0.4878,5.3413,0.2116
fp16,8,summarization,1,3,0.375,4,2.078,0.5988,4.5789,0.1954
fp16,8,summarization,2,4,0.5,5,0.9049,0.8088,2.0833,0.5521
fp16,8,summarization,3,8,1.0,9,0.395,0.9405,1.128,0.7929
fp16,8,summarization,4,5,0.625,6,0.3812,0.9111,1.3275,0.6128
fp16,8,summarization,5,8,1.0,9,0.4821,0.8815,2.0171,0.3545
fp16,8,summarization,6,8,1.0,9,0.3126,0.9355,1.3906,0.6255
fp16,8,summarization,7,8,1.0,9,0.2344,0.972,0.8158,0.8981
fp16,8,summarization,8,8,1.0,9,0.6783,0.8614,2.5455,0.3767
fp16,8,summarization,9,4,0.5,5,0.6211,0.8604,1.7021,0.4704
fp16,8,summarization,10,8,1.0,9,0.7207,0.8803,2.3116,0.5594
fp16,8,summarization,11,5,1.0,6,0.1619,0.975,0.4927,0.9177
fp16,8,summarization,0,0,0.0,1,2.4418,0.5696,5.9156,0.1209
fp16,8,summarization,1,8,1.0,9,1.4146,0.7764,2.7015,0.516
fp16,8,summarization,2,8,1.0,9,1.1855,0.7725,3.315,0.3406
fp16,8,summarization,3,7,0.875,8,1.8313,0.6036,2.6424,0.3458
fp16,8,summarization,4,1,0.125,2,1.7841,0.6729,5.997,0.1495
fp16,8,summarization,5,1,0.125,2,2.5554,0.598,6.2234,0.1478
fp16,8,summarization,6,0,0.0,1,1.9116,0.6077,4.2256,0.3457
fp16,8,summarization,7,1,0.125,2,2.1153,0.642,3.9618,0.2757
fp16,8,summarization,8,2,0.25,3,1.3981,0.7021,3.1996,0.2797
fp16,8,summarization,9,0,0.0,1,1.1373,0.7933,2.1261,0.5532
fp16,8,summarization,10,8,1.0,9,1.2725,0.7265,2.3052,0.4187
fp16,8,summarization,11,1,0.125,2,1.3702,0.6834,2.687,0.3503
fp16,8,summarization,12,7,0.875,8,1.1186,0.736,2.312,0.3866
fp16,8,summarization,13,8,1.0,9,0.7405,0.8342,2.3212,0.4589
fp16,8,summarization,14,7,0.875,8,1.2563,0.7458,3.2224,0.4755
fp16,8,summarization,15,2,0.3333333333333333,3,2.1299,0.6138,4.7185,0.2059
fp16,8,summarization,16,3,1.0,4,1.578,0.7269,2.9494,0.4821
fp16,8,summarization,0,0,0.0,1,1.596,0.6782,3.334,0.313
fp16,8,summarization,1,0,0.0,1,2.3022,0.6207,6.2821,0.171
fp16,8,summarization,2,5,0.625,6,2.4531,0.5954,3.9116,0.3591
fp16,8,summarization,3,1,0.125,2,2.1415,0.5173,3.8306,0.287
fp16,8,summarization,4,5,0.625,6,2.1591,0.5487,3.4915,0.3815
fp16,8,summarization,5,4,0.5,5,1.7502,0.6864,3.5526,0.1676
fp16,8,summarization,6,2,0.25,3,0.3092,0.9361,1.4682,0.701
fp16,8,summarization,7,8,1.0,9,1.3798,0.7108,2.1859,0.4465
fp16,8,summarization,8,8,1.0,9,0.3749,0.9337,1.1571,0.7881
fp16,8,summarization,9,8,1.0,9,0.7734,0.8299,1.8307,0.5291
fp16,8,summarization,10,3,0.375,4,0.6783,0.8368,2.4652,0.3658
fp16,8,summarization,11,8,1.0,9,0.6593,0.8663,2.5821,0.6096
fp16,8,summarization,12,0,0.0,1,0.6404,0.8817,2.506,0.5134
fp16,8,summarization,13,8,1.0,9,0.3184,0.9394,0.85,0.7459
fp16,8,summarization,14,6,1.0,7,1.3336,0.7611,3.0664,0.461
fp16,8,summarization,0,0,0.0,1,2.6277,0.5934,5.3211,0.2637
fp16,8,summarization,1,0,0.0,1,1.1874,0.7639,5.3234,0.2672
fp16,8,summarization,2,8,1.0,9,1.0598,0.7972,2.5388,0.4175
fp16,8,summarization,3,8,1.0,9,0.1527,0.9675,0.7325,0.8002
fp16,8,summarization,4,8,1.0,9,0.7912,0.8276,1.9263,0.4991
fp16,8,summarization,5,0,0.0,1,0.56,0.8634,1.3745,0.525
fp16,8,summarization,6,8,1.0,9,0.5961,0.903,1.2403,0.791
fp16,8,summarization,7,7,0.875,8,0.5365,0.8571,1.3361,0.5901
fp16,8,summarization,8,8,1.0,9,0.6438,0.8633,1.046,0.6423
fp16,8,summarization,9,4,0.5,5,1.3416,0.7715,4.1527,0.2694
fp16,8,summarization,10,1,0.125,2,0.8959,0.8648,3.1435,0.4325
fp16,8,summarization,11,1,0.125,2,1.3792,0.7437,3.6651,0.4769
fp16,8,summarization,12,8,1.0,9,1.1023,0.8131,1.8987,0.6157
fp16,8,summarization,13,0,0.0,1,1.5541,0.7096,3.38,0.4738
fp16,8,summarization,14,2,0.4,3,1.1143,0.7695,2.2495,0.3972
fp16,8,summarization,15,1,0.5,2,1.6585,0.6049,2.3362,0.3218
int8,2,code,0,0,0.0,1,2.0172,0.6549,2.956,0.4504
int8,2,code,1,2,1.0,3,1.2428,0.6983,2.4691,0.3979
int8,2,code,2,2,1.0,3,2.9383,0.5349,3.7914,0.4798
int8,2,code,3,2,1.0,3,1.7191,0.736,2.8207,0.5436
int8,2,code,4,2,1.0,3,0.3614,0.9609,0.5187,0.9441
int8,2,code,5,2,1.0,3,0.3258,0.9554,0.4608,0.931
int8,2,code,6,2,1.0,3,0.1916,0.9801,0.2213,0.9757
int8,2,code,7,2,1.0,3,2.0444,0.6312,2.4532,0.491
int8,2,code,8,2,1.0,3,1.0426,0.8571,1.3776,0.7943
int8,2,code,9,2,1.0,3,0.7447,0.7317,1.1933,0.5019
int8,2,code,10,2,1.0,3,0.5589,0.9183,0.709,0.8896
int8,2,code,11,1,0.5,2,1.5001,0.6234,1.9432,0.4396
int8,2,code,12,2,1.0,3,2.3192,0.6642,3.0054,0.5746
int8,2,code,13,2,1.0,3,0.8701,0.8709,1.6669,0.7474
int8,2,code,14,1,0.5,2,1.1724,0.8203,1.3612,0.7695
int8,2,code,15,2,1.0,3,1.8791,0.5528,2.1961,0.4885
int8,2,code,16,2,1.0,3,0.4913,0.8535,0.9174,0.7116
int8,2,code,17,2,1.0,3,1.6404,0.566,1.9873,0.4227
int8,2,code,18,1,0.5,2,2.8198,0.3171,4.0056,0.2074
int8,2,code,19,2,1.0,3,1.5898,0.7026,2.0929,0.583
int8,2,code,20,2,1.0,3,0.9578,0.824,1.9028,0.6489
int8,2,code,21,2,1.0,3,0.9362,0.8384,1.1947,0.7808
int8,2,code,22,2,1.0,3,0.0725,0.9932,0.1432,0.9864
int8,2,code,23,2,1.0,3,0.7189,0.8918,1.364,0.791
int8,2,code,24,2,1.0,3,0.0918,0.9918,0.1281,0.9888
int8,2,code,25,0,0.0,1,1.386,0.6052,1.8638,0.5123
int8,2,code,26,2,1.0,3,1.3316,0.7068,2.6562,0.4141
int8,2,code,27,2,1.0,3,0.9925,0.7039,1.1218,0.5509
int8,2,code,28,2,1.0,3,0.6122,0.7483,1.0194,0.5263
int8,2,code,0,0,0.0,1,3.9012,0.3049,4.4177,0.239
int8,2,code,1,0,0.0,1,3.2783,0.5047,4.7687,0.2395
int8,2,code,2,0,0.0,1,6.1329,0.138,6.8326,0.0933
int8,2,code,3,0,0.0,1,2.3924,0.5871,4.0623,0.2543
int8,2,code,4,2,1.0,3,1.8843,0.7418,3.7254,0.4873
int8,2,code,5,2,1.0,3,0.7129,0.7709,1.3806,0.5457
int8,2,code,6,1,0.5,2,1.767,0.4495,2.4467,0.3501
int8,2,code,7,2,1.0,3,0.5649,0.8904,0.6936,0.8353
int8,2,code,8,2,1.0,3,1.2718,0.7547,2.5143,0.5117
int8,2,code,9,2,1.0,3,0.0331,0.9976,0.0581,0.9956
int8,2,code,10,2,1.0,3,0.0111,0.9992,0.0148,0.9988
int8,2,code,11,2,1.0,3,0.7783,0.843,1.345,0.7113
int8,2,code,12,2,1.0,3,0.0218,0.9981,0.043,0.9962
int8,2,code,13,2,1.0,3,0.0259,0.9978,0.0477,0.996
int8,2,code,14,2,1.0,3,1.1622,0.7713,2.3153,0.5432
int8,2,code,15,0,0.0,1,0.6145,0.7449,1.0832,0.5078
int8,2,code,16,2,1.0,3,0.427,0.8958,0.718,0.8072
int8,2,code,17,2,1.0,3,0.3697,0.9399,0.7382,0.8798
int8,2,code,18,2,1.0,3,0.0093,0.9992,0.0185,0.9984
int8,2,code,19,2,1.0,3,0.0005,1.0,0.0005,1.0
int8,2,code,20,2,1.0,3,0.7515,0.8066,0.7912,0.8011
int8,2,code,21,2,1.0,3,0.4542,0.8888,0.9081,0.7777
int8,2,code,22,2,1.0,3,0.0002,1.0,0.0004,1.0
int8,2,code,23,2,1.0,3,0.0007,1.0,0.0013,0.9999
int8,2,code,24,2,1.0,3,0.0169,0.9985,0.0261,0.9976
int8,2,code,25,2,1.0,3,0.0115,0.9991,0.021,0.9984
int8,2,code,26,2,1.0,3,0.0901,0.9866,0.1802,0.9731
int8,2,code,27,2,1.0,3,0.1995,0.9616,0.3984,0.9233
int8,2,code,28,2,1.0,3,0.5977,0.8644,1.1938,0.7289
int8,2,code,29,2,1.0,3,0.0009,0.9999,0.0018,0.9999
int8,2,code,30,1,1.0,2,0.0005,1.0,0.0005,1.0
int8,2,code,0,0,0.0,1,2.4529,0.4054,3.5453,0.3337
int8,2,code,1,0,0.0,1,2.6488,0.4228,3.2086,0.2209
int8,2,code,2,2,1.0,3,0.2568,0.9532,0.4972,0.9078
int8,2,code,3,2,1.0,3,0.7391,0.9116,1.451,0.8256
int8,2,code,4,2,1.0,3,0.1709,0.9793,0.2879,0.9631
int8,2,code,5,1,0.5,2,1.2739,0.7937,2.5283,0.5888
int8,2,code,6,2,1.0,3,0.7209,0.8134,1.1778,0.6601
int8,2,code,7,0,0.0,1,1.0423,0.6865,1.5532,0.466
int8,2,code,8,2,1.0,3,0.3673,0.9503,0.3698,0.9416
int8,2,code,9,2,1.0,3,0.4594,0.909,0.8785,0.8213
int8,2,code,10,2,1.0,3,0.8174,0.8634,1.6311,0.7271
int8,2,code,11,2,1.0,3,0.139,0.9767,0.272,0.9538
int8,2,code,12,2,1.0,3,0.1519,0.9774,0.2884,0.9561
int8,2,code,13,2,1.0,3,0.244,0.9498,0.465,0.9018
int8,2,code,14,2,1.0,3,0.0349,0.9967,0.0696,0.9933
int8,2,code,15,2,1.0,3,0.0013,0.9999,0.0022,0.9999
int8,2,code,16,2,1.0,3,0.0927,0.9862,0.1849,0.9725
int8,2,code,17,2,1.0,3,0.1932,0.9629,0.382,0.9262
int8,2,code,18,2,1.0,3,0.8047,0.7391,0.9463,0.6439
int8,2,code,19,2,1.0,3,0.3248,0.9452,0.5897,0.8962
int8,2,code,20,2,1.0,3,0.1558,0.9775,0.2937,0.9564
int8,2,code,21,1,0.5,2,0.9327,0.7618,1.2569,0.6591
int8,2,code,22,2,1.0,3,0.0717,0.9911,0.1192,0.9846
int8,2,code,23,2,1.0,3,0.0098,0.9992,0.0176,0.9986
int8,2,code,24,2,1.0,3,0.5588,0.7596,0.9972,0.5351
int8,2,code,25,2,1.0,3,0.4942,0.8303,0.9875,0.6607
int8,2,code,26,2,1.0,3,0.0148,0.9987,0.0227,0.9978
int8,2,code,27,2,1.0,3,0.0083,0.9993,0.0157,0.9987
int8,2,code,28,2,1.0,3,0.0041,0.9997,0.0062,0.9996
int8,2,code,29,1,1.0,2,0.0958,0.9879,0.0958,0.9879
int8,2,code,0,0,0.0,1,1.6526,0.6631,2.4771,0.4138
int8,2,code,1,0,0.0,1,0.9202,0.7457,1.8393,0.4915
int8,2,code,2,1,0.5,2,2.1974,0.585,2.9611,0.3842
int8,2,code,3,0,0.0,1,2.0175,0.4719,2.8188,0.3593
int8,2,code,4,2,1.0,3,0.4053,0.9527,0.6103,0.9247
int8,2,code,5,2,1.0,3,0.5695,0.9022,0.7047,0.8808
int8,2,code,6,2,1.0,3,0.1899,0.9786,0.2186,0.9766
int8,2,code,7,2,1.0,3,0.4651,0.8927,0.8562,0.7936
int8,2,code,8,2,1.0,3,0.3886,0.9461,0.777,0.8923
int8,2,code,9,1,0.5,2,1.5037,0.6309,2.5015,0.3349
int8,2,code,10,2,1.0,3,1.2374,0.8242,2.463,0.6493
int8,2,code,11,2,1.0,3,0.0035,0.9998,0.0042,0.9997
int8,2,code,12,2,1.0,3,0.0008,1.0,0.0015,0.9999
int8,2,code,13,2,1.0,3,1.2127,0.6796,1.3618,0.5605
int8,2,code,14,2,1.0,3,0.0336,0.9963,0.067,0.9926
int8,2,code,15,2,1.0,3,0.017,0.9988,0.0194,0.9986
int8,2,code,16,2,1.0,3,0.0013,0.9999,0.002,0.9999
int8,2,code,17,2,1.0,3,0.219,0.9617,0.3985,0.9262
int8,2,code,18,2,1.0,3,0.0914,0.9891,0.1798,0.9785
int8,2,code,19,2,1.0,3,0.025,0.9974,0.0449,0.9952
int8,2,code,20,2,1.0,3,0.0787,0.9894,0.1465,0.9796
int8,2,code,21,2,1.0,3,0.0076,0.9994,0.0153,0.9988
int8,2,code,22,2,1.0,3,0.7065,0.7958,1.3909,0.5937
int8,2,code,23,2,1.0,3,0.0004,1.0,0.0008,1.0
int8,2,code,24,2,1.0,3,0.0002,1.0,0.0003,1.0
int8,2,code,25,2,1.0,3,0.6618,0.7838,1.3236,0.5675
int8,2,code,26,2,1.0,3,0.2395,0.9614,0.4785,0.9229
int8,2,code,27,2,1.0,3,0.0332,0.9961,0.0659,0.9923
int8,2,code,28,2,1.0,3,0.1233,0.9857,0.2461,0.9715
int8,2,code,29,1,1.0,2,0.5077,0.8885,0.5077,0.8885
int8,2,code,0,0,0.0,1,3.3299,0.5046,3.715,0.4722
int8,2,code,1,0,0.0,1,4.2563,0.5778,7.5202,0.2599
int8,2,code,2,0,0.0,1,2.73,0.6691,4.0384,0.5705
int8,2,code,3,2,1.0,3,1.3366,0.7632,2.6602,0.5269
int8,2,code,4,1,0.5,2,0.9447,0.6881,1.1642,0.5315
int8,2,code,5,1,0.5,2,1.8898,0.648,2.849,0.5667
int8,2,code,6,1,0.5,2,2.9371,0.3874,3.8334,0.281
int8,2,code,7,1,0.5,2,0.7794,0.7843,1.5053,0.574
int8,2,code,8,1,0.5,2,1.1733,0.7487,1.735,0.6301
int8,2,code,9,0,0.0,1,3.5065,0.4594,4.0739,0.3372
int8,2,code,10,0,0.0,1,1.8691,0.6891,2.7079,0.5033
int8,2,code,11,2,1.0,3,0.8828,0.8961,1.6792,0.7993
int8,2,code,12,2,1.0,3,0.0072,0.9996,0.0088,0.9995
int8,2,code,13,2,1.0,3,0.1766,0.9703,0.3523,0.9406
int8,2,code,14,2,1.0,3,1.4223,0.6881,1.9267,0.4988
int8,2,code,15,2,1.0,3,0.4849,0.8943,0.967,0.7887
int8,2,code,16,2,1.0,3,0.5732,0.9092,0.8822,0.86
int8,2,code,17,2,1.0,3,0.34,0.9531,0.5542,0.9184
int8,2,code,18,1,0.5,2,1.1753,0.7505,2.2033,0.5182
int8,2,code,19,2,1.0,3,0.0766,0.9941,0.1129,0.9906
int8,2,code,20,2,1.0,3,0.2855,0.9509,0.5649,0.9022
int8,2,code,21,2,1.0,3,0.2191,0.9841,0.3098,0.9786
int8,2,code,22,2,1.0,3,0.3877,0.9341,0.6209,0.8857
int8,2,code,23,2,1.0,3,1.7788,0.6311,2.5072,0.3943
int8,2,code,24,2,1.0,3,1.108,0.6834,1.4345,0.5812
int8,2,code,25,2,1.0,3,1.1221,0.8375,2.0974,0.6889
int8,2,code,26,2,1.0,3,0.0047,0.9998,0.0083,0.9996
int8,2,code,27,2,1.0,3,1.2725,0.781,2.5443,0.562
int8,2,code,28,2,1.0,3,1.5257,0.6575,3.0489,0.3152
int8,2,code,29,2,1.0,3,0.3682,0.901,0.7264,0.8027
int8,2,code,30,2,1.0,3,1.0384,0.8549,2.0731,0.7101
int8,2,code,31,2,1.0,3,0.0168,0.9992,0.0286,0.9987
int8,2,math,0,0,0.0,1,3.6851,0.4637,5.3144,0.2207
int8,2,math,1,0,0.0,1,2.3543,0.7003,4.4918,0.4258
int8,2,math,2,2,1.0,3,0.0001,1.0,0.0001,1.0
int8,2,math,3,1,0.5,2,1.3395,0.7026,2.6622,0.4067
int8,2,math,4,2,1.0,3,0.1007,0.9849,0.1997,0.9698
int8,2,math,5,2,1.0,3,0.6286,0.7676,1.2471,0.5358
int8,2,math,6,2,1.0,3,0.5026,0.7693,1.0023,0.5388
int8,2,math,7,2,1.0,3,0.0754,0.9898,0.15,0.9796
int8,2,math,8,2,1.0,3,0.0001,1.0,0.0001,1.0
int8,2,math,9,2,1.0,3,0.0001,1.0,0.0001,1.0
int8,2,math,10,2,1.0,3,0.3328,0.9161,0.6654,0.8323
int8,2,math,11,2,1.0,3,0.0,1.0,0.0,1.0
int8,2,math,12,2,1.0,3,0.517,0.8519,1.0287,0.7042
int8,2,math,13,2,1.0,3,0.0005,1.0,0.0007,1.0
int8,2,math,14,2,1.0,3,0.4337,0.9089,0.8674,0.8178
int8,2,math,15,2,1.0,3,1.2287,0.5747,1.5226,0.4982
int8,2,math,16,2,1.0,3,0.426,0.9298,0.5074,0.9112
int8,2,math,17,0,0.0,1,0.5458,0.8261,0.9336,0.6742
int8,2,math,18,1,0.5,2,0.7102,0.7532,1.402,0.508
int8,2,math,19,1,0.5,2,1.2045,0.6013,1.205,0.5538
int8,2,math,20,2,1.0,3,0.0009,0.9999,0.0016,0.9999
int8,2,math,21,2,1.0,3,0.0014,0.9999,0.0026,0.9998
int8,2,math,22,2,1.0,3,0.0069,0.9994,0.0133,0.9988
int8,2,math,23,2,1.0,3,1.0077,0.8032,1.0202,0.7783
int8,2,math,24,2,1.0,3,0.1542,0.9763,0.3081,0.9526
int8,2,math,25,2,1.0,3,0.3091,0.9239,0.6175,0.8478
int8,2,math,26,2,1.0,3,0.0001,1.0,0.0003,1.0
int8,2,math,27,2,1.0,3,0.3161,0.936,0.6321,0.872
int8,2,math,28,2,1.0,3,0.0,1.0,0.0,1.0
int8,2,math,29,2,1.0,3,0.6846,0.7399,1.3691,0.4799
int8,2,math,0,0,0.0,1,3.8928,0.3607,4.1051,0.2502
int8,2,math,1,2,1.0,3,0.1147,0.9906,0.2294,0.9813
int8,2,math,2,2,1.0,3,0.0163,0.9983,0.0326,0.9967
int8,2,math,3,2,1.0,3,0.92,0.7369,1.8393,0.4738
int8,2,math,4,2,1.0,3,0.5076,0.9007,0.6713,0.8517
int8,2,math,5,2,1.0,3,0.727,0.7806,1.454,0.5612
int8,2,math,6,2,1.0,3,0.5389,0.8918,0.6961,0.8372
int8,2,math,7,2,1.0,3,0.0038,0.9997,0.0043,0.9997
int8,2,math,8,0,0.0,1,0.5266,0.7693,1.0376,0.5401
int8,2,math,9,2,1.0,3,0.5749,0.91,1.1481,0.8202
int8,2,math,10,2,1.0,3,0.2762,0.938,0.537,0.8775
int8,2,math,11,2,1.0,3,0.3981,0.8852,0.7961,0.7703
int8,2,math,12,2,1.0,3,0.0004,1.0,0.0006,1.0
int8,2,math,13,2,1.0,3,0.5628,0.8316,1.1161,0.6639
int8,2,math,14,2,1.0,3,0.3378,0.9138,0.6606,0.8289
int8,2,math,15,2,1.0,3,0.4734,0.8862,0.9467,0.7725
int8,2,math,16,2,1.0,3,0.0199,0.998,0.0387,0.9961
int8,2,math,17,2,1.0,3,0.0,1.0,0.0,1.0
int8,2,math,18,2,1.0,3,0.0315,0.9963,0.0628,0.9926
int8,2,math,19,2,1.0,3,0.0003,1.0,0.0003,1.0
int8,2,math,20,2,1.0,3,0.0001,1.0,0.0002,1.0
int8,2,math,21,2,1.0,3,0.0,1.0,0.0,1.0
int8,2,math,22,2,1.0,3,0.0637,0.9918,0.1275,0.9835
int8,2,math,23,2,1.0,3,0.6469,0.7465,1.1995,0.5028
int8,2,math,24,1,0.5,2,0.4452,0.8684,0.8902,0.7368
int8,2,math,25,2,1.0,3,0.3494,0.9399,0.5589,0.894
int8,2,math,26,2,1.0,3,0.2316,0.9539,0.459,0.9081
int8,2,math,27,2,1.0,3,0.8008,0.8283,0.914,0.792
int8,2,math,28,1,1.0,2,0.0004,1.0,0.0004,1.0
int8,2,math,0,2,1.0,3,3.2794,0.536,5.7299,0.1567
int8,2,math,1,2,1.0,3,0.0,1.0,0.0,1.0
int8,2,math,2,0,0.0,1,0.8859,0.8248,1.7642,0.6501
int8,2,math,3,1,0.5,2,0.7981,0.7617,1.5918,0.5237
int8,2,math,4,1,0.5,2,0.8688,0.7505,1.7255,0.5018
int8,2,math,5,0,0.0,1,0.9758,0.6514,1.0022,0.5155
int8,2,math,6,2,1.0,3,0.2962,0.9484,0.5919,0.8969
int8,2,math,7,2,1.0,3,0.6657,0.8103,1.3314,0.6206
int8,2,math,8,2,1.0,3,0.0734,0.9897,0.1434,0.9797
int8,2,math,9,2,1.0,3,0.0001,1.0,0.0002,1.0
int8,2,math,10,2,1.0,3,0.0004,1.0,0.0008,1.0
int8,2,math,11,2,1.0,3,1.0247,0.7678,1.998,0.5406
int8,2,math,12,0,0.0,1,0.8857,0.7099,1.7494,0.4218
int8,2,math,13,2,1.0,3,0.1247,0.9795,0.248,0.9591
int8,2,math,14,2,1.0,3,0.7263,0.7285,1.4483,0.4572
int8,2,math,15,2,1.0,3,0.1534,0.9776,0.3064,0.9552
int8,2,math,16,2,1.0,3,0.0001,1.0,0.0001,1.0
int8,2,math,17,2,1.0,3,0.1709,0.9692,0.3379,0.9386
int8,2,math,18,2,1.0,3,0.0354,0.9964,0.07,0.9928
int8,2,math,19,2,1.0,3,0.027,0.9971,0.0495,0.9945
int8,2,math,20,2,1.0,3,0.0091,0.9992,0.0183,0.9984
int8,2,math,21,2,1.0,3,0.0005,1.0,0.0009,0.9999
int8,2,math,22,2,1.0,3,0.3825,0.9137,0.765,0.8275
int8,2,math,23,2,1.0,3,0.0,1.0,0.0,1.0
int8,2,math,24,2,1.0,3,0.0,1.0,0.0,1.0
int8,2,math,25,2,1.0,3,0.0002,1.0,0.0002,1.0
int8,2,math,26,2,1.0,3,0.0003,1.0,0.0006,1.0
int8,2,math,27,2,1.0,3,0.0004,1.0,0.0007,1.0
int8,2,math,28,2,1.0,3,0.0,1.0,0.0,1.0
int8,2,math,29,1,1.0,2,0.6999,0.8184,0.6999,0.8184
int8,2,math,0,2,1.0,3,2.8055,0.5891,5.2598,0.2092
int8,2,math,1,2,1.0,3,0.0003,1.0,0.0006,1.0
int8,2,math,2,2,1.0,3,1.2965,0.7102,2.5922,0.4204
int8,2,math,3,2,1.0,3,0.025,0.9976,0.0491,0.9952
int8,2,math,4,2,1.0,3,0.0149,0.9985,0.0299,0.997
int8,2,math,5,2,1.0,3,0.4868,0.8175,0.9723,0.6351
int8,2,math,6,2,1.0,3,0.9443,0.7015,1.8885,0.4029
int8,2,math,7,2,1.0,3,0.3226,0.9297,0.5691,0.8683
int8,2,math,8,2,1.0,3,0.292,0.9402,0.5824,0.8806
int8,2,math,9,2,1.0,3,0.0009,1.0,0.0015,0.9999
int8,2,math,10,2,1.0,3,0.9895,0.7343,1.9788,0.4687
int8,2,math,11,2,1.0,3,0.0019,0.9999,0.0038,0.9997
int8,2,math,12,2,1.0,3,0.285,0.9334,0.5699,0.8668
int8,2,math,13,2,1.0,3,0.0005,1.0,0.0006,1.0
int8,2,math,14,2,1.0,3,0.0039,0.9997,0.0066,0.9995
int8,2,math,15,2,1.0,3,0.0897,0.9868,0.1791,0.9737
int8,2,math,16,2,1.0,3,0.0001,1.0,0.0002,1.0
int8,2,math,17,2,1.0,3,0.2434,0.9553,0.4866,0.9106
int8,2,math,18,2,1.0,3,0.0,1.0,0.0001,1.0
int8,2,math,19,2,1.0,3,0.9189,0.7886,1.8377,0.5773
int8,2,math,20,2,1.0,3,0.4105,0.9366,0.4266,0.9302
int8,2,math,21,2,1.0,3,0.4675,0.829,0.935,0.6581
int8,2,math,22,2,1.0,3,0.8157,0.7754,1.404,0.5808
int8,2,math,23,2,1.0,3,0.3009,0.9487,0.3101,0.9459
int8,2,math,24,2,1.0,3,0.4095,0.873,0.8189,0.7461
int8,2,math,25,2,1.0,3,0.0038,0.9997,0.0051,0.9996
int8,2,math,26,2,1.0,3,0.0059,0.9995,0.0113,0.9991
int8,2,math,0,0,0.0,1,5.0531,0.1899,5.7449,0.1566
int8,2,math,1,2,1.0,3,0.2862,0.9672,0.5722,0.9345
int8,2,math,2,2,1.0,3,0.0698,0.9903,0.1396,0.9805
int8,2,math,3,2,1.0,3,0.4418,0.9225,0.8449,0.8484
int8,2,math,4,2,1.0,3,1.9447,0.4904,2.4288,0.4407
int8,2,math,5,0,0.0,1,1.1092,0.6692,1.1811,0.5667
int8,2,math,6,2,1.0,3,1.1482,0.6689,1.2975,0.5999
int8,2,math,7,2,1.0,3,0.0091,0.9993,0.0181,0.9985
int8,2,math,8,2,1.0,3,0.7583,0.8464,1.5161,0.6928
int8,2,math,9,2,1.0,3,0.0008,1.0,0.0015,0.9999
int8,2,math,10,2,1.0,3,0.0983,0.9887,0.1371,0.9835
int8,2,math,11,1,0.5,2,0.9152,0.6521,1.0722,0.5194
int8,2,math,12,2,1.0,3,0.3339,0.9226,0.665,0.8454
int8,2,math,13,0,0.0,1,0.7768,0.8204,1.0662,0.7092
int8,2,math,14,2,1.0,3,1.1972,0.6673,1.374,0.5347
int8,2,math,15,2,1.0,3,0.1129,0.9824,0.22,0.9652
int8,2,math,16,1,0.5,2,0.7191,0.7571,1.1614,0.56
int8,2,math,17,1,0.5,2,0.8366,0.7769,1.599,0.5609
int8,2,math,18,2,1.0,3,0.0138,0.9987,0.0254,0.9975
int8,2,math,19,2,1.0,3,0.0006,1.0,0.0012,0.9999
int8,2,math,20,2,1.0,3,0.0,1.0,0.0,1.0
int8,2,math,21,2,1.0,3,0.0,1.0,0.0,1.0
int8,2,math,22,2,1.0,3,0.0,1.0,0.0,1.0
int8,2,math,23,2,1.0,3,0.5135,0.7761,1.022,0.5526
int8,2,math,24,2,1.0,3,0.0001,1.0,0.0002,1.0
int8,2,math,25,2,1.0,3,1.0421,0.7203,1.1639,0.6022
int8,2,math,26,1,0.5,2,0.5303,0.7596,1.0605,0.5191
int8,2,math,27,2,1.0,3,0.7492,0.7999,0.8666,0.7208
int8,2,math,28,2,1.0,3,1.213,0.6234,1.6845,0.4171
int8,2,math,29,2,1.0,3,0.6403,0.8287,0.8074,0.7572
int8,2,chat,0,0,0.0,1,3.4985,0.3266,5.2166,0.1926
int8,2,chat,1,1,0.5,2,3.7965,0.4982,5.8293,0.2201
int8,2,chat,2,2,1.0,3,2.2667,0.5763,3.2205,0.4694
int8,2,chat,3,2,1.0,3,3.1876,0.5285,4.2139,0.4061
int8,2,chat,4,2,1.0,3,0.9899,0.827,1.9308,0.6592
int8,2,chat,5,1,0.5,2,4.2619,0.2157,5.2668,0.1428
int8,2,chat,6,2,1.0,3,0.2409,0.9694,0.3063,0.9592
int8,2,chat,7,2,1.0,3,0.4856,0.9285,0.9551,0.8581
int8,2,chat,8,2,1.0,3,1.0037,0.7754,1.0459,0.6725
int8,2,chat,9,1,0.5,2,0.8866,0.8053,1.7658,0.611
int8,2,chat,10,2,1.0,3,2.1968,0.6461,2.3439,0.4884
int8,2,chat,11,2,1.0,3,0.4057,0.8824,0.8055,0.7652
int8,2,chat,12,2,1.0,3,0.6403,0.7708,0.9846,0.5812
int8,2,chat,13,0,0.0,1,0.662,0.8477,1.075,0.7331
int8,2,chat,14,2,1.0,3,0.6509,0.8274,1.2404,0.6599
int8,2,chat,15,1,0.5,2,1.2518,0.6651,1.5931,0.5598
int8,2,chat,16,2,1.0,3,1.2394,0.7878,2.0963,0.6417
int8,2,chat,17,2,1.0,3,1.0375,0.773,1.5992,0.6165
int8,2,chat,18,2,1.0,3,1.2538,0.7411,1.9984,0.5612
int8,2,chat,19,2,1.0,3,0.2237,0.9719,0.3165,0.9554
int8,2,chat,20,2,1.0,3,0.0193,0.9983,0.0376,0.9966
int8,2,chat,21,2,1.0,3,0.0005,1.0,0.0009,0.9999
int8,2,chat,22,2,1.0,3,0.1834,0.9779,0.2903,0.9626
int8,2,chat,23,2,1.0,3,0.0394,0.9958,0.0783,0.9917
int8,2,chat,24,2,1.0,3,1.2562,0.773,2.4768,0.549
int8,2,chat,25,2,1.0,3,0.6668,0.8816,1.3336,0.7631
int8,2,chat,26,2,1.0,3,0.9103,0.7428,1.052,0.7061
int8,2,chat,27,2,1.0,3,0.1402,0.9843,0.2747,0.9689
int8,2,chat,28,2,1.0,3,0.0001,1.0,0.0001,1.0
int8,2,chat,29,1,1.0,2,2.0731,0.5056,2.0731,0.5056
int8,2,chat,0,2,1.0,3,1.2224,0.8371,1.2777,0.8188
int8,2,chat,1,1,0.5,2,2.3949,0.6308,4.0019,0.3763
int8,2,chat,2,2,1.0,3,3.3429,0.3871,3.4551,0.3496
int8,2,chat,3,2,1.0,3,1.3715,0.7858,2.1994,0.6295
int8,2,chat,4,0,0.0,1,1.636,0.6465,3.1572,0.3045
int8,2,chat,5,2,1.0,3,0.2837,0.9583,0.3862,0.9424
int8,2,chat,6,2,1.0,3,1.2051,0.7369,2.2899,0.4841
int8,2,chat,7,1,0.5,2,3.6692,0.238,4.0714,0.2027
int8,2,chat,8,2,1.0,3,0.6608,0.9232,1.3155,0.8468
int8,2,chat,9,0,0.0,1,2.8055,0.6021,3.7515,0.5211
int8,2,chat,10,2,1.0,3,2.7609,0.6968,4.9084,0.4986
int8,2,chat,11,0,0.0,1,1.1403,0.7473,1.1642,0.7124
int8,2,chat,12,2,1.0,3,1.1128,0.7878,1.5357,0.655
int8,2,chat,13,2,1.0,3,0.0074,0.9995,0.0129,0.9991
int8,2,chat,14,2,1.0,3,1.3618,0.7314,2.6168,0.4725
int8,2,chat,15,2,1.0,3,1.4873,0.6752,2.4026,0.4333
int8,2,chat,16,2,1.0,3,0.2175,0.9741,0.4096,0.9501
int8,2,chat,17,2,1.0,3,0.4565,0.9158,0.533,0.8843
int8,2,chat,18,2,1.0,3,0.7445,0.8437,1.4629,0.6891
int8,2,chat,19,2,1.0,3,0.4828,0.8449,0.9649,0.6899
int8,2,chat,20,2,1.0,3,0.0381,0.9969,0.0733,0.994
int8,2,chat,21,1,0.5,2,1.2074,0.7211,2.4146,0.4422
int8,2,chat,22,2,1.0,3,2.5986,0.5584,3.2478,0.5155
int8,2,chat,23,2,1.0,3,1.6507,0.6939,2.903,0.4326
int8,2,chat,24,0,0.0,1,2.6918,0.483,2.7848,0.4362
int8,2,chat,25,2,1.0,3,2.2776,0.4893,2.7516,0.2979
int8,2,chat,26,2,1.0,3,0.4082,0.9433,0.4302,0.939
int8,2,chat,27,2,1.0,3,0.8889,0.8108,1.7483,0.6243
int8,2,chat,28,1,0.5,2,2.3026,0.4967,2.8708,0.3834
int8,2,chat,29,1,0.5,2,1.4068,0.6931,2.7953,0.3874
int8,2,chat,30,2,1.0,3,1.5999,0.7134,1.8984,0.6596
int8,2,chat,0,0,0.0,1,3.1386,0.5969,6.0682,0.2207
int8,2,chat,1,2,1.0,3,1.8927,0.635,3.204,0.3776
int8,2,chat,2,2,1.0,3,1.6777,0.7426,3.1323,0.5114
int8,2,chat,3,1,0.5,2,0.7284,0.7814,1.4175,0.5658
int8,2,chat,4,2,1.0,3,1.8899,0.461,2.1977,0.444
int8,2,chat,5,2,1.0,3,1.3444,0.736,1.825,0.5987
int8,2,chat,6,2,1.0,3,1.1282,0.7498,1.2574,0.6931
int8,2,chat,7,2,1.0,3,0.8643,0.8144,1.5757,0.6405
int8,2,chat,8,2,1.0,3,0.8727,0.8562,1.735,0.713
int8,2,chat,9,2,1.0,3,0.3532,0.9375,0.5884,0.8901
int8,2,chat,10,2,1.0,3,0.2593,0.9427,0.5186,0.8854
int8,2,chat,11,0,0.0,1,0.9219,0.8467,1.7582,0.7026
int8,2,chat,12,2,1.0,3,0.5654,0.9252,1.1254,0.8508
int8,2,chat,13,1,0.5,2,0.8818,0.7522,1.5751,0.5236
int8,2,chat,14,2,1.0,3,1.3576,0.6724,1.5513,0.6478
int8,2,chat,15,2,1.0,3,0.1978,0.9771,0.3076,0.962
int8,2,chat,16,2,1.0,3,0.0036,0.9997,0.0064,0.9995
int8,2,chat,17,2,1.0,3,0.3603,0.9557,0.7034,0.9127
int8,2,chat,18,2,1.0,3,0.0963,0.9876,0.1925,0.9752
int8,2,chat,19,2,1.0,3,0.1492,0.9808,0.2195,0.9699
int8,2,chat,20,2,1.0,3,0.5574,0.9081,0.6052,0.8907
int8,2,chat,21,2,1.0,3,0.002,0.9999,0.0038,0.9998
int8,2,chat,22,2,1.0,3,0.8691,0.7753,1.7153,0.552
int8,2,chat,23,2,1.0,3,0.2414,0.972,0.3384,0.9639
int8,2,chat,24,2,1.0,3,0.9783,0.819,1.955,0.638
int8,2,chat,25,2,1.0,3,0.0459,0.9963,0.0641,0.9951
int8,2,chat,26,2,1.0,3,0.7473,0.8276,1.4897,0.6555
int8,2,chat,27,2,1.0,3,0.16,0.9776,0.3184,0.9553
int8,2,chat,28,2,1.0,3,1.0808,0.793,1.9635,0.6068
int8,2,chat,0,0,0.0,1,2.9883,0.5668,5.8648,0.1407
int8,2,chat,1,0,0.0,1,4.5696,0.2213,5.2341,0.133
int8,2,chat,2,1,0.5,2,3.9982,0.4482,5.3935,0.1173
int8,2,chat,3,2,1.0,3,1.7212,0.7534,3.437,0.507
int8,2,chat,4,2,1.0,3,3.1045,0.509,3.6236,0.3818
int8,2,chat,5,0,0.0,1,2.7335,0.4791,2.8787,0.4321
int8,2,chat,6,2,1.0,3,2.4538,0.6614,3.0983,0.5263
int8,2,chat,7,1,0.5,2,2.764,0.5005,3.0023,0.4325
int8,2,chat,8,0,0.0,1,3.6708,0.5076,4.2764,0.3734
int8,2,chat,9,2,1.0,3,2.0756,0.5252,2.1837,0.5108
int8,2,chat,10,2,1.0,3,1.636,0.6085,1.8149,0.5786
int8,2,chat,11,2,1.0,3,0.3359,0.962,0.6484,0.9258
int8,2,chat,12,0,0.0,1,2.9797,0.4175,3.6565,0.2757
int8,2,chat,13,0,0.0,1,5.5245,0.206,6.8282,0.1661
int8,2,chat,14,2,1.0,3,0.7276,0.7967,1.2454,0.6183
int8,2,chat,15,2,1.0,3,0.7834,0.7612,1.5233,0.5259
int8,2,chat,16,2,1.0,3,1.2458,0.8146,1.8733,0.7532
int8,2,chat,17,1,0.5,2,2.7176,0.4705,3.458,0.4566
int8,2,chat,18,2,1.0,3,1.5165,0.809,1.8326,0.7914
int8,2,chat,19,2,1.0,3,0.2024,0.9797,0.394,0.9602
int8,2,chat,20,2,1.0,3,1.1337,0.6879,1.9409,0.4124
int8,2,chat,21,2,1.0,3,0.1854,0.9779,0.3686,0.956
int8,2,chat,22,0,0.0,1,1.6814,0.6727,1.7299,0.6262
int8,2,chat,23,2,1.0,3,1.8357,0.7465,3.6359,0.4964
int8,2,chat,24,2,1.0,3,0.9204,0.8414,1.7197,0.6919
int8,2,chat,25,0,0.0,1,3.7654,0.5045,4.3552,0.43
int8,2,chat,26,2,1.0,3,1.6835,0.7006,3.3382,0.4029
int8,2,chat,27,2,1.0,3,0.1937,0.9842,0.2956,0.977
int8,2,chat,28,2,1.0,3,0.0502,0.9956,0.0709,0.9934
int8,2,chat,29,2,1.0,3,1.1211,0.7294,2.2228,0.46
int8,2,chat,30,1,0.5,2,2.5252,0.56,2.8372,0.4018
int8,2,chat,31,2,1.0,3,0.5725,0.9052,1.1422,0.8105
int8,2,chat,32,2,1.0,3,0.2318,0.9772,0.2928,0.9719
int8,2,chat,33,1,1.0,2,1.1636,0.854,1.1636,0.854
int8,2,chat,0,0,0.0,1,4.8769,0.2239,5.9342,0.1548
int8,2,chat,1,0,0.0,1,4.2237,0.3108,5.0861,0.1782
int8,2,chat,2,2,1.0,3,1.217,0.6836,2.047,0.4412
int8,2,chat,3,0,0.0,1,2.3355,0.5237,2.7283,0.5018
int8,2,chat,4,2,1.0,3,0.5346,0.9241,1.0266,0.8514
int8,2,chat,5,2,1.0,3,2.403,0.4817,3.0712,0.4617
int8,2,chat,6,2,1.0,3,1.4218,0.7039,1.6652,0.6734
int8,2,chat,7,2,1.0,3,0.9018,0.8351,1.0261,0.8346
int8,2,chat,8,2,1.0,3,0.6114,0.9096,1.2182,0.8196
int8,2,chat,9,1,0.5,2,2.4315,0.5971,3.2119,0.507
int8,2,chat,10,2,1.0,3,0.5093,0.9024,0.9978,0.8062
int8,2,chat,11,0,0.0,1,1.2533,0.6687,2.5049,0.3375
int8,2,chat,12,2,1.0,3,0.2304,0.9707,0.3369,0.9518
int8,2,chat,13,1,0.5,2,1.7337,0.6229,2.969,0.3062
int8,2,chat,14,2,1.0,3,1.4823,0.6922,2.8891,0.3929
int8,2,chat,15,2,1.0,3,0.2796,0.9677,0.3241,0.9624
int8,2,chat,16,1,0.5,2,2.1633,0.4557,2.5003,0.3918
int8,2,chat,17,0,0.0,1,3.2342,0.3158,4.324,0.2605
int8,2,chat,18,0,0.0,1,4.4244,0.2853,4.8595,0.2517
int8,2,chat,19,2,1.0,3,1.2169,0.8259,2.4274,0.6521
int8,2,chat,20,2,1.0,3,1.2461,0.7445,2.486,0.4894
int8,2,chat,21,1,0.5,2,1.9397,0.6675,2.3422,0.6057
int8,2,chat,22,2,1.0,3,1.4516,0.7094,1.7839,0.6246
int8,2,chat,23,0,0.0,1,2.5753,0.4488,3.0312,0.2906
int8,2,chat,24,1,0.5,2,1.2117,0.6817,2.4168,0.3637
int8,2,chat,25,0,0.0,1,1.8506,0.6405,3.664,0.2832
int8,2,chat,26,2,1.0,3,1.6338,0.6654,3.2634,0.331
int8,2,chat,27,2,1.0,3,1.6985,0.6662,1.8517,0.531
int8,2,chat,28,0,0.0,1,1.6225,0.7092,3.2335,0.419
int8,2,chat,29,2,1.0,3,0.6336,0.8288,0.9775,0.7066
int8,2,chat,30,2,1.0,3,0.8394,0.7247,1.2313,0.5089
int8,2,chat,31,1,0.5,2,0.7627,0.9062,1.525,0.8124
int8,2,chat,32,2,1.0,3,0.7151,0.8496,0.7425,0.8431
int8,2,chat,33,2,1.0,3,0.7401,0.8691,1.0832,0.7754
int8,2,chat,34,2,1.0,3,0.1565,0.9851,0.3111,0.9704
int8,2,summarization,0,0,0.0,1,2.037,0.698,4.065,0.3964
int8,2,summarization,1,0,0.0,1,2.2482,0.627,4.488,0.2545
int8,2,summarization,2,0,0.0,1,2.6718,0.5696,4.4824,0.228
int8,2,summarization,3,1,0.5,2,3.588,0.3578,3.6413,0.3067
int8,2,summarization,4,2,1.0,3,0.0769,0.9925,0.1483,0.9852
int8,2,summarization,5,2,1.0,3,0.5462,0.9209,1.088,0.8422
int8,2,summarization,6,0,0.0,1,0.7083,0.7374,1.4136,0.4749
int8,2,summarization,7,0,0.0,1,1.2322,0.771,2.4598,0.5422
int8,2,summarization,8,2,1.0,3,0.4577,0.9577,0.5154,0.956
int8,2,summarization,9,1,0.5,2,2.0803,0.622,4.1603,0.244
int8,2,summarization,10,2,1.0,3,0.4545,0.9404,0.9079,0.8808
int8,2,summarization,11,2,1.0,3,0.0151,0.9988,0.0241,0.9979
int8,2,summarization,12,0,0.0,1,0.8574,0.8287,1.713,0.6575
int8,2,summarization,13,2,1.0,3,1.6693,0.7017,2.8478,0.5022
int8,2,summarization,14,2,1.0,3,0.8741,0.7837,1.5841,0.5825
int8,2,summarization,15,2,1.0,3,0.7865,0.8146,1.1282,0.6798
int8,2,summarization,16,2,1.0,3,0.7858,0.8776,1.4601,0.7656
int8,2,summarization,17,0,0.0,1,1.6271,0.6097,2.0803,0.3612
int8,2,summarization,18,2,1.0,3,1.5613,0.6089,1.7718,0.4646
int8,2,summarization,19,2,1.0,3,0.824,0.8642,1.641,0.7288
int8,2,summarization,20,2,1.0,3,1.7089,0.7261,1.9141,0.6419
int8,2,summarization,21,2,1.0,3,2.5238,0.5183,2.7539,0.4465
int8,2,summarization,22,1,0.5,2,2.265,0.5185,2.9242,0.3369
int8,2,summarization,23,0,0.0,1,1.1361,0.8211,2.2698,0.6424
int8,2,summarization,24,0,0.0,1,1.8734,0.7043,3.7424,0.4089
int8,2,summarization,25,2,1.0,3,1.2991,0.7983,2.594,0.5968
int8,2,summarization,26,2,1.0,3,1.1249,0.7969,2.1826,0.5997
int8,2,summarization,27,2,1.0,3,0.8712,0.7967,1.7404,0.5935
int8,2,summarization,28,1,0.5,2,0.6333,0.8861,1.2429,0.7737
int8,2,summarization,29,2,1.0,3,0.2089,0.9813,0.4036,0.9639
int8,2,summarization,30,2,1.0,3,0.6782,0.856,1.3263,0.7146
int8,2,summarization,31,2,1.0,3,1.5214,0.601,2.1098,0.456
int8,2,summarization,32,2,1.0,3,0.0839,0.988,0.1674,0.976
int8,2,summarization,33,2,1.0,3,0.8754,0.8278,1.2602,0.7296
int8,2,summarization,0,0,0.0,1,4.6114,0.2984,5.3413,0.2523
int8,2,summarization,1,2,1.0,3,2.1477,0.447,2.3682,0.379
int8,2,summarization,2,0,0.0,1,2.6785,0.5473,4.4855,0.2511
int8,2,summarization,3,2,1.0,3,1.2975,0.7872,1.9929,0.6665
int8,2,summarization,4,1,0.5,2,1.0441,0.7759,2.0833,0.5521
int8,2,summarization,5,2,1.0,3,0.3236,0.9617,0.4581,0.9409
int8,2,summarization,6,2,1.0,3,1.1104,0.8169,1.128,0.7929
int8,2,summarization,7,2,1.0,3,0.0957,0.9878,0.188,0.9759
int8,2,summarization,8,2,1.0,3,0.0142,0.9988,0.0244,0.9979
int8,2,summarization,9,2,1.0,3,0.541,0.8064,1.0817,0.6128
int8,2,summarization,10,2,1.0,3,1.2109,0.65,2.0171,0.3545
int8,2,summarization,11,2,1.0,3,0.0311,0.9976,0.036,0.997
int8,2,summarization,12,2,1.0,3,0.0055,0.9996,0.0107,0.9993
int8,2,summarization,13,2,1.0,3,0.2641,0.9739,0.419,0.9602
int8,2,summarization,14,2,1.0,3,0.8815,0.7809,1.3906,0.6255
int8,2,summarization,15,2,1.0,3,0.0001,1.0,0.0001,1.0
int8,2,summarization,16,2,1.0,3,0.7272,0.9082,0.8158,0.8981
int8,2,summarization,17,2,1.0,3,0.0267,0.9975,0.0332,0.9968
int8,2,summarization,18,2,1.0,3,0.081,0.9929,0.1539,0.9865
int8,2,summarization,19,2,1.0,3,1.6525,0.6022,2.5455,0.3767
int8,2,summarization,20,2,1.0,3,0.5995,0.8984,1.1004,0.8081
int8,2,summarization,21,2,1.0,3,0.3195,0.9653,0.3715,0.9552
int8,2,summarization,22,2,1.0,3,0.9506,0.7152,1.5105,0.4704
int8,2,summarization,23,1,0.5,2,1.1065,0.7816,1.7021,0.611
int8,2,summarization,24,2,1.0,3,1.6333,0.7274,2.3116,0.5594
int8,2,summarization,25,2,1.0,3,0.3145,0.9395,0.5604,0.886
int8,2,summarization,26,2,1.0,3,0.3944,0.9436,0.6993,0.8983
int8,2,summarization,27,2,1.0,3,0.2464,0.9588,0.4927,0.9177
int8,2,summarization,28,2,1.0,3,0.158,0.9787,0.3131,0.9575
int8,2,summarization,0,0,0.0,1,1.3516,0.8212,1.9653,0.7599
int8,2,summarization,1,2,1.0,3,1.7323,0.8158,2.5371,0.7374
int8,2,summarization,2,2,1.0,3,1.3552,0.7525,2.3096,0.5456
int8,2,summarization,3,2,1.0,3,0.763,0.8952,0.9549,0.8676
int8,2,summarization,4,2,1.0,3,0.7147,0.8903,0.8181,0.8649
int8,2,summarization,5,2,1.0,3,0.2523,0.9697,0.4634,0.9435
int8,2,summarization,6,2,1.0,3,2.1165,0.5597,2.1345,0.5063
int8,2,summarization,7,2,1.0,3,2.3343,0.5418,2.6142,0.3458
int8,2,summarization,8,2,1.0,3,1.7193,0.6365,2.6424,0.4246
int8,2,summarization,9,1,0.5,2,1.708,0.5851,2.5507,0.3609
int8,2,summarization,10,1,0.5,2,0.8257,0.7975,1.5293,0.6087
int8,2,summarization,11,1,0.5,2,3.4764,0.5415,6.2234,0.1478
int8,2,summarization,12,0,0.0,1,2.5539,0.5951,4.2256,0.355
int8,2,summarization,13,1,0.5,2,3.6071,0.363,3.9618,0.2757
int8,2,summarization,14,2,1.0,3,1.279,0.8274,1.7739,0.7977
int8,2,summarization,15,0,0.0,1,1.6066,0.6496,1.6707,0.5766
int8,2,summarization,16,2,1.0,3,1.3983,0.6875,1.9394,0.5505
int8,2,summarization,17,0,0.0,1,1.695,0.6684,2.0931,0.5795
int8,2,summarization,18,0,0.0,1,2.355,0.5404,3.4215,0.3245
int8,2,summarization,19,2,1.0,3,0.8704,0.8464,1.619,0.7056
int8,2,summarization,20,1,0.5,2,2.2746,0.6123,4.4176,0.2343
int8,2,summarization,21,2,1.0,3,0.349,0.9531,0.5956,0.9162
int8,2,summarization,22,2,1.0,3,1.2295,0.7728,1.9361,0.6229
int8,2,summarization,23,2,1.0,3,1.1418,0.7826,1.8466,0.636
int8,2,summarization,24,2,1.0,3,0.7709,0.752,1.4292,0.5172
int8,2,summarization,25,2,1.0,3,2.4053,0.4388,2.6422,0.4198
int8,2,summarization,26,2,1.0,3,0.7613,0.8562,1.4877,0.715
int8,2,summarization,27,1,0.5,2,2.049,0.4346,2.7483,0.3801
int8,2,summarization,28,0,0.0,1,1.3375,0.7583,2.6713,0.5167
int8,2,summarization,29,2,1.0,3,0.4768,0.9086,0.9314,0.8188
int8,2,summarization,30,0,0.0,1,3.717,0.3684,3.7505,0.2269
int8,2,summarization,31,2,1.0,3,2.6495,0.4802,2.857,0.4481
int8,2,summarization,32,2,1.0,3,0.0004,1.0,0.0007,1.0
int8,2,summarization,33,1,1.0,2,1.0842,0.8666,1.0842,0.8666
int8,2,summarization,0,0,0.0,1,2.1311,0.5895,2.6266,0.5752
int8,2,summarization,1,0,0.0,1,3.2195,0.579,6.2821,0.171
int8,2,summarization,2,2,1.0,3,1.1194,0.7751,1.6719,0.6239
int8,2,summarization,3,2,1.0,3,3.2347,0.5856,3.3762,0.5405
int8,2,summarization,4,1,0.5,2,1.6464,0.5873,2.3306,0.3543
int8,2,summarization,5,2,1.0,3,2.426,0.4505,2.5537,0.4126
int8,2,summarization,6,2,1.0,3,1.9266,0.6108,2.0972,0.5241
int8,2,summarization,7,2,1.0,3,2.2725,0.6767,3.2519,0.5361
int8,2,summarization,8,1,0.5,2,1.7769,0.5838,3.5526,0.1676
int8,2,summarization,9,2,1.0,3,0.0033,0.9998,0.0056,0.9996
int8,2,summarization,10,2,1.0,3,1.4777,0.7359,1.5948,0.6743
int8,2,summarization,11,2,1.0,3,1.8677,0.5646,2.1859,0.4465
int8,2,summarization,12,2,1.0,3,1.376,0.7755,1.4019,0.7643
int8,2,summarization,13,2,1.0,3,0.4935,0.8941,0.987,0.7881
int8,2,summarization,14,2,1.0,3,0.0215,0.9981,0.0249,0.9979
int8,2,summarization,15,2,1.0,3,0.262,0.9536,0.5213,0.9074
int8,2,summarization,16,2,1.0,3,0.3483,0.9409,0.4815,0.912
int8,2,summarization,17,2,1.0,3,0.9154,0.8208,1.8307,0.6417
int8,2,summarization,18,2,1.0,3,0.7624,0.8409,1.5216,0.682
int8,2,summarization,19,2,1.0,3,1.2328,0.6829,2.4652,0.3658
int8,2,summarization,20,0,0.0,1,1.2224,0.6967,2.0582,0.4626
int8,2,summarization,21,2,1.0,3,0.5493,0.8331,0.9159,0.6911
int8,2,summarization,22,2,1.0,3,0.006,0.9996,0.007,0.9995
int8,2,summarization,23,2,1.0,3,1.9743,0.6454,2.5821,0.6096
int8,2,summarization,24,0,0.0,1,1.253,0.7567,2.506,0.5134
int8,2,summarization,25,2,1.0,3,0.4099,0.9392,0.7957,0.88
int8,2,summarization,26,2,1.0,3,0.4133,0.947,0.8167,0.8944
int8,2,summarization,27,2,1.0,3,0.0083,0.9994,0.0158,0.9989
int8,2,summarization,28,2,1.0,3,0.282,0.9569,0.3746,0.9311
int8,2,summarization,29,2,1.0,3,2.1118,0.635,3.0664,0.461
int8,2,summarization,0,0,0.0,1,5.1279,0.2906,5.3211,0.2637
int8,2,summarization,1,0,0.0,1,2.6654,0.6334,5.3234,0.2672
int8,2,summarization,2,2,1.0,3,2.2576,0.6072,2.5388,0.4175
int8,2,summarization,3,2,1.0,3,0.0038,0.9998,0.0073,0.9995
int8,2,summarization,4,2,1.0,3,1.9131,0.5874,2.0832,0.45
int8,2,summarization,5,2,1.0,3,0.1714,0.9757,0.2357,0.9631
int8,2,summarization,6,2,1.0,3,0.3675,0.9,0.7325,0.8002
int8,2,summarization,7,2,1.0,3,0.0177,0.9985,0.0318,0.9973
int8,2,summarization,8,2,1.0,3,0.8414,0.7859,1.0858,0.6697
int8,2,summarization,9,2,1.0,3,0.1594,0.9825,0.2106,0.9751
int8,2,summarization,10,2,1.0,3,1.15,0.7234,1.9263,0.4991
int8,2,summarization,11,0,0.0,1,0.8573,0.8034,0.863,0.7183
int8,2,summarization,12,2,1.0,3,0.6931,0.8816,0.9538,0.8501
int8,2,summarization,13,2,1.0,3,0.6321,0.8947,1.2403,0.791
int8,2,summarization,14,2,1.0,3,0.4052,0.9146,0.778,0.8317
int8,2,summarization,15,2,1.0,3,0.6977,0.7927,1.3307,0.5901
int8,2,summarization,16,2,1.0,3,0.2736,0.9384,0.54,0.8773
int8,2,summarization,17,1,0.5,2,0.3349,0.9178,0.655,0.8367
int8,2,summarization,18,1,0.5,2,0.7787,0.8436,0.9042,0.835
int8,2,summarization,19,2,1.0,3,0.3229,0.9571,0.5553,0.9253
int8,2,summarization,20,2,1.0,3,0.8664,0.7768,0.9832,0.6611
int8,2,summarization,21,1,0.5,2,0.9203,0.768,1.6974,0.5472
int8,2,summarization,22,2,1.0,3,0.3122,0.9573,0.6235,0.9147
int8,2,summarization,23,1,0.5,2,1.9193,0.6237,3.676,0.2669
int8,2,summarization,24,1,0.5,2,1.9832,0.6732,3.1204,0.4384
int8,2,summarization,25,1,0.5,2,1.4203,0.7015,1.7104,0.547
int8,2,summarization,26,2,1.0,3,1.1751,0.8077,1.7415,0.6966
int8,2,summarization,27,2,1.0,3,1.8468,0.6699,1.924,0.6009
int8,2,summarization,28,2,1.0,3,0.5734,0.9319,0.9103,0.8999
int8,2,summarization,29,0,0.0,1,1.8713,0.7172,3.3298,0.4878
int8,2,summarization,30,2,1.0,3,0.3496,0.9623,0.6299,0.932
int8,2,summarization,31,1,1.0,2,0.8924,0.8826,0.8924,0.8826
int8,4,code,0,0,0.0,1,2.0452,0.6369,2.956,0.3969
int8,4,code,1,2,0.5,3,1.0979,0.7316,2.4691,0.3979
int8,4,code,2,4,1.0,5,1.6301,0.7491,3.7914,0.4798
int8,4,code,3,4,1.0,5,0.6437,0.9079,1.0405,0.8269
int8,4,code,4,4,1.0,5,0.5156,0.852,1.2186,0.5167
int8,4,code,5,2,0.5,3,1.759,0.7173,2.8643,0.491
int8,4,code,6,4,1.0,5,0.8934,0.7958,1.3776,0.5019
int8,4,code,7,4,1.0,5,0.543,0.9253,0.9885,0.8709
int8,4,code,8,0,0.0,1,2.1437,0.5141,3.1159,0.4229
int8,4,code,9,4,1.0,5,1.2687,0.8173,3.0054,0.5746
int8,4,code,10,2,0.5,3,2.0667,0.6129,4.1021,0.1797
int8,4,code,11,4,1.0,5,1.615,0.6447,2.1961,0.4885
int8,4,code,12,4,1.0,5,1.1543,0.6589,1.9873,0.4227
int8,4,code,13,0,0.0,1,3.3637,0.315,4.0056,0.2074
int8,4,code,14,4,1.0,5,1.1009,0.7869,2.0929,0.583
int8,4,code,15,4,1.0,5,0.5812,0.9031,1.1947,0.7808
int8,4,code,16,4,1.0,5,0.4094,0.9415,1.364,0.791
int8,4,code,17,3,0.75,4,0.5414,0.8712,1.8638,0.5123
int8,4,code,18,4,1.0,5,0.9724,0.7382,2.6562,0.4141
int8,4,code,19,4,1.0,5,0.5474,0.8217,1.0194,0.5263
int8,4,code,0,0,0.0,1,2.156,0.6161,4.4177,0.239
int8,4,code,1,0,0.0,1,3.4417,0.4334,4.7687,0.2395
int8,4,code,2,0,0.0,1,5.1468,0.2325,6.8326,0.0933
int8,4,code,3,0,0.0,1,1.2795,0.7829,4.0623,0.2543
int8,4,code,4,2,0.5,3,1.7513,0.587,3.7254,0.3462
int8,4,code,5,4,1.0,5,0.9227,0.7212,1.3806,0.5457
int8,4,code,6,4,1.0,5,0.6285,0.8875,1.3546,0.7716
int8,4,code,7,4,1.0,5,0.7534,0.8316,2.8883,0.3372
int8,4,code,8,4,1.0,5,0.4514,0.9133,1.345,0.7113
int8,4,code,9,4,1.0,5,0.0628,0.9934,0.1599,0.9814
int8,4,code,10,4,1.0,5,0.8607,0.8286,2.3153,0.5432
int8,4,code,11,4,1.0,5,0.2411,0.9451,0.718,0.8072
int8,4,code,12,4,1.0,5,0.224,0.9268,0.8767,0.7087
int8,4,code,13,4,1.0,5,0.3785,0.9031,0.7912,0.8011
int8,4,code,14,4,1.0,5,0.2303,0.9442,0.9081,0.7777
int8,4,code,15,4,1.0,5,0.0222,0.9977,0.0704,0.9921
int8,4,code,16,4,1.0,5,0.2214,0.9327,0.8547,0.7329
int8,4,code,17,4,1.0,5,0.2066,0.966,0.6455,0.8908
int8,4,code,18,4,1.0,5,0.4087,0.9172,1.1938,0.7289
int8,4,code,19,3,1.0,4,0.0004,1.0,0.0007,1.0
int8,4,code,0,0,0.0,1,2.3268,0.4281,3.5453,0.3337
int8,4,code,1,0,0.0,1,1.328,0.7112,3.2086,0.2209
int8,4,code,2,4,1.0,5,0.7563,0.8226,1.451,0.5584
int8,4,code,3,4,1.0,5,0.3629,0.9435,0.7206,0.8481
int8,4,code,4,0,0.0,1,1.0047,0.8215,2.5283,0.5888
int8,4,code,5,3,0.75,4,0.8094,0.7663,1.5532,0.466
int8,4,code,6,4,1.0,5,0.1981,0.974,0.3698,0.9416
int8,4,code,7,4,1.0,5,0.6532,0.8344,1.6311,0.6108
int8,4,code,8,4,1.0,5,0.1489,0.9768,0.2884,0.9538
int8,4,code,9,4,1.0,5,0.1398,0.9732,0.465,0.9018
int8,4,code,10,4,1.0,5,0.0075,0.9995,0.0184,0.9987
int8,4,code,11,4,1.0,5,0.1458,0.9744,0.382,0.9262
int8,4,code,12,4,1.0,5,0.6098,0.835,0.9463,0.6439
int8,4,code,13,4,1.0,5,0.1423,0.981,0.2937,0.9564
int8,4,code,14,0,0.0,1,0.371,0.9076,1.2569,0.6591
int8,4,code,15,2,0.5,3,0.2987,0.8984,1.0448,0.6118
int8,4,code,16,4,1.0,5,0.038,0.9954,0.1205,0.9841
int8,4,code,17,4,1.0,5,0.2499,0.915,0.9875,0.6607
int8,4,code,18,4,1.0,5,0.0061,0.9995,0.0157,0.9987
int8,4,code,19,4,1.0,5,0.0262,0.9968,0.0958,0.9879
int8,4,code,0,0,0.0,1,2.3903,0.543,3.4343,0.4138
int8,4,code,1,0,0.0,1,0.4978,0.8694,1.8393,0.4915
int8,4,code,2,1,0.25,2,1.3006,0.7674,2.9611,0.3842
int8,4,code,3,0,0.0,1,1.7846,0.5358,2.8188,0.3593
int8,4,code,4,4,1.0,5,0.4056,0.9435,0.7047,0.8808
int8,4,code,5,4,1.0,5,0.1673,0.9824,0.2599,0.9747
int8,4,code,6,4,1.0,5,0.2134,0.971,0.777,0.8923
int8,4,code,7,1,0.25,2,1.4579,0.567,2.5015,0.3349
int8,4,code,8,0,0.0,1,0.7434,0.8597,2.954,0.4401
int8,4,code,9,4,1.0,5,0.4317,0.9245,1.6606,0.7055
int8,4,code,10,4,1.0,5,0.1744,0.9705,0.6243,0.8876
int8,4,code,11,4,1.0,5,0.3121,0.9434,1.2466,0.7737
int8,4,code,12,4,1.0,5,0.0446,0.9962,0.1097,0.9905
int8,4,code,13,4,1.0,5,0.0003,1.0,0.0005,1.0
int8,4,code,14,1,0.25,2,0.7345,0.8098,1.095,0.703
int8,4,code,15,4,1.0,5,0.3426,0.9209,1.2943,0.6896
int8,4,code,16,4,1.0,5,0.0574,0.994,0.1206,0.9858
int8,4,code,17,4,1.0,5,0.5858,0.8903,0.9479,0.8321
int8,4,code,18,4,1.0,5,0.0591,0.9941,0.1958,0.9796
int8,4,code,19,4,1.0,5,0.0123,0.9991,0.0252,0.9982
int8,4,code,20,4,1.0,5,0.0295,0.9969,0.0813,0.9909
int8,4,code,0,0,0.0,1,3.8066,0.3754,5.0229,0.2013
int8,4,code,1,0,0.0,1,3.5412,0.5618,7.5202,0.2599
int8,4,code,2,0,0.0,1,1.9845,0.6396,4.0384,0.5451
int8,4,code,3,4,1.0,5,0.9063,0.8376,2.6602,0.5269
int8,4,code,4,1,0.25,2,2.084,0.6021,2.849,0.5036
int8,4,code,5,1,0.25,2,1.5755,0.6755,3.8334,0.281
int8,4,code,6,1,0.25,2,1.0982,0.6999,1.9148,0.4501
int8,4,code,7,1,0.25,2,2.4946,0.5947,5.0084,0.2714
int8,4,code,8,0,0.0,1,1.8611,0.7186,4.0739,0.3372
int8,4,code,9,0,0.0,1,1.1519,0.8112,2.7079,0.5033
int8,4,code,10,4,1.0,5,0.5641,0.9326,1.6792,0.7993
int8,4,code,11,4,1.0,5,0.3191,0.955,0.922,0.8793
int8,4,code,12,1,0.25,2,0.7789,0.8424,1.4634,0.642
int8,4,code,13,4,1.0,5,0.9625,0.7946,2.6159,0.4316
int8,4,code,14,4,1.0,5,0.5103,0.9085,1.3593,0.7279
int8,4,code,15,0,0.0,1,0.9545,0.8026,2.2033,0.5182
int8,4,code,16,4,1.0,5,0.2059,0.9703,0.5649,0.9022
int8,4,code,17,4,1.0,5,0.1906,0.9831,0.3099,0.9651
int8,4,code,18,4,1.0,5,0.9363,0.8104,2.5072,0.3943
int8,4,code,19,4,1.0,5,1.0788,0.7639,2.0974,0.5812
int8,4,code,20,4,1.0,5,0.1214,0.9785,0.4049,0.9214
int8,4,code,21,4,1.0,5,1.5054,0.6977,3.0489,0.3152
int8,4,code,22,4,1.0,5,0.1943,0.9497,0.7264,0.8027
int8,4,code,23,4,1.0,5,0.0926,0.9911,0.2709,0.9722
int8,4,math,0,0,0.0,1,1.8427,0.7318,5.3144,0.2207
int8,4,math,1,0,0.0,1,1.291,0.8396,4.4918,0.4258
int8,4,math,2,4,1.0,5,0.0043,0.9996,0.0168,0.9985
int8,4,math,3,4,1.0,5,0.3178,0.8704,1.0597,0.5126
int8,4,math,4,4,1.0,5,0.5261,0.8027,1.0989,0.5388
int8,4,math,5,4,1.0,5,0.0002,1.0,0.0008,1.0
int8,4,math,6,4,1.0,5,0.1664,0.9581,0.6654,0.8323
int8,4,math,7,4,1.0,5,0.0,1.0,0.0001,1.0
int8,4,math,8,4,1.0,5,0.0016,0.9999,0.0053,0.9997
int8,4,math,9,4,1.0,5,0.4507,0.8673,0.9349,0.6513
int8,4,math,10,4,1.0,5,0.4582,0.9191,0.8294,0.8358
int8,4,math,11,1,0.25,2,0.5823,0.8279,1.402,0.508
int8,4,math,12,1,0.25,2,0.8337,0.757,1.205,0.5538
int8,4,math,13,4,1.0,5,0.0012,0.9999,0.0026,0.9998
int8,4,math,14,4,1.0,5,0.8715,0.7456,2.0033,0.3606
int8,4,math,15,4,1.0,5,0.493,0.8949,0.9952,0.7783
int8,4,math,16,4,1.0,5,0.2513,0.9436,0.6175,0.8478
int8,4,math,17,4,1.0,5,0.1581,0.968,0.6321,0.872
int8,4,math,18,4,1.0,5,0.3423,0.87,1.3691,0.4799
int8,4,math,0,0,0.0,1,1.9476,0.6803,4.1051,0.2502
int8,4,math,1,4,1.0,5,0.0574,0.9953,0.2294,0.9813
int8,4,math,2,4,1.0,5,0.6222,0.8433,1.8393,0.4738
int8,4,math,3,4,1.0,5,0.5635,0.8489,1.454,0.5612
int8,4,math,4,4,1.0,5,0.3333,0.936,0.6961,0.8372
int8,4,math,5,0,0.0,1,0.5298,0.8326,1.066,0.5401
int8,4,math,6,4,1.0,5,0.225,0.9597,0.7018,0.8687
int8,4,math,7,4,1.0,5,0.1278,0.9824,0.4117,0.9397
int8,4,math,8,2,0.5,3,0.257,0.9167,0.9049,0.6824
int8,4,math,9,4,1.0,5,0.0036,0.9997,0.0145,0.9988
int8,4,math,10,4,1.0,5,0.0012,0.9999,0.0028,0.9998
int8,4,math,11,4,1.0,5,0.0195,0.9977,0.0778,0.9908
int8,4,math,12,2,0.5,3,0.3715,0.8688,1.2359,0.5046
int8,4,math,13,2,0.5,3,0.3134,0.9022,1.1038,0.6293
int8,4,math,14,2,0.5,3,0.4856,0.8888,1.3235,0.6432
int8,4,math,15,4,1.0,5,0.3361,0.9415,0.7327,0.8528
int8,4,math,16,4,1.0,5,0.0736,0.9887,0.2922,0.9551
int8,4,math,17,4,1.0,5,0.2137,0.95,0.6663,0.8267
int8,4,math,18,4,1.0,5,0.0371,0.9963,0.1014,0.9899
int8,4,math,19,1,1.0,2,0.0803,0.9912,0.0803,0.9912
int8,4,math,0,4,1.0,5,1.6397,0.768,5.7299,0.1567
int8,4,math,1,1,0.25,2,0.6227,0.891,1.7642,0.6501
int8,4,math,2,1,0.25,2,0.6794,0.7772,1.5918,0.5237
int8,4,math,3,1,0.25,2,0.5555,0.8568,1.7255,0.5018
int8,4,math,4,0,0.0,1,0.9518,0.7078,1.8539,0.5155
int8,4,math,5,4,1.0,5,0.1482,0.9742,0.5919,0.8969
int8,4,math,6,4,1.0,5,0.0381,0.9948,0.1434,0.9797
int8,4,math,7,4,1.0,5,0.0006,1.0,0.0016,0.9999
int8,4,math,8,3,0.75,4,0.9497,0.7394,1.998,0.4218
int8,4,math,9,4,1.0,5,0.4244,0.8541,1.4483,0.4572
int8,4,math,10,4,1.0,5,0.2658,0.9465,0.6176,0.8495
int8,4,math,11,4,1.0,5,0.0863,0.9845,0.3379,0.9386
int8,4,math,12,4,1.0,5,0.0189,0.9981,0.07,0.9928
int8,4,math,13,4,1.0,5,0.015,0.9985,0.0418,0.9955
int8,4,math,14,4,1.0,5,0.1931,0.9567,0.765,0.8275
int8,4,math,15,4,1.0,5,0.0,1.0,0.0001,1.0
int8,4,math,16,4,1.0,5,0.0001,1.0,0.0002,1.0
int8,4,math,17,4,1.0,5,0.0774,0.987,0.309,0.9478
int8,4,math,18,4,1.0,5,0.2826,0.9392,0.6999,0.8184
int8,4,math,0,4,1.0,5,1.4028,0.7945,5.2598,0.2092
int8,4,math,1,4,1.0,5,0.6864,0.8511,2.5922,0.4204
int8,4,math,2,4,1.0,5,0.0219,0.9979,0.0491,0.9952
int8,4,math,3,4,1.0,5,0.9208,0.696,1.8885,0.4029
int8,4,math,4,4,1.0,5,0.1615,0.9649,0.5691,0.8683
int8,4,math,5,4,1.0,5,0.2842,0.9262,1.1335,0.7049
int8,4,math,6,4,1.0,5,0.4948,0.8672,1.9788,0.4687
int8,4,math,7,4,1.0,5,0.143,0.9667,0.5699,0.8668
int8,4,math,8,4,1.0,5,0.0023,0.9998,0.0066,0.9995
int8,4,math,9,4,1.0,5,0.0449,0.9934,0.1791,0.9737
int8,4,math,10,4,1.0,5,0.1217,0.9776,0.4866,0.9106
int8,4,math,11,4,1.0,5,0.4594,0.8943,1.8377,0.5773
int8,4,math,12,4,1.0,5,0.2504,0.9628,0.4266,0.9302
int8,4,math,13,4,1.0,5,0.5995,0.8512,1.404,0.5808
int8,4,math,14,4,1.0,5,0.53,0.8661,1.0094,0.7461
int8,4,math,15,4,1.0,5,0.0048,0.9996,0.0113,0.9991
int8,4,math,0,4,1.0,5,3.9493,0.3307,5.7449,0.1548
int8,4,math,1,4,1.0,5,2.3475,0.5357,3.5718,0.3151
int8,4,math,2,4,1.0,5,1.0965,0.7761,1.5187,0.635
int8,4,math,3,1,0.25,2,0.3443,0.8765,1.0756,0.5394
int8,4,math,4,4,1.0,5,0.0926,0.9898,0.2135,0.9749
int8,4,math,5,4,1.0,5,1.715,0.6829,3.2564,0.4865
int8,4,math,6,1,0.25,2,0.7103,0.8232,1.4773,0.4758
int8,4,math,7,1,0.25,2,1.5305,0.6722,2.4613,0.4367
int8,4,math,8,3,0.75,4,0.7173,0.7902,1.2933,0.5698
int8,4,math,9,4,1.0,5,0.0257,0.9973,0.0753,0.9914
int8,4,math,10,4,1.0,5,0.3983,0.9345,1.0495,0.8079
int8,4,math,11,0,0.0,1,0.4572,0.8507,1.3554,0.4886
int8,4,math,12,2,0.5,3,2.273,0.4043,4.2744,0.1993
int8,4,math,13,2,0.5,3,2.0734,0.481,2.7962,0.2711
int8,4,math,14,4,1.0,5,0.5194,0.8915,1.6022,0.6246
int8,4,math,15,4,1.0,5,0.0145,0.999,0.0358,0.9971
int8,4,math,16,4,1.0,5,0.6005,0.9252,1.8579,0.7628
int8,4,math,17,4,1.0,5,0.2449,0.9488,0.8564,0.8047
int8,4,math,18,4,1.0,5,0.0747,0.993,0.1643,0.9827
int8,4,math,19,3,1.0,4,0.3546,0.8833,0.9795,0.6589
int8,4,chat,0,0,0.0,1,3.0815,0.3794,5.2166,0.1926
int8,4,chat,1,1,0.25,2,2.5111,0.6314,5.8293,0.2201
int8,4,chat,2,4,1.0,5,2.3082,0.5671,3.2205,0.4651
int8,4,chat,3,4,1.0,5,1.0864,0.8174,1.9308,0.6592
int8,4,chat,4,0,0.0,1,3.1461,0.4826,5.2668,0.1428
int8,4,chat,5,4,1.0,5,0.7256,0.8813,1.4653,0.7283
int8,4,chat,6,4,1.0,5,1.1673,0.7664,2.6584,0.5149
int8,4,chat,7,0,0.0,1,1.3038,0.7122,1.7658,0.611
int8,4,chat,8,2,0.5,3,1.6202,0.5894,2.3439,0.4884
int8,4,chat,9,4,1.0,5,0.5348,0.8242,0.9846,0.5812
int8,4,chat,10,1,0.25,2,0.3315,0.9238,1.075,0.7331
int8,4,chat,11,4,1.0,5,0.5535,0.8563,1.2404,0.6599
int8,4,chat,12,2,0.5,3,1.3567,0.6362,2.0963,0.4358
int8,4,chat,13,3,0.75,4,1.0185,0.7768,1.9984,0.5612
int8,4,chat,14,4,1.0,5,0.4178,0.8509,1.0005,0.5078
int8,4,chat,15,4,1.0,5,0.8242,0.8039,2.075,0.4838
int8,4,chat,16,4,1.0,5,0.4672,0.926,0.9312,0.8356
int8,4,chat,17,4,1.0,5,0.4904,0.8853,0.9785,0.6978
int8,4,chat,18,4,1.0,5,0.0003,1.0,0.0008,1.0
int8,4,chat,19,4,1.0,5,0.2428,0.9683,0.5826,0.9284
int8,4,chat,20,3,1.0,4,0.7542,0.8562,2.2113,0.5727
int8,4,chat,0,4,1.0,5,1.2217,0.7837,1.6538,0.5753
int8,4,chat,1,4,1.0,5,1.9568,0.6625,3.4551,0.3496
int8,4,chat,2,0,0.0,1,2.1215,0.5295,3.5239,0.2537
int8,4,chat,3,0,0.0,1,1.5753,0.6307,3.1572,0.2806
int8,4,chat,4,2,0.5,3,0.8482,0.8016,2.7279,0.2982
int8,4,chat,5,2,0.5,3,1.9681,0.5799,3.1233,0.4186
int8,4,chat,6,1,0.25,2,3.3793,0.3317,4.0714,0.2027
int8,4,chat,7,2,0.5,3,2.3493,0.626,4.836,0.2591
int8,4,chat,8,0,0.0,1,2.1874,0.627,3.7515,0.4406
int8,4,chat,9,2,0.5,3,2.5763,0.5653,4.9084,0.3032
int8,4,chat,10,0,0.0,1,0.8368,0.8379,1.1642,0.7124
int8,4,chat,11,4,1.0,5,0.5806,0.8911,1.5357,0.655
int8,4,chat,12,3,0.75,4,1.0211,0.7674,2.6168,0.4725
int8,4,chat,13,4,1.0,5,1.1446,0.7846,2.4026,0.4333
int8,4,chat,14,4,1.0,5,0.5271,0.9141,1.0724,0.8372
int8,4,chat,15,4,1.0,5,0.249,0.9219,0.9649,0.6899
int8,4,chat,16,4,1.0,5,0.0212,0.9983,0.0733,0.994
int8,4,chat,17,2,0.5,3,1.6655,0.6681,3.2478,0.5155
int8,4,chat,18,0,0.0,1,1.542,0.7042,2.903,0.4326
int8,4,chat,19,4,1.0,5,1.6475,0.6424,3.2103,0.3173
int8,4,chat,20,0,0.0,1,1.2399,0.7392,2.3453,0.5049
int8,4,chat,21,2,0.5,3,1.0709,0.7661,2.5951,0.3717
int8,4,chat,22,3,0.75,4,1.4358,0.6869,3.4731,0.2178
int8,4,chat,23,0,0.0,1,1.7818,0.6451,3.4919,0.3818
int8,4,chat,24,1,0.25,2,1.9578,0.6193,3.5705,0.315
int8,4,chat,25,1,0.3333333333333333,2,2.4676,0.5243,4.277,0.2746
int8,4,chat,26,1,1.0,2,0.6231,0.9358,0.6231,0.9358
int8,4,chat,0,0,0.0,1,3.0285,0.5272,6.0682,0.2207
int8,4,chat,1,2,0.5,3,2.3597,0.6448,4.0959,0.405
int8,4,chat,2,4,1.0,5,2.0142,0.6904,3.4767,0.4234
int8,4,chat,3,4,1.0,5,0.7651,0.8308,2.0567,0.4558
int8,4,chat,4,3,0.75,4,1.3787,0.6921,3.5552,0.2912
int8,4,chat,5,4,1.0,5,0.7399,0.8513,0.9993,0.7935
int8,4,chat,6,2,0.5,3,1.3485,0.6915,1.9749,0.4522
int8,4,chat,7,4,1.0,5,0.6241,0.9047,2.1076,0.657
int8,4,chat,8,4,1.0,5,0.7216,0.8186,1.9961,0.4403
int8,4,chat,9,0,0.0,1,1.8103,0.5972,3.6112,0.2718
int8,4,chat,10,1,0.25,2,1.2109,0.7418,3.6194,0.2112
int8,4,chat,11,4,1.0,5,1.1872,0.7261,2.2741,0.3545
int8,4,chat,12,4,1.0,5,0.3823,0.9342,1.1253,0.8008
int8,4,chat,13,2,0.5,3,0.2045,0.9701,0.4628,0.9407
int8,4,chat,14,4,1.0,5,0.4375,0.9303,1.2583,0.8066
int8,4,chat,15,2,0.5,3,1.2252,0.6302,1.3589,0.5153
int8,4,chat,16,1,0.25,2,0.5959,0.859,0.9569,0.6633
int8,4,chat,17,2,0.5,3,0.7911,0.8175,2.3204,0.3879
int8,4,chat,18,2,0.5,3,1.0895,0.7229,2.509,0.3272
int8,4,chat,19,0,0.0,1,0.9883,0.7405,2.4626,0.365
int8,4,chat,20,4,1.0,5,0.6371,0.9051,2.0875,0.6838
int8,4,chat,21,4,1.0,5,0.0446,0.9959,0.1175,0.9891
int8,4,chat,22,1,1.0,2,0.0,1.0,0.0,1.0
int8,4,chat,0,0,0.0,1,2.5076,0.6073,5.8648,0.1407
int8,4,chat,1,0,0.0,1,3.3624,0.5945,5.9718,0.2455
int8,4,chat,2,1,0.25,2,2.7625,0.5214,4.805,0.1887
int8,4,chat,3,0,0.0,1,4.1583,0.3887,7.3705,0.0793
int8,4,chat,4,0,0.0,1,4.1414,0.411,6.3041,0.1273
int8,4,chat,5,1,0.25,2,3.0153,0.5039,5.5545,0.1994
int8,4,chat,6,4,1.0,5,3.3745,0.3976,4.0903,0.3501
int8,4,chat,7,3,0.75,4,2.0734,0.5784,3.2365,0.3384
int8,4,chat,8,2,0.5,3,1.3843,0.7373,2.6172,0.5077
int8,4,chat,9,3,0.75,4,1.5944,0.6727,2.6976,0.3275
int8,4,chat,10,0,0.0,1,3.2615,0.4137,4.3861,0.256
int8,4,chat,11,0,0.0,1,1.672,0.7561,4.7165,0.4915
int8,4,chat,12,4,1.0,5,4.0091,0.3421,5.2838,0.1688
int8,4,chat,13,0,0.0,1,4.0228,0.3363,4.5701,0.2849
int8,4,chat,14,2,0.5,3,3.6497,0.3368,4.5784,0.1889
int8,4,chat,15,2,0.5,3,1.8029,0.6631,3.8861,0.3623
int8,4,chat,16,1,0.25,2,2.2315,0.568,3.6341,0.3964
int8,4,chat,17,1,0.25,2,1.3867,0.7717,3.6115,0.3866
int8,4,chat,18,1,0.25,2,1.0431,0.6961,1.9465,0.3942
int8,4,chat,19,0,0.0,1,0.5587,0.831,2.0963,0.3388
int8,4,chat,20,4,1.0,5,0.6529,0.8525,1.3493,0.6065
int8,4,chat,21,4,1.0,5,1.4942,0.7446,3.0507,0.407
int8,4,chat,22,2,0.5,3,2.2895,0.6002,3.7749,0.2641
int8,4,chat,23,0,0.0,1,1.3876,0.6902,1.6024,0.5305
int8,4,chat,24,4,1.0,5,0.5137,0.904,1.1392,0.7266
int8,4,chat,25,0,0.0,1,1.7345,0.7153,3.9831,0.3301
int8,4,chat,26,4,1.0,5,1.3462,0.7641,3.8481,0.2708
int8,4,chat,27,4,1.0,5,2.2168,0.6414,5.1217,0.1752
int8,4,chat,28,3,0.75,4,0.4488,0.8613,1.165,0.5241
int8,4,chat,29,1,1.0,2,1.9233,0.7218,1.9233,0.7218
int8,4,chat,0,0,0.0,1,3.0464,0.4621,5.9342,0.1548
int8,4,chat,1,0,0.0,1,2.792,0.5113,5.0861,0.1782
int8,4,chat,2,3,0.75,4,1.6242,0.6785,2.7283,0.4412
int8,4,chat,3,4,1.0,5,0.7037,0.8273,1.7349,0.4617
int8,4,chat,4,4,1.0,5,1.4815,0.713,1.7942,0.6204
int8,4,chat,5,4,1.0,5,0.812,0.873,1.2182,0.8196
int8,4,chat,6,1,0.25,2,2.4983,0.5945,3.2119,0.507
int8,4,chat,7,3,0.75,4,0.9876,0.7725,2.5049,0.3375
int8,4,chat,8,4,1.0,5,0.2401,0.9702,0.4985,0.9396
int8,4,chat,9,2,0.5,3,1.9532,0.6106,2.8891,0.3929
int8,4,chat,10,4,1.0,5,1.0429,0.8166,2.5003,0.5197
int8,4,chat,11,0,0.0,1,2.243,0.4614,4.324,0.2605
int8,4,chat,12,0,0.0,1,2.8714,0.4226,4.8595,0.2517
int8,4,chat,13,0,0.0,1,2.1967,0.5858,5.3674,0.1775
int8,4,chat,14,4,1.0,5,1.5008,0.7364,3.4863,0.4118
int8,4,chat,15,4,1.0,5,1.8594,0.6315,2.8051,0.3937
int8,4,chat,16,4,1.0,5,1.8571,0.5789,2.3358,0.3875
int8,4,chat,17,0,0.0,1,1.1226,0.7558,2.9212,0.4429
int8,4,chat,18,1,0.25,2,1.4742,0.6888,4.4513,0.1865
int8,4,chat,19,0,0.0,1,1.4606,0.739,3.5621,0.2977
int8,4,chat,20,4,1.0,5,1.0768,0.8107,1.8173,0.6665
int8,4,chat,21,0,0.0,1,0.9487,0.7131,1.8668,0.3985
int8,4,chat,22,1,0.25,2,1.5498,0.6955,2.3812,0.4756
int8,4,chat,23,0,0.0,1,1.7485,0.663,4.1726,0.312
int8,4,chat,24,4,1.0,5,0.799,0.8399,2.5414,0.4529
int8,4,chat,25,0,0.0,1,0.7523,0.8257,2.6791,0.3366
int8,4,chat,26,2,0.6666666666666666,3,1.2557,0.7127,2.5733,0.313
int8,4,summarization,0,0,0.0,1,1.962,0.734,4.065,0.3964
int8,4,summarization,1,0,0.0,1,1.7027,0.7409,4.488,0.2545
int8,4,summarization,2,0,0.0,1,1.5589,0.7603,4.4824,0.228
int8,4,summarization,3,1,0.25,2,1.8924,0.6661,3.6413,0.3067
int8,4,summarization,4,4,1.0,5,0.4191,0.9403,1.088,0.8422
int8,4,summarization,5,1,0.25,2,0.5263,0.8341,1.4136,0.4749
int8,4,summarization,6,0,0.0,1,1.3916,0.7694,2.6046,0.5422
int8,4,summarization,7,4,1.0,5,0.2698,0.9738,0.5154,0.956
int8,4,summarization,8,4,1.0,5,0.2679,0.9661,0.9079,0.8808
int8,4,summarization,9,1,0.25,2,1.3168,0.7168,2.0539,0.4896
int8,4,summarization,10,4,1.0,5,1.7504,0.602,2.8478,0.422
int8,4,summarization,11,1,0.25,2,0.5495,0.8847,1.1282,0.6798
int8,4,summarization,12,4,1.0,5,0.7993,0.8121,1.8563,0.4928
int8,4,summarization,13,4,1.0,5,1.0712,0.8019,1.6174,0.6428
int8,4,summarization,14,4,1.0,5,1.5858,0.7375,2.4929,0.5473
int8,4,summarization,15,0,0.0,1,1.6417,0.7144,2.7463,0.5083
int8,4,summarization,16,4,1.0,5,1.3745,0.7965,3.1387,0.5162
int8,4,summarization,17,4,1.0,5,1.0358,0.7851,2.154,0.5306
int8,4,summarization,18,1,0.25,2,0.6853,0.8071,1.3258,0.48
int8,4,summarization,19,4,1.0,5,0.1438,0.9862,0.4907,0.9525
int8,4,summarization,20,4,1.0,5,1.0154,0.7631,2.2076,0.4441
int8,4,summarization,21,1,0.25,2,0.9696,0.8128,3.8748,0.2515
int8,4,summarization,22,4,1.0,5,0.5045,0.916,1.9061,0.6747
int8,4,summarization,23,2,0.6666666666666666,3,0.7945,0.775,1.4185,0.6294
int8,4,summarization,0,0,0.0,1,3.5464,0.4368,5.3413,0.2116
int8,4,summarization,1,3,0.75,4,3.3399,0.3351,4.5789,0.1954
int8,4,summarization,2,4,1.0,5,0.6508,0.8935,1.9929,0.6665
int8,4,summarization,3,4,1.0,5,0.4398,0.9408,1.0929,0.841
int8,4,summarization,4,4,1.0,5,0.0685,0.992,0.188,0.9759
int8,4,summarization,5,4,1.0,5,0.2718,0.9031,1.0817,0.6128
int8,4,summarization,6,4,1.0,5,0.8627,0.7785,2.0171,0.3545
int8,4,summarization,7,4,1.0,5,0.0932,0.9852,0.3588,0.9416
int8,4,summarization,8,4,1.0,5,0.5575,0.8796,1.3906,0.6255
int8,4,summarization,9,4,1.0,5,0.4623,0.8559,1.0331,0.5256
int8,4,summarization,10,4,1.0,5,0.0647,0.9935,0.1447,0.9848
int8,4,summarization,11,4,1.0,5,0.8652,0.7977,2.5455,0.3767
int8,4,summarization,12,4,1.0,5,0.4422,0.9304,1.1004,0.8081
int8,4,summarization,13,4,1.0,5,0.6564,0.8355,1.5105,0.4704
int8,4,summarization,14,0,0.0,1,0.4739,0.8961,1.7021,0.611
int8,4,summarization,15,4,1.0,5,1.0189,0.8282,2.3116,0.5594
int8,4,summarization,16,4,1.0,5,0.2897,0.9602,0.6993,0.8983
int8,4,summarization,17,4,1.0,5,0.2023,0.9687,0.4927,0.9177
int8,4,summarization,0,0,0.0,1,2.6883,0.5797,5.9156,0.1209
int8,4,summarization,1,4,1.0,5,2.1189,0.6733,2.7015,0.516
int8,4,summarization,2,3,0.75,4,1.0096,0.7859,1.598,0.5848
int8,4,summarization,3,4,1.0,5,1.302,0.7662,3.315,0.3406
int8,4,summarization,4,4,1.0,5,1.3124,0.7446,2.1345,0.5063
int8,4,summarization,5,4,1.0,5,1.6953,0.6738,2.6424,0.4246
int8,4,summarization,6,1,0.25,2,2.4341,0.5519,4.3556,0.2942
int8,4,summarization,7,1,0.25,2,2.5069,0.5419,5.997,0.1495
int8,4,summarization,8,1,0.25,2,3.6699,0.4059,6.2234,0.1478
int8,4,summarization,9,0,0.0,1,2.0266,0.6773,4.2256,0.355
int8,4,summarization,10,1,0.25,2,2.442,0.6001,3.9618,0.2757
int8,4,summarization,11,2,0.5,3,1.4717,0.7298,3.1996,0.2797
int8,4,summarization,12,0,0.0,1,1.7329,0.6675,2.1261,0.5532
int8,4,summarization,13,3,0.75,4,1.5997,0.5933,2.3052,0.4187
int8,4,summarization,14,0,0.0,1,2.4479,0.4461,3.4215,0.322
int8,4,summarization,15,4,1.0,5,0.5564,0.9085,1.619,0.7056
int8,4,summarization,16,4,1.0,5,0.8498,0.8506,1.9361,0.6229
int8,4,summarization,17,0,0.0,1,1.6907,0.5699,2.9649,0.3391
int8,4,summarization,18,4,1.0,5,0.7849,0.8451,1.8466,0.636
int8,4,summarization,19,4,1.0,5,1.4442,0.6776,2.6422,0.4198
int8,4,summarization,20,3,0.75,4,1.7579,0.5643,2.7483,0.3801
int8,4,summarization,21,0,0.0,1,0.9789,0.8065,2.6713,0.5167
int8,4,summarization,22,3,0.75,4,1.4541,0.6697,3.6834,0.2269
int8,4,summarization,23,4,1.0,5,1.3258,0.74,2.857,0.4481
int8,4,summarization,24,2,1.0,3,0.5509,0.9326,1.0842,0.8666
int8,4,summarization,0,0,0.0,1,2.0251,0.609,3.334,0.313
int8,4,summarization,1,0,0.0,1,1.926,0.6908,6.2821,0.171
int8,4,summarization,2,4,1.0,5,2.3109,0.635,3.9116,0.3591
int8,4,summarization,3,0,0.0,1,1.8248,0.6615,3.123,0.388
int8,4,summarization,4,1,0.25,2,2.1974,0.4816,2.8458,0.3394
int8,4,summarization,5,4,1.0,5,1.7845,0.5827,2.5537,0.4126
int8,4,summarization,6,0,0.0,1,2.814,0.4289,3.4915,0.3542
int8,4,summarization,7,4,1.0,5,1.7104,0.7534,3.2519,0.5361
int8,4,summarization,8,2,0.5,3,0.6098,0.8728,1.4682,0.701
int8,4,summarization,9,4,1.0,5,1.4289,0.6958,2.1859,0.4465
int8,4,summarization,10,4,1.0,5,1.2654,0.7479,1.4019,0.6691
int8,4,summarization,11,4,1.0,5,0.5468,0.9014,1.1571,0.7881
int8,4,summarization,12,4,1.0,5,0.2534,0.9546,0.5213,0.9074
int8,4,summarization,13,4,1.0,5,0.9914,0.7688,1.8307,0.5291
int8,4,summarization,14,4,1.0,5,0.9973,0.7619,2.4652,0.3658
int8,4,summarization,15,0,0.0,1,0.666,0.8417,2.0582,0.4626
int8,4,summarization,16,4,1.0,5,0.3302,0.91,0.9159,0.6911
int8,4,summarization,17,4,1.0,5,1.1774,0.7758,2.5821,0.6096
int8,4,summarization,18,4,1.0,5,0.6216,0.8797,0.85,0.7459
int8,4,summarization,19,4,1.0,5,0.5208,0.9204,2.0322,0.6848
int8,4,summarization,20,4,1.0,5,1.6834,0.6902,3.0664,0.461
int8,4,summarization,0,0,0.0,1,3.5471,0.4669,5.3211,0.2637
int8,4,summarization,1,0,0.0,1,1.8002,0.6533,5.3234,0.2672
int8,4,summarization,2,4,1.0,5,1.157,0.8009,2.5388,0.4175
int8,4,summarization,3,4,1.0,5,1.1478,0.7704,2.0832,0.45
int8,4,summarization,4,4,1.0,5,0.2353,0.9451,0.7325,0.8002
int8,4,summarization,5,4,1.0,5,0.1591,0.9747,0.5971,0.9022
int8,4,summarization,6,4,1.0,5,0.5866,0.9004,1.6069,0.6929
int8,4,summarization,7,2,0.5,3,0.5512,0.8864,0.863,0.7183
int8,4,summarization,8,4,1.0,5,0.5371,0.9228,0.9538,0.8501
int8,4,summarization,9,4,1.0,5,0.3461,0.9353,0.778,0.8317
int8,4,summarization,10,4,1.0,5,0.5554,0.8549,1.3307,0.5901
int8,4,summarization,11,4,1.0,5,0.1981,0.9555,0.655,0.8367
int8,4,summarization,12,3,0.75,4,0.5518,0.8651,1.8752,0.4904
int8,4,summarization,13,2,0.5,3,1.2223,0.8148,2.1511,0.6777
int8,4,summarization,14,1,0.25,2,3.5376,0.5236,7.7561,0.0941
int8,4,summarization,15,4,1.0,5,1.1911,0.7193,2.2045,0.445
int8,4,summarization,16,4,1.0,5,0.6313,0.8758,1.778,0.5847
int8,4,summarization,17,0,0.0,1,1.3415,0.7862,3.7394,0.333
int8,4,summarization,18,2,0.5,3,0.8279,0.805,2.3904,0.317
int8,4,summarization,19,1,0.25,2,1.424,0.6985,3.7958,0.1867
int8,4,summarization,20,3,0.75,4,0.5889,0.8906,0.8326,0.8139
int8,4,summarization,21,1,1.0,2,0.0062,0.9996,0.0062,0.9996
int8,6,code,0,0,0.0,1,2.1051,0.5726,2.956,0.3268
int8,6,code,1,2,0.3333333333333333,3,0.9695,0.7879,2.4691,0.3979
int8,6,code,2,6,1.0,7,1.6921,0.7371,3.7914,0.4798
int8,6,code,3,6,1.0,7,0.556,0.868,1.2186,0.5167
int8,6,code,4,3,0.5,4,1.4887,0.7156,2.8643,0.491
int8,6,code,5,6,1.0,7,0.8097,0.8359,1.3776,0.5019
int8,6,code,6,3,0.5,4,1.5024,0.7046,3.1159,0.4229
int8,6,code,7,6,1.0,7,1.8073,0.6994,4.1021,0.1797
int8,6,code,8,0,0.0,1,1.183,0.7625,1.8201,0.6311
int8,6,code,9,6,1.0,7,1.1093,0.7607,2.1961,0.4885
int8,6,code,10,3,0.5,4,2.56,0.364,4.0056,0.2074
int8,6,code,11,5,0.8333333333333334,6,1.0343,0.7874,1.7556,0.5556
int8,6,code,12,6,1.0,7,0.1359,0.9835,0.4622,0.936
int8,6,code,13,6,1.0,7,0.3536,0.9262,1.6475,0.6074
int8,6,code,14,1,0.16666666666666666,2,0.672,0.7998,1.0988,0.553
int8,6,code,15,5,0.8333333333333334,6,0.3182,0.9176,0.9793,0.6675
int8,6,code,0,0,0.0,1,1.5214,0.7341,4.4177,0.239
int8,6,code,1,0,0.0,1,3.2118,0.4328,4.7687,0.2395
int8,6,code,2,0,0.0,1,4.387,0.3041,6.8326,0.0933
int8,6,code,3,0,0.0,1,0.9739,0.8364,4.0623,0.2543
int8,6,code,4,2,0.3333333333333333,3,1.5914,0.6308,3.7254,0.3462
int8,6,code,5,4,0.6666666666666666,5,1.0803,0.6996,2.4467,0.3501
int8,6,code,6,6,1.0,7,1.3194,0.7332,2.8883,0.3372
int8,6,code,7,6,1.0,7,0.2793,0.9452,1.345,0.7113
int8,6,code,8,6,1.0,7,0.0506,0.9947,0.1599,0.9814
int8,6,code,9,3,0.5,4,0.6332,0.8342,2.3153,0.5078
int8,6,code,10,6,1.0,7,0.4299,0.8948,0.8767,0.7087
int8,6,code,11,6,1.0,7,0.1339,0.9667,0.7912,0.8011
int8,6,code,12,6,1.0,7,0.1545,0.9627,0.9081,0.7777
int8,6,code,13,5,0.8333333333333334,6,0.1511,0.9548,0.8547,0.7329
int8,6,code,14,6,1.0,7,0.1456,0.9767,0.6422,0.8919
int8,6,code,15,6,1.0,7,0.3323,0.9347,1.0871,0.7672
int8,6,code,16,2,1.0,3,0.0006,1.0,0.0007,1.0
int8,6,code,0,0,0.0,1,2.1037,0.5103,3.5453,0.3337
int8,6,code,1,0,0.0,1,1.3612,0.705,3.2086,0.2209
int8,6,code,2,6,1.0,7,0.5736,0.8759,1.451,0.5584
int8,6,code,3,3,0.5,4,0.7518,0.8624,2.5283,0.5888
int8,6,code,4,3,0.5,4,0.6323,0.8284,1.5532,0.466
int8,6,code,5,6,1.0,7,0.2787,0.9529,0.8785,0.8213
int8,6,code,6,6,1.0,7,0.2156,0.9269,0.9763,0.6108
int8,6,code,7,0,0.0,1,0.5487,0.8224,1.4479,0.4778
int8,6,code,8,6,1.0,7,0.0947,0.9821,0.465,0.9018
int8,6,code,9,6,1.0,7,0.037,0.995,0.1849,0.9725
int8,6,code,10,6,1.0,7,0.4171,0.889,0.9463,0.6439
int8,6,code,11,4,0.6666666666666666,5,0.4196,0.9053,1.2569,0.6591
int8,6,code,12,2,0.3333333333333333,3,0.2374,0.9265,1.0448,0.6118
int8,6,code,13,6,1.0,7,0.1933,0.9193,0.9972,0.5351
int8,6,code,14,6,1.0,7,0.17,0.943,0.9875,0.6607
int8,6,code,15,5,1.0,6,0.021,0.9974,0.0958,0.9879
int8,6,code,0,0,0.0,1,1.7897,0.6659,3.4343,0.4138
int8,6,code,1,0,0.0,1,0.3324,0.9129,1.8393,0.4915
int8,6,code,2,1,0.16666666666666666,2,1.1522,0.7724,2.9611,0.3842
int8,6,code,3,0,0.0,1,1.4854,0.6369,2.8188,0.3593
int8,6,code,4,6,1.0,7,0.3861,0.9454,0.7047,0.8808
int8,6,code,5,6,1.0,7,0.3263,0.942,0.8562,0.7936
int8,6,code,6,2,0.3333333333333333,3,1.081,0.6986,2.5015,0.3349
int8,6,code,7,0,0.0,1,0.4971,0.9063,2.954,0.4401
int8,6,code,8,6,1.0,7,0.4935,0.9085,1.6606,0.7055
int8,6,code,9,6,1.0,7,0.0123,0.9991,0.0697,0.9947
int8,6,code,10,6,1.0,7,0.1476,0.9795,0.7073,0.8924
int8,6,code,11,5,0.8333333333333334,6,0.3242,0.9211,1.095,0.7315
int8,6,code,12,6,1.0,7,0.3634,0.9115,1.2943,0.6896
int8,6,code,13,6,1.0,7,0.4207,0.9228,0.9479,0.8321
int8,6,code,14,6,1.0,7,0.2036,0.955,0.7805,0.7741
int8,6,code,15,6,1.0,7,0.0245,0.9977,0.0813,0.9909
int8,6,code,16,2,1.0,3,0.1334,0.9811,0.2665,0.9622
int8,6,code,0,0,0.0,1,3.1211,0.4405,5.0229,0.2013
int8,6,code,1,0,0.0,1,3.1397,0.5687,7.5202,0.2599
int8,6,code,2,0,0.0,1,1.3585,0.7565,4.0384,0.5451
int8,6,code,3,4,0.6666666666666666,5,1.3565,0.716,3.3497,0.4142
int8,6,code,4,6,1.0,7,2.7689,0.5475,4.7612,0.2982
int8,6,code,5,5,0.8333333333333334,6,1.3888,0.7163,2.8759,0.4092
int8,6,code,6,6,1.0,7,0.5567,0.9092,1.0987,0.7997
int8,6,code,7,4,0.6666666666666666,5,0.2962,0.9555,1.1344,0.7959
int8,6,code,8,3,0.5,4,0.6348,0.8663,1.9707,0.4732
int8,6,code,9,6,1.0,7,0.1243,0.987,0.3183,0.9685
int8,6,code,10,3,0.5,4,0.7747,0.8704,1.6723,0.6122
int8,6,code,11,6,1.0,7,0.2662,0.9506,1.1913,0.7381
int8,6,code,12,6,1.0,7,0.3813,0.9531,1.505,0.8144
int8,6,code,13,3,0.5,4,1.1436,0.7493,2.6875,0.3755
int8,6,code,14,6,1.0,7,0.1603,0.9796,0.4845,0.9342
int8,6,code,15,6,1.0,7,0.1901,0.9753,0.5617,0.904
int8,6,math,0,0,0.0,1,1.2327,0.8208,5.3144,0.2207
int8,6,math,1,0,0.0,1,1.3763,0.8005,4.4918,0.4258
int8,6,math,2,4,0.6666666666666666,5,0.4535,0.9002,2.6622,0.4067
int8,6,math,3,6,1.0,7,0.6028,0.7816,1.2471,0.5126
int8,6,math,4,6,1.0,7,0.0257,0.9966,0.15,0.9796
int8,6,math,5,6,1.0,7,0.111,0.972,0.6654,0.8323
int8,6,math,6,6,1.0,7,0.1724,0.9506,1.0287,0.7042
int8,6,math,7,6,1.0,7,0.3006,0.9115,0.9349,0.6513
int8,6,math,8,4,0.6666666666666666,5,0.4874,0.8881,0.9336,0.6742
int8,6,math,9,1,0.16666666666666666,2,0.7166,0.7928,1.402,0.508
int8,6,math,10,1,0.16666666666666666,2,0.6776,0.8196,1.205,0.5538
int8,6,math,11,6,1.0,7,0.2457,0.9371,1.469,0.6232
int8,6,math,12,6,1.0,7,0.8348,0.7945,2.0033,0.3606
int8,6,math,13,6,1.0,7,0.1675,0.9624,0.6175,0.8478
int8,6,math,14,6,1.0,7,0.1054,0.9787,0.6321,0.872
int8,6,math,15,1,1.0,2,0.0001,1.0,0.0001,1.0
int8,6,math,0,0,0.0,1,1.3256,0.783,4.1051,0.2502
int8,6,math,1,6,1.0,7,0.151,0.9796,0.644,0.8998
int8,6,math,2,6,1.0,7,0.498,0.8763,1.8393,0.4738
int8,6,math,3,6,1.0,7,0.4361,0.9004,1.279,0.6586
int8,6,math,4,0,0.0,1,0.4528,0.8589,1.0376,0.5401
int8,6,math,5,6,1.0,7,0.4597,0.8709,1.1481,0.5349
int8,6,math,6,6,1.0,7,0.0021,0.9998,0.0095,0.9993
int8,6,math,7,6,1.0,7,0.6307,0.8372,2.1614,0.423
int8,6,math,8,6,1.0,7,0.1271,0.9661,0.7229,0.8006
int8,6,math,9,6,1.0,7,0.0107,0.9988,0.0628,0.9926
int8,6,math,10,6,1.0,7,0.0306,0.9962,0.1275,0.9835
int8,6,math,11,4,0.6666666666666666,5,0.3913,0.8677,1.1995,0.5028
int8,6,math,12,2,0.3333333333333333,3,0.4597,0.8754,1.2905,0.496
int8,6,math,13,6,1.0,7,0.4617,0.9097,0.914,0.792
int8,6,math,0,6,1.0,7,1.1072,0.8436,5.7299,0.1567
int8,6,math,1,1,0.16666666666666666,2,0.4914,0.8456,1.5918,0.5237
int8,6,math,2,1,0.16666666666666666,2,0.4902,0.8717,1.7255,0.5018
int8,6,math,3,0,0.0,1,0.77,0.7716,1.8539,0.5155
int8,6,math,4,6,1.0,7,0.3207,0.9196,1.3314,0.6206
int8,6,math,5,6,1.0,7,0.0019,0.9999,0.0054,0.9996
int8,6,math,6,4,0.6666666666666666,5,0.637,0.8259,1.998,0.4218
int8,6,math,7,6,1.0,7,0.3068,0.8996,1.4483,0.4572
int8,6,math,8,6,1.0,7,0.2109,0.9572,0.6176,0.8495
int8,6,math,9,0,0.0,1,0.1484,0.966,0.7567,0.8104
int8,6,math,10,6,1.0,7,0.0278,0.9971,0.07,0.9928
int8,6,math,11,6,1.0,7,0.0012,0.9999,0.0064,0.9995
int8,6,math,12,6,1.0,7,0.0012,0.9999,0.0072,0.9995
int8,6,math,13,6,1.0,7,0.0517,0.9913,0.309,0.9478
int8,6,math,14,6,1.0,7,0.1884,0.9595,0.6999,0.8184
int8,6,math,0,6,1.0,7,0.9454,0.8618,5.2598,0.2092
int8,6,math,1,6,1.0,7,0.0302,0.9971,0.0919,0.9911
int8,6,math,2,6,1.0,7,0.6141,0.7973,1.8885,0.4029
int8,6,math,3,6,1.0,7,0.3938,0.9075,1.1335,0.7049
int8,6,math,4,6,1.0,7,0.3301,0.9114,1.9788,0.4687
int8,6,math,5,6,1.0,7,0.0955,0.9778,0.5699,0.8668
int8,6,math,6,6,1.0,7,0.0312,0.9955,0.1791,0.9737
int8,6,math,7,6,1.0,7,0.0812,0.9851,0.4866,0.9106
int8,6,math,8,6,1.0,7,0.4797,0.9033,1.8377,0.5773
int8,6,math,9,6,1.0,7,0.5555,0.8438,1.404,0.5808
int8,6,math,10,6,1.0,7,0.3542,0.9107,1.0094,0.7461
int8,6,math,11,3,1.0,4,0.004,0.9997,0.0113,0.9991
int8,6,math,0,6,1.0,7,3.2785,0.4304,5.7449,0.1548
int8,6,math,1,6,1.0,7,1.5907,0.6669,2.0857,0.5667
int8,6,math,2,6,1.0,7,0.4237,0.8874,1.0756,0.5394
int8,6,math,3,6,1.0,7,1.1471,0.7886,3.4177,0.4493
int8,6,math,4,2,0.3333333333333333,3,1.1227,0.7394,2.6692,0.3593
int8,6,math,5,1,0.16666666666666666,2,1.4161,0.7098,2.5035,0.4328
int8,6,math,6,6,1.0,7,0.1388,0.98,0.4379,0.9314
int8,6,math,7,6,1.0,7,0.0162,0.9984,0.0515,0.9945
int8,6,math,8,2,0.3333333333333333,3,0.3379,0.9225,1.378,0.6048
int8,6,math,9,2,0.3333333333333333,3,2.1321,0.469,4.2311,0.2104
int8,6,math,10,2,0.3333333333333333,3,1.4307,0.6467,2.7961,0.2691
int8,6,math,11,6,1.0,7,0.3227,0.9258,1.6041,0.5901
int8,6,math,12,6,1.0,7,0.5195,0.9342,1.7303,0.7799
int8,6,math,13,6,1.0,7,0.2024,0.9596,0.8735,0.7992
int8,6,math,14,3,1.0,4,0.0791,0.9924,0.1545,0.9837
int8,6,chat,0,0,0.0,1,2.5683,0.5081,5.2166,0.1926
int8,6,chat,1,1,0.16666666666666666,2,3.1957,0.4944,5.8293,0.1895
int8,6,chat,2,6,1.0,7,2.4202,0.586,4.2139,0.4061
int8,6,chat,3,3,0.5,4,2.6519,0.5302,5.2668,0.1428
int8,6,chat,4,6,1.0,7,0.9295,0.8398,2.6584,0.5149
int8,6,chat,5,3,0.5,4,0.8896,0.8093,1.7658,0.611
int8,6,chat,6,2,0.3333333333333333,3,1.1649,0.7116,2.3439,0.4884
int8,6,chat,7,6,1.0,7,0.406,0.8762,0.9846,0.5812
int8,6,chat,8,4,0.6666666666666666,5,0.6347,0.8308,1.5931,0.5598
int8,6,chat,9,2,0.3333333333333333,3,1.3673,0.6448,2.6731,0.3356
int8,6,chat,10,6,1.0,7,0.8273,0.8296,1.9984,0.5612
int8,6,chat,11,6,1.0,7,0.2194,0.9657,1.1118,0.8128
int8,6,chat,12,6,1.0,7,0.2064,0.9686,0.5314,0.8986
int8,6,chat,13,6,1.0,7,1.1867,0.7614,2.4768,0.549
int8,6,chat,14,6,1.0,7,0.4552,0.8696,1.6816,0.4693
int8,6,chat,15,2,1.0,3,1.0376,0.7527,2.0731,0.5056
int8,6,chat,0,4,0.6666666666666666,5,1.6143,0.7388,4.0019,0.3763
int8,6,chat,1,5,0.8333333333333334,6,2.2584,0.5889,3.5239,0.2537
int8,6,chat,2,0,0.0,1,1.1499,0.7419,3.1572,0.2806
int8,6,chat,3,2,0.3333333333333333,3,1.4121,0.68,2.8554,0.2982
int8,6,chat,4,2,0.3333333333333333,3,2.2356,0.5748,4.7755,0.2405
int8,6,chat,5,1,0.16666666666666666,2,3.2694,0.3998,4.0714,0.2027
int8,6,chat,6,2,0.3333333333333333,3,2.0826,0.6836,4.836,0.2591
int8,6,chat,7,0,0.0,1,2.5478,0.5401,3.952,0.3288
int8,6,chat,8,2,0.3333333333333333,3,2.0586,0.6688,4.9084,0.3032
int8,6,chat,9,0,0.0,1,0.5836,0.8888,1.1642,0.7124
int8,6,chat,10,6,1.0,7,0.3874,0.9274,1.5357,0.655
int8,6,chat,11,1,0.16666666666666666,2,1.6543,0.612,2.6168,0.37
int8,6,chat,12,6,1.0,7,0.946,0.8289,2.4026,0.4333
int8,6,chat,13,6,1.0,7,0.5191,0.8748,1.4629,0.6891
int8,6,chat,14,5,0.8333333333333334,6,0.4166,0.9059,2.4146,0.4422
int8,6,chat,15,2,0.3333333333333333,3,1.8522,0.6563,3.2478,0.5155
int8,6,chat,16,0,0.0,1,1.96,0.6098,2.993,0.3119
int8,6,chat,17,4,0.6666666666666666,5,1.5082,0.6606,3.2103,0.3173
int8,6,chat,18,0,0.0,1,1.4799,0.7092,2.5555,0.5049
int8,6,chat,19,2,0.3333333333333333,3,1.508,0.6787,3.0877,0.3717
int8,6,chat,20,3,0.5,4,1.869,0.5802,3.4731,0.2178
int8,6,chat,21,0,0.0,1,1.4987,0.673,3.4919,0.3818
int8,6,chat,22,1,0.2,2,2.1141,0.6111,3.5705,0.315
int8,6,chat,23,1,0.3333333333333333,2,2.4676,0.5243,4.277,0.2746
int8,6,chat,24,1,1.0,2,0.6231,0.9358,0.6231,0.9358
int8,6,chat,0,0,0.0,1,2.3641,0.6111,6.0682,0.2207
int8,6,chat,1,2,0.3333333333333333,3,1.9167,0.6924,4.0959,0.405
int8,6,chat,2,4,0.6666666666666666,5,1.7627,0.7186,3.4767,0.4234
int8,6,chat,3,6,1.0,7,0.5557,0.881,2.0567,0.4558
int8,6,chat,4,1,0.16666666666666666,2,1.3296,0.7294,3.5552,0.2912
int8,6,chat,5,6,1.0,7,0.4964,0.9006,0.9993,0.7935
int8,6,chat,6,0,0.0,1,1.6607,0.5911,1.9749,0.4046
int8,6,chat,7,6,1.0,7,0.7576,0.8422,2.1076,0.4403
int8,6,chat,8,2,0.3333333333333333,3,0.9543,0.7559,2.7795,0.3954
int8,6,chat,9,0,0.0,1,1.6417,0.6405,3.6112,0.2718
int8,6,chat,10,1,0.16666666666666666,2,0.9198,0.8104,3.6194,0.2112
int8,6,chat,11,6,1.0,7,1.1354,0.7424,2.2741,0.3545
int8,6,chat,12,5,0.8333333333333334,6,0.2638,0.9571,0.4628,0.9231
int8,6,chat,13,4,0.6666666666666666,5,0.7344,0.8173,1.3336,0.4936
int8,6,chat,14,2,0.3333333333333333,3,0.8173,0.7534,1.3589,0.5153
int8,6,chat,15,1,0.16666666666666666,2,0.5547,0.8792,0.9569,0.6633
int8,6,chat,16,2,0.3333333333333333,3,0.6229,0.8661,2.3204,0.3879
int8,6,chat,17,2,0.3333333333333333,3,1.0713,0.7631,2.509,0.3272
int8,6,chat,18,0,0.0,1,0.6589,0.827,2.4626,0.365
int8,6,chat,19,6,1.0,7,0.8152,0.8785,2.2249,0.6615
int8,6,chat,20,4,1.0,5,0.0148,0.9987,0.0418,0.9962
int8,6,chat,0,0,0.0,1,2.4423,0.6243,5.8648,0.1407
int8,6,chat,1,0,0.0,1,3.7975,0.5015,5.9718,0.1765
int8,6,chat,2,1,0.16666666666666666,2,2.9531,0.5153,5.5991,0.1704
int8,6,chat,3,0,0.0,1,4.0466,0.3997,7.3705,0.0793
int8,6,chat,4,0,0.0,1,3.3255,0.5102,6.3041,0.1273
int8,6,chat,5,1,0.16666666666666666,2,3.5,0.4781,6.7444,0.1994
int8,6,chat,6,4,0.6666666666666666,5,3.6074,0.3921,4.6013,0.2426
int8,6,chat,7,3,0.5,4,2.1463,0.572,3.2365,0.3384
int8,6,chat,8,2,0.3333333333333333,3,1.5003,0.7159,3.4463,0.3471
int8,6,chat,9,3,0.5,4,1.7632,0.6758,4.1848,0.3275
int8,6,chat,10,0,0.0,1,3.2814,0.4221,5.8089,0.1122
int8,6,chat,11,0,0.0,1,1.2281,0.8278,4.7165,0.4915
int8,6,chat,12,5,0.8333333333333334,6,4.0348,0.3318,5.2838,0.1688
int8,6,chat,13,2,0.3333333333333333,3,3.287,0.4187,4.5784,0.1889
int8,6,chat,14,2,0.3333333333333333,3,1.2051,0.7752,3.8861,0.3623
int8,6,chat,15,0,0.0,1,1.491,0.7118,3.6341,0.3964
int8,6,chat,16,0,0.0,1,1.8999,0.6514,3.5253,0.2969
int8,6,chat,17,2,0.3333333333333333,3,2.2528,0.5875,4.9513,0.178
int8,6,chat,18,3,0.5,4,1.3078,0.7673,3.5265,0.3669
int8,6,chat,19,6,1.0,7,0.5847,0.8801,3.2203,0.3248
int8,6,chat,20,6,1.0,7,0.106,0.9842,0.5391,0.9134
int8,6,chat,21,6,1.0,7,0.7356,0.879,2.4599,0.5514
int8,6,chat,22,6,1.0,7,0.9776,0.8313,2.6359,0.4575
int8,6,chat,23,5,1.0,6,0.397,0.9001,1.5378,0.5407
int8,6,chat,0,0,0.0,1,2.0412,0.6406,5.9342,0.1548
int8,6,chat,1,0,0.0,1,1.9434,0.6583,5.0861,0.1782
int8,6,chat,2,3,0.5,4,1.6813,0.618,2.7283,0.4412
int8,6,chat,3,6,1.0,7,1.1957,0.7725,3.0712,0.4617
int8,6,chat,4,6,1.0,7,1.1656,0.7701,1.7942,0.6204
int8,6,chat,5,2,0.3333333333333333,3,2.1588,0.6679,3.2119,0.507
int8,6,chat,6,3,0.5,4,0.6702,0.8475,2.5049,0.3375
int8,6,chat,7,4,0.6666666666666666,5,1.1864,0.7534,3.1887,0.3062
int8,6,chat,8,2,0.3333333333333333,3,2.0159,0.5721,2.8891,0.3929
int8,6,chat,9,4,0.6666666666666666,5,1.1403,0.743,2.5003,0.3918
int8,6,chat,10,0,0.0,1,2.3482,0.4976,4.324,0.2605
int8,6,chat,11,0,0.0,1,2.778,0.4656,4.8595,0.2517
int8,6,chat,12,2,0.3333333333333333,3,1.2086,0.7371,3.2954,0.4871
int8,6,chat,13,4,0.6666666666666666,5,1.9213,0.6497,4.1829,0.1759
int8,6,chat,14,6,1.0,7,2.3262,0.5206,3.8255,0.291
int8,6,chat,15,1,0.16666666666666666,2,1.1651,0.7737,3.7365,0.2261
int8,6,chat,16,2,0.3333333333333333,3,1.8391,0.6948,5.4524,0.1541
int8,6,chat,17,6,1.0,7,1.5904,0.7108,2.3846,0.5812
int8,6,chat,18,6,1.0,7,1.3185,0.6896,2.0723,0.5357
int8,6,chat,19,4,1.0,5,0.7854,0.8218,2.3429,0.4059
int8,6,summarization,0,0,0.0,1,1.4297,0.8058,4.065,0.3964
int8,6,summarization,1,0,0.0,1,1.1808,0.8211,4.488,0.2545
int8,6,summarization,2,0,0.0,1,1.6005,0.7445,4.4824,0.228
int8,6,summarization,3,0,0.0,1,1.6024,0.7127,3.6413,0.3067
int8,6,summarization,4,0,0.0,1,1.1304,0.7475,2.7418,0.3804
int8,6,summarization,5,0,0.0,1,1.7114,0.6521,3.7272,0.2933
int8,6,summarization,6,1,0.16666666666666666,2,1.3633,0.665,2.238,0.3234
int8,6,summarization,7,1,0.16666666666666666,2,1.0281,0.7435,2.3314,0.3797
int8,6,summarization,8,6,1.0,7,1.2632,0.7842,3.9572,0.3104
int8,6,summarization,9,6,1.0,7,0.8989,0.8159,3.7459,0.2168
int8,6,summarization,10,6,1.0,7,0.4375,0.8868,1.2777,0.5775
int8,6,summarization,11,1,0.16666666666666666,2,1.2338,0.7189,1.7987,0.5205
int8,6,summarization,12,4,0.6666666666666666,5,1.0541,0.75,2.0912,0.5246
int8,6,summarization,13,0,0.0,1,0.9594,0.7732,3.0016,0.2879
int8,6,summarization,14,6,1.0,7,0.6661,0.8768,2.1106,0.6294
int8,6,summarization,15,6,1.0,7,0.7167,0.8458,1.525,0.6845
int8,6,summarization,16,6,1.0,7,0.2839,0.9495,1.1908,0.744
int8,6,summarization,17,6,1.0,7,0.5847,0.8857,1.2907,0.6917
int8,6,summarization,18,3,0.5,4,1.2778,0.6887,2.7363,0.3436
int8,6,summarization,19,3,0.5,4,0.5063,0.8769,2.4278,0.3628
int8,6,summarization,20,5,1.0,6,0.5916,0.8965,1.1908,0.7614
int8,6,summarization,0,0,0.0,1,2.9735,0.4929,5.3413,0.2116
int8,6,summarization,1,3,0.5,4,2.7692,0.4651,4.5789,0.1954
int8,6,summarization,2,4,0.6666666666666666,5,0.9829,0.7985,2.0833,0.5521
int8,6,summarization,3,6,1.0,7,0.4948,0.9247,1.128,0.7929
int8,6,summarization,4,6,1.0,7,0.0058,0.9995,0.0244,0.9979
int8,6,summarization,5,0,0.0,1,0.6406,0.8414,1.8828,0.3716
int8,6,summarization,6,6,1.0,7,0.6409,0.8421,2.0171,0.3545
int8,6,summarization,7,6,1.0,7,0.3301,0.9282,1.3906,0.6255
int8,6,summarization,8,6,1.0,7,0.4415,0.8867,1.0331,0.5256
int8,6,summarization,9,6,1.0,7,0.0464,0.9958,0.1539,0.9865
int8,6,summarization,10,6,1.0,7,0.7333,0.848,2.5455,0.3767
int8,6,summarization,11,5,0.8333333333333334,6,0.8064,0.8175,1.7021,0.4704
int8,6,summarization,12,6,1.0,7,0.8294,0.8592,2.3116,0.5594
int8,6,summarization,13,6,1.0,7,0.1543,0.9769,0.4927,0.9177
int8,6,summarization,0,0,0.0,1,2.3118,0.5966,5.9156,0.1209
int8,6,summarization,1,6,1.0,7,1.6318,0.7369,2.7015,0.516
int8,6,summarization,2,1,0.16666666666666666,2,1.0327,0.7953,3.347,0.3512
int8,6,summarization,3,6,1.0,7,0.8752,0.8434,3.315,0.3406
int8,6,summarization,4,6,1.0,7,1.6503,0.6814,2.6142,0.3458
int8,6,summarization,5,2,0.3333333333333333,3,2.0851,0.5854,4.3556,0.2942
int8,6,summarization,6,1,0.16666666666666666,2,2.1945,0.5937,5.997,0.1495
int8,6,summarization,7,1,0.16666666666666666,2,2.7708,0.5674,6.2234,0.1478
int8,6,summarization,8,0,0.0,1,2.2084,0.5755,4.2256,0.3457
int8,6,summarization,9,1,0.16666666666666666,2,2.2011,0.6491,3.9618,0.2757
int8,6,summarization,10,2,0.3333333333333333,3,1.5597,0.69,3.1996,0.2797
int8,6,summarization,11,0,0.0,1,1.2971,0.7542,2.1261,0.5532
int8,6,summarization,12,3,0.5,4,1.6602,0.6387,2.3052,0.4187
int8,6,summarization,13,0,0.0,1,1.9063,0.5941,3.4215,0.322
int8,6,summarization,14,4,0.6666666666666666,5,1.1298,0.8089,4.4176,0.2343
int8,6,summarization,15,5,0.8333333333333334,6,1.1478,0.7774,2.9649,0.3391
int8,6,summarization,16,6,1.0,7,0.7654,0.8159,1.8466,0.5172
int8,6,summarization,17,6,1.0,7,1.2383,0.6881,2.1683,0.4198
int8,6,summarization,18,0,0.0,1,1.4316,0.7007,3.4217,0.3753
int8,6,summarization,19,3,0.5,4,1.7509,0.6579,3.7505,0.2269
int8,6,summarization,20,6,1.0,7,0.8868,0.8265,2.857,0.4481
int8,6,summarization,0,0,0.0,1,1.7911,0.6353,3.334,0.313
int8,6,summarization,1,0,0.0,1,2.3328,0.6197,6.2821,0.171
int8,6,summarization,2,5,0.8333333333333334,6,2.6238,0.593,3.9116,0.3591
int8,6,summarization,3,1,0.16666666666666666,2,1.9087,0.534,2.8458,0.3394
int8,6,summarization,4,5,0.8333333333333334,6,2.1211,0.5683,3.4915,0.3815
int8,6,summarization,5,4,0.6666666666666666,5,2.0033,0.6615,3.5526,0.1676
int8,6,summarization,6,2,0.3333333333333333,3,0.4117,0.9149,1.4682,0.701
int8,6,summarization,7,6,1.0,7,1.381,0.6892,2.1859,0.4465
int8,6,summarization,8,6,1.0,7,0.8013,0.8609,1.3502,0.7715
int8,6,summarization,9,6,1.0,7,0.2528,0.9576,0.5213,0.9074
int8,6,summarization,10,6,1.0,7,0.6498,0.8713,1.8307,0.6417
int8,6,summarization,11,2,0.3333333333333333,3,0.9036,0.7824,2.4652,0.3658
int8,6,summarization,12,6,1.0,7,0.221,0.9399,0.9159,0.6911
int8,6,summarization,13,2,0.3333333333333333,3,1.1539,0.7938,2.5821,0.5134
int8,6,summarization,14,6,1.0,7,0.4218,0.9194,0.85,0.7459
int8,6,summarization,15,6,1.0,7,1.3024,0.7697,3.0664,0.461
int8,6,summarization,16,1,1.0,2,1.0785,0.8232,1.0785,0.8232
int8,6,summarization,0,0,0.0,1,2.9063,0.5692,5.3211,0.2637
int8,6,summarization,1,0,0.0,1,1.4958,0.6947,5.3234,0.2672
int8,6,summarization,2,6,1.0,7,0.7753,0.8671,2.5388,0.4175
int8,6,summarization,3,6,1.0,7,0.5448,0.8836,2.0832,0.45
int8,6,summarization,4,6,1.0,7,0.2886,0.928,1.0858,0.6697
int8,6,summarization,5,6,1.0,7,0.7237,0.8493,1.9263,0.4991
int8,6,summarization,6,6,1.0,7,0.6597,0.8991,1.2403,0.791
int8,6,summarization,7,6,1.0,7,0.4214,0.8949,1.3307,0.5901
int8,6,summarization,8,6,1.0,7,0.389,0.9013,1.3361,0.6061
int8,6,summarization,9,2,0.3333333333333333,3,1.3203,0.7327,3.3201,0.3726
int8,6,summarization,10,2,0.3333333333333333,3,0.9144,0.8651,2.1511,0.6777
int8,6,summarization,11,1,0.16666666666666666,2,2.5254,0.6631,7.7561,0.0941
int8,6,summarization,12,6,1.0,7,1.3142,0.7174,2.2045,0.445
int8,6,summarization,13,3,0.5,4,0.902,0.8561,3.7394,0.333
int8,6,summarization,14,2,0.3333333333333333,3,0.9504,0.7986,2.3904,0.317
int8,6,summarization,15,1,0.16666666666666666,2,1.1764,0.7481,3.7958,0.1867
int8,6,summarization,16,3,0.6,4,0.8647,0.7999,1.9679,0.4371
int8,6,summarization,17,1,1.0,2,0.0062,0.9996,0.0062,0.9996
int8,8,code,0,0,0.0,1,1.9067,0.6055,2.956,0.3268
int8,8,code,1,8,1.0,9,0.8912,0.8177,2.4691,0.3979
int8,8,code,2,8,1.0,9,0.2333,0.9735,0.5768,0.9188
int8,8,code,3,8,1.0,9,0.07,0.9929,0.3028,0.9664
int8,8,code,4,8,1.0,9,0.1463,0.9796,0.7865,0.8763
int8,8,code,5,8,1.0,9,0.1494,0.9725,0.711,0.8257
int8,8,code,6,2,0.25,3,1.3894,0.6876,2.5181,0.5358
int8,8,code,7,8,1.0,9,1.7425,0.649,4.3658,0.2583
int8,8,code,8,6,0.75,7,0.4939,0.9105,2.2872,0.5315
int8,8,code,9,5,0.625,6,0.4201,0.8963,1.9049,0.3816
int8,8,code,10,3,0.375,4,0.7717,0.796,2.6766,0.4041
int8,8,code,11,3,0.6,4,0.685,0.7654,1.7379,0.4048
int8,8,code,12,1,1.0,2,0.166,0.9831,0.166,0.9831
int8,8,code,0,0,0.0,1,1.1609,0.7988,4.4177,0.239
int8,8,code,1,0,0.0,1,2.6373,0.5374,4.7687,0.2395
int8,8,code,2,0,0.0,1,3.7266,0.361,6.8326,0.0933
int8,8,code,3,0,0.0,1,0.8117,0.8658,4.0623,0.2543
int8,8,code,4,2,0.25,3,1.5224,0.6452,3.7254,0.3462
int8,8,code,5,4,0.5,5,0.8923,0.7633,2.4467,0.3501
int8,8,code,6,8,1.0,9,0.9978,0.7993,2.8883,0.3372
int8,8,code,7,8,1.0,9,0.239,0.9554,1.345,0.7113
int8,8,code,8,6,0.75,7,0.5905,0.85,2.3153,0.5078
int8,8,code,9,8,1.0,9,0.3248,0.9209,0.8767,0.7087
int8,8,code,10,8,1.0,9,0.3036,0.9237,0.9081,0.7777
int8,8,code,11,8,1.0,9,0.0154,0.9985,0.0704,0.9921
int8,8,code,12,8,1.0,9,0.1563,0.9732,0.6455,0.8908
int8,8,code,13,7,1.0,8,0.1741,0.961,1.1938,0.7289
int8,8,code,0,0,0.0,1,1.6227,0.6248,3.5453,0.3337
int8,8,code,1,0,0.0,1,1.1375,0.7437,3.2086,0.2209
int8,8,code,2,8,1.0,9,0.4729,0.9017,1.451,0.5584
int8,8,code,3,1,0.125,2,0.5481,0.9062,2.5283,0.5888
int8,8,code,4,3,0.375,4,0.5494,0.8599,1.5532,0.466
int8,8,code,5,8,1.0,9,0.4134,0.9305,1.6311,0.7271
int8,8,code,6,5,0.625,6,0.4037,0.8761,1.4479,0.4778
int8,8,code,7,8,1.0,9,0.0714,0.9865,0.465,0.9018
int8,8,code,8,8,1.0,9,0.2746,0.9219,0.9463,0.6439
int8,8,code,9,7,0.875,8,0.3855,0.9173,1.2569,0.6591
int8,8,code,10,2,0.25,3,0.3049,0.8842,1.0448,0.5156
int8,8,code,11,8,1.0,9,0.2685,0.8971,0.9972,0.5351
int8,8,code,12,8,1.0,9,0.0069,0.9994,0.0227,0.9978
int8,8,code,13,1,1.0,2,0.0958,0.9879,0.0958,0.9879
int8,8,code,0,0,0.0,1,1.5272,0.7123,3.4343,0.4138
int8,8,code,1,0,0.0,1,0.2494,0.9346,1.8393,0.4915
int8,8,code,2,1,0.125,2,0.92,0.8214,2.9611,0.3842
int8,8,code,3,0,0.0,1,1.4901,0.6294,2.8188,0.2575
int8,8,code,4,8,1.0,9,0.337,0.9537,0.7047,0.8808
int8,8,code,5,7,0.875,8,0.5947,0.867,2.5015,0.3349
int8,8,code,6,8,1.0,9,0.317,0.9554,2.463,0.6493
int8,8,code,7,8,1.0,9,0.3391,0.9164,1.3618,0.5605
int8,8,code,8,8,1.0,9,0.0792,0.9876,0.3985,0.9262
int8,8,code,9,8,1.0,9,0.0279,0.9965,0.1465,0.9796
int8,8,code,10,8,1.0,9,0.1773,0.9489,1.3909,0.5937
int8,8,code,11,8,1.0,9,0.3529,0.8895,1.3236,0.5675
int8,8,code,12,4,1.0,5,0.2111,0.9628,0.5077,0.8885
int8,8,code,0,0,0.0,1,2.8666,0.4776,5.0229,0.2013
int8,8,code,1,0,0.0,1,2.4113,0.6708,7.5202,0.2599
int8,8,code,2,0,0.0,1,1.1566,0.7714,4.0384,0.5451
int8,8,code,3,4,0.5,5,1.0578,0.7809,3.3497,0.4142
int8,8,code,4,1,0.125,2,2.3017,0.6262,4.7612,0.2982
int8,8,code,5,1,0.125,2,2.1071,0.5864,4.7707,0.281
int8,8,code,6,1,0.125,2,1.4215,0.7265,3.6593,0.4501
int8,8,code,7,1,0.125,2,2.0138,0.6961,5.0084,0.2714
int8,8,code,8,0,0.0,1,0.9333,0.8591,4.0739,0.3372
int8,8,code,9,0,0.0,1,0.5812,0.9052,2.7079,0.5033
int8,8,code,10,8,1.0,9,0.3271,0.9588,1.6792,0.7993
int8,8,code,11,2,0.25,3,0.8883,0.8187,1.9711,0.4988
int8,8,code,12,8,1.0,9,0.8464,0.8341,2.6159,0.4316
int8,8,code,13,1,0.125,2,0.7309,0.8762,2.2033,0.5182
int8,8,code,14,8,1.0,9,0.1603,0.981,0.5649,0.9022
int8,8,code,15,8,1.0,9,0.8235,0.8117,2.5072,0.3943
int8,8,code,16,8,1.0,9,0.6593,0.8939,2.5443,0.562
int8,8,code,17,8,1.0,9,0.7396,0.8528,3.0489,0.3152
int8,8,code,18,3,1.0,4,0.0331,0.9973,0.0657,0.9937
int8,8,math,0,0,0.0,1,1.2428,0.7927,5.3144,0.2207
int8,8,math,1,0,0.0,1,1.044,0.8494,4.4918,0.4258
int8,8,math,2,4,0.5,5,0.3405,0.9251,2.6622,0.4067
int8,8,math,3,8,1.0,9,0.5778,0.7785,1.2471,0.5126
int8,8,math,4,8,1.0,9,0.0189,0.9974,0.15,0.9796
int8,8,math,5,8,1.0,9,0.2125,0.942,1.0287,0.7042
int8,8,math,6,8,1.0,9,0.4158,0.8709,1.5226,0.4982
int8,8,math,7,3,0.375,4,0.5991,0.844,1.0823,0.6742
int8,8,math,8,1,0.125,2,0.6385,0.8265,1.402,0.508
int8,8,math,9,1,0.125,2,0.6569,0.8388,1.205,0.5538
int8,8,math,10,8,1.0,9,0.186,0.9527,1.469,0.6232
int8,8,math,11,8,1.0,9,0.4513,0.9069,1.0202,0.7783
int8,8,math,12,8,1.0,9,0.0791,0.984,0.6321,0.872
int8,8,math,13,2,1.0,3,0.6846,0.7399,1.3691,0.4799
int8,8,math,0,0,0.0,1,1.1378,0.812,4.1051,0.2502
int8,8,math,1,8,1.0,9,0.3433,0.9189,1.8393,0.4738
int8,8,math,2,8,1.0,9,0.6193,0.8484,1.454,0.5612
int8,8,math,3,2,0.25,3,0.4239,0.8749,1.066,0.5401
int8,8,math,4,8,1.0,9,0.2899,0.9439,0.9079,0.783
int8,8,math,5,0,0.0,1,0.2808,0.8968,1.174,0.5006
int8,8,math,6,2,0.25,3,0.1375,0.9573,0.9049,0.6824
int8,8,math,7,8,1.0,9,0.0024,0.9998,0.0145,0.9988
int8,8,math,8,8,1.0,9,0.0527,0.9933,0.1859,0.9776
int8,8,math,9,2,0.25,3,0.2152,0.9441,1.1038,0.6293
int8,8,math,10,2,0.25,3,0.5049,0.8832,1.3235,0.6432
int8,8,math,11,8,1.0,9,0.3065,0.9289,1.105,0.6655
int8,8,math,12,5,0.625,6,0.243,0.9309,0.9326,0.6679
int8,8,math,13,6,1.0,7,0.0384,0.9961,0.1014,0.9899
int8,8,math,0,6,0.75,7,1.0519,0.8389,5.7299,0.1567
int8,8,math,1,1,0.125,2,0.416,0.876,1.5918,0.5237
int8,8,math,2,1,0.125,2,0.4439,0.8891,1.7255,0.5018
int8,8,math,3,0,0.0,1,0.6465,0.8129,1.8539,0.5155
int8,8,math,4,8,1.0,9,0.2589,0.9371,1.3314,0.6206
int8,8,math,5,8,1.0,9,0.2566,0.9419,1.998,0.5406
int8,8,math,6,0,0.0,1,0.5798,0.8004,1.7494,0.4218
int8,8,math,7,8,1.0,9,0.2685,0.9191,1.4483,0.4572
int8,8,math,8,5,0.625,6,0.1415,0.9682,0.7567,0.8104
int8,8,math,9,8,1.0,9,0.0232,0.9976,0.07,0.9928
int8,8,math,10,8,1.0,9,0.0974,0.9783,0.765,0.8275
int8,8,math,11,8,1.0,9,0.0001,1.0,0.0006,1.0
int8,8,math,12,7,1.0,8,0.1616,0.9653,0.6999,0.8184
int8,8,math,0,8,1.0,9,1.0332,0.8239,5.2598,0.2092
int8,8,math,1,8,1.0,9,0.1329,0.9533,0.9723,0.6351
int8,8,math,2,8,1.0,9,0.3898,0.8929,1.8885,0.4029
int8,8,math,3,8,1.0,9,0.2481,0.9335,1.9788,0.4687
int8,8,math,4,8,1.0,9,0.0726,0.9833,0.5699,0.8668
int8,8,math,5,8,1.0,9,0.0833,0.9855,0.4866,0.9106
int8,8,math,6,8,1.0,9,0.3597,0.9275,1.8377,0.5773
int8,8,math,7,8,1.0,9,0.4919,0.87,1.404,0.5808
int8,8,math,8,8,1.0,9,0.1048,0.9681,0.8189,0.7461
int8,8,math,0,8,1.0,9,3.166,0.433,5.7449,0.1548
int8,8,math,1,8,1.0,9,0.9463,0.7798,1.5187,0.5394
int8,8,math,2,8,1.0,9,0.679,0.8755,3.4177,0.4493
int8,8,math,3,3,0.375,4,0.8656,0.8024,2.6692,0.3593
int8,8,math,4,1,0.125,2,1.3499,0.7018,2.5035,0.4328
int8,8,math,5,8,1.0,9,0.106,0.9849,0.4379,0.9314
int8,8,math,6,7,0.875,8,0.3802,0.9172,1.378,0.6048
int8,8,math,7,3,0.375,4,1.7521,0.577,4.2311,0.2104
int8,8,math,8,8,1.0,9,0.3635,0.9387,1.12,0.8058
int8,8,math,9,8,1.0,9,0.4306,0.9389,1.6975,0.7976
int8,8,math,10,8,1.0,9,0.344,0.927,1.6078,0.6059
int8,8,chat,0,0,0.0,1,2.2205,0.5784,5.2166,0.1926
int8,8,chat,1,1,0.125,2,3.2004,0.4627,5.8293,0.1895
int8,8,chat,2,8,1.0,9,2.0626,0.6463,4.2139,0.4061
int8,8,chat,3,1,0.125,2,2.7901,0.4608,5.2668,0.1428
int8,8,chat,4,8,1.0,9,0.948,0.8237,2.6584,0.5149
int8,8,chat,5,1,0.125,2,0.7401,0.8382,1.7658,0.611
int8,8,chat,6,2,0.25,3,1.0671,0.7395,2.3439,0.4884
int8,8,chat,7,6,0.75,7,0.47,0.8691,1.075,0.5812
int8,8,chat,8,4,0.5,5,0.7719,0.8263,1.8668,0.5598
int8,8,chat,9,2,0.25,3,1.1383,0.7126,2.6731,0.3356
int8,8,chat,10,8,1.0,9,0.6764,0.8652,1.9984,0.5612
int8,8,chat,11,8,1.0,9,0.2225,0.9663,1.1118,0.8128
int8,8,chat,12,8,1.0,9,0.831,0.8377,2.4768,0.549
int8,8,chat,13,8,1.0,9,0.4729,0.8654,1.6816,0.4693
int8,8,chat,14,1,1.0,2,2.0731,0.5056,2.0731,0.5056
int8,8,chat,0,4,0.5,5,1.5182,0.7176,4.0019,0.3081
int8,8,chat,1,5,0.625,6,1.886,0.6259,3.5239,0.2537
int8,8,chat,2,0,0.0,1,1.5371,0.6536,3.1572,0.2806
int8,8,chat,3,2,0.25,3,1.7639,0.6493,4.8744,0.2257
int8,8,chat,4,2,0.25,3,1.8803,0.6301,4.7755,0.2405
int8,8,chat,5,1,0.125,2,3.1945,0.3955,4.0714,0.2027
int8,8,chat,6,2,0.25,3,2.2864,0.6622,4.836,0.2591
int8,8,chat,7,0,0.0,1,2.421,0.5512,3.952,0.3288
int8,8,chat,8,2,0.25,3,1.6203,0.739,4.9084,0.3032
int8,8,chat,9,0,0.0,1,0.4378,0.9166,1.1642,0.7124
int8,8,chat,10,8,1.0,9,0.631,0.8784,2.6168,0.4725
int8,8,chat,11,1,0.125,2,0.8236,0.8506,2.4026,0.4333
int8,8,chat,12,8,1.0,9,0.7362,0.8636,2.0181,0.6091
int8,8,chat,13,8,1.0,9,0.1429,0.9609,0.9608,0.7018
int8,8,chat,14,1,0.125,2,2.2875,0.5839,5.4365,0.2278
int8,8,chat,15,8,1.0,9,0.5677,0.8694,2.8519,0.2918
int8,8,chat,16,0,0.0,1,1.5108,0.73,4.595,0.2438
int8,8,chat,17,2,0.25,3,0.9179,0.8009,1.9366,0.538
int8,8,chat,18,3,0.375,4,1.063,0.8068,2.6005,0.5724
int8,8,chat,19,2,0.5,3,2.4285,0.5156,3.8959,0.2472
int8,8,chat,20,0,0.0,1,3.8631,0.3954,3.8631,0.3954
int8,8,chat,0,0,0.0,1,1.9218,0.6834,6.0682,0.2207
int8,8,chat,1,2,0.25,3,1.7538,0.7052,4.0959,0.405
int8,8,chat,2,4,0.5,5,1.6799,0.7143,3.4767,0.4234
int8,8,chat,3,8,1.0,9,0.8651,0.8219,3.5552,0.2912
int8,8,chat,4,7,0.875,8,0.7991,0.8202,1.8091,0.4522
int8,8,chat,5,8,1.0,9,0.6749,0.8613,2.1076,0.4403
int8,8,chat,6,0,0.0,1,1.1483,0.7178,2.7795,0.3954
int8,8,chat,7,0,0.0,1,1.2891,0.7231,3.6112,0.2718
int8,8,chat,8,1,0.125,2,0.9758,0.7713,3.6194,0.2112
int8,8,chat,9,8,1.0,9,0.9986,0.7812,2.2741,0.3545
int8,8,chat,10,3,0.375,4,0.5144,0.8533,1.4268,0.487
int8,8,chat,11,4,0.5,5,0.5524,0.8628,1.3336,0.4936
int8,8,chat,12,2,0.25,3,0.6182,0.8147,1.3589,0.5153
int8,8,chat,13,1,0.125,2,0.8787,0.7926,2.2982,0.428
int8,8,chat,14,2,0.25,3,1.0397,0.7761,2.6045,0.3009
int8,8,chat,15,2,0.25,3,0.8566,0.8151,2.509,0.3272
int8,8,chat,16,0,0.0,1,0.6681,0.8147,2.4626,0.365
int8,8,chat,17,8,1.0,9,0.6138,0.9087,2.2249,0.6615
int8,8,chat,18,2,1.0,3,0.0002,1.0,0.0003,1.0
int8,8,chat,0,0,0.0,1,2.0186,0.6925,5.8648,0.1407
int8,8,chat,1,0,0.0,1,3.3332,0.5558,5.9718,0.1765
int8,8,chat,2,1,0.125,2,2.5746,0.5655,5.5991,0.1704
int8,8,chat,3,0,0.0,1,3.5623,0.4774,7.3705,0.0793
int8,8,chat,4,0,0.0,1,3.111,0.4973,6.3041,0.1273
int8,8,chat,5,1,0.125,2,2.8886,0.565,6.7444,0.1994
int8,8,chat,6,4,0.5,5,3.4956,0.4008,4.6013,0.2426
int8,8,chat,7,3,0.375,4,2.1592,0.5767,3.2365,0.3384
int8,8,chat,8,2,0.25,3,1.8276,0.6235,3.4463,0.2292
int8,8,chat,9,3,0.375,4,1.6327,0.6884,4.1848,0.3275
int8,8,chat,10,0,0.0,1,2.8074,0.4997,5.8089,0.1122
int8,8,chat,11,0,0.0,1,0.9279,0.8703,4.7165,0.4915
int8,8,chat,12,5,0.625,6,3.9288,0.3387,5.2838,0.1688
int8,8,chat,13,2,0.25,3,3.534,0.4194,4.7494,0.1889
int8,8,chat,14,2,0.25,3,1.2034,0.7683,3.8861,0.3623
int8,8,chat,15,0,0.0,1,1.405,0.7247,3.6341,0.3964
int8,8,chat,16,0,0.0,1,1.4265,0.7384,3.5253,0.2969
int8,8,chat,17,2,0.25,3,1.691,0.6905,4.9513,0.178
int8,8,chat,18,3,0.375,4,1.1979,0.7723,3.5265,0.3669
int8,8,chat,19,0,0.0,1,0.4391,0.91,3.2203,0.3248
int8,8,chat,20,8,1.0,9,0.1063,0.9812,0.7771,0.8543
int8,8,chat,21,8,1.0,9,0.5765,0.8886,2.5761,0.4428
int8,8,chat,22,8,1.0,9,0.9829,0.8168,2.553,0.481
int8,8,chat,23,5,1.0,6,0.4075,0.8995,1.5627,0.5405
int8,8,chat,0,0,0.0,1,1.8826,0.651,5.9342,0.1548
int8,8,chat,1,0,0.0,1,1.5553,0.7332,5.0861,0.1782
int8,8,chat,2,3,0.375,4,1.826,0.608,2.7283,0.4412
int8,8,chat,3,8,1.0,9,1.2522,0.7553,3.0712,0.4617
int8,8,chat,4,7,0.875,8,1.2581,0.7961,3.2119,0.507
int8,8,chat,5,3,0.375,4,0.6137,0.8713,2.5049,0.3375
int8,8,chat,6,4,0.5,5,0.9616,0.8079,3.1887,0.3062
int8,8,chat,7,2,0.25,3,1.8574,0.5877,2.8891,0.3929
int8,8,chat,8,4,0.5,5,1.665,0.6433,4.0996,0.2618
int8,8,chat,9,0,0.0,1,2.0716,0.5707,4.324,0.2605
int8,8,chat,10,0,0.0,1,2.4016,0.5478,4.8595,0.2517
int8,8,chat,11,2,0.25,3,0.9105,0.8026,3.2954,0.4871
int8,8,chat,12,4,0.5,5,1.9843,0.6273,4.1829,0.1759
int8,8,chat,13,8,1.0,9,1.9352,0.6073,3.8255,0.291
int8,8,chat,14,2,0.25,3,1.7113,0.6932,5.5187,0.1325
int8,8,chat,15,8,1.0,9,1.8341,0.65,3.7728,0.421
int8,8,chat,16,8,1.0,9,1.0018,0.7974,2.0432,0.4826
int8,8,summarization,0,0,0.0,1,1.4845,0.7809,4.065,0.3964
int8,8,summarization,1,0,0.0,1,1.2769,0.7911,4.488,0.2545
int8,8,summarization,2,0,0.0,1,1.5,0.7395,4.4824,0.228
int8,8,summarization,3,0,0.0,1,1.7519,0.6736,3.6413,0.3067
int8,8,summarization,4,0,0.0,1,1.2109,0.7099,2.7418,0.2995
int8,8,summarization,5,0,0.0,1,1.6015,0.6876,3.7272,0.2933
int8,8,summarization,6,1,0.125,2,1.1613,0.7152,2.238,0.3234
int8,8,summarization,7,1,0.125,2,0.9786,0.7478,2.3314,0.3797
int8,8,summarization,8,8,1.0,9,0.9618,0.8368,3.9572,0.3104
int8,8,summarization,9,8,1.0,9,0.9922,0.778,3.7459,0.2168
int8,8,summarization,10,4,0.5,5,0.7646,0.8352,1.7273,0.5205
int8,8,summarization,11,4,0.5,5,1.046,0.7288,2.0912,0.3302
int8,8,summarization,12,0,0.0,1,1.2658,0.6905,3.0016,0.2879
int8,8,summarization,13,8,1.0,9,0.8652,0.8242,2.1106,0.5851
int8,8,summarization,14,8,1.0,9,0.262,0.9422,1.0625,0.6845
int8,8,summarization,15,8,1.0,9,0.4563,0.9184,1.1908,0.7345
int8,8,summarization,16,4,0.5,5,0.982,0.7643,2.7363,0.3436
int8,8,summarization,17,3,0.375,4,0.3804,0.9076,2.4278,0.3628
int8,8,summarization,18,5,1.0,6,0.5916,0.8965,1.1908,0.7614
int8,8,summarization,0,0,0.0,1,2.717,0.4878,5.3413,0.2116
int8,8,summarization,1,3,0.375,4,2.078,0.5988,4.5789,0.1954
int8,8,summarization,2,4,0.5,5,0.9049,0.8088,2.0833,0.5521
int8,8,summarization,3,8,1.0,9,0.395,0.9405,1.128,0.7929
int8,8,summarization,4,5,0.625,6,0.3812,0.9111,1.3275,0.6128
int8,8,summarization,5,8,1.0,9,0.4821,0.8815,2.0171,0.3545
int8,8,summarization,6,8,1.0,9,0.3126,0.9355,1.3906,0.6255
int8,8,summarization,7,8,1.0,9,0.2344,0.972,0.8158,0.8981
int8,8,summarization,8,8,1.0,9,0.6783,0.8614,2.5455,0.3767
int8,8,summarization,9,4,0.5,5,0.6211,0.8604,1.7021,0.4704
int8,8,summarization,10,8,1.0,9,0.7207,0.8803,2.3116,0.5594
int8,8,summarization,11,5,1.0,6,0.1619,0.975,0.4927,0.9177
int8,8,summarization,0,0,0.0,1,2.4418,0.5696,5.9156,0.1209
int8,8,summarization,1,8,1.0,9,1.4146,0.7764,2.7015,0.516
int8,8,summarization,2,8,1.0,9,1.1855,0.7725,3.315,0.3406
int8,8,summarization,3,7,0.875,8,1.8313,0.6036,2.6424,0.3458
int8,8,summarization,4,1,0.125,2,1.7841,0.6729,5.997,0.1495
int8,8,summarization,5,1,0.125,2,2.5554,0.598,6.2234,0.1478
int8,8,summarization,6,0,0.0,1,1.9116,0.6077,4.2256,0.3457
int8,8,summarization,7,1,0.125,2,2.1153,0.642,3.9618,0.2757
int8,8,summarization,8,2,0.25,3,1.3981,0.7021,3.1996,0.2797
int8,8,summarization,9,0,0.0,1,1.1373,0.7933,2.1261,0.5532
int8,8,summarization,10,3,0.375,4,1.2725,0.7265,2.3052,0.4187
int8,8,summarization,11,0,0.0,1,1.9159,0.5957,3.4215,0.322
int8,8,summarization,12,4,0.5,5,1.2656,0.7661,4.4176,0.2343
int8,8,summarization,13,5,0.625,6,1.1091,0.762,2.9649,0.3391
int8,8,summarization,14,8,1.0,9,1.1753,0.7217,2.6422,0.4198
int8,8,summarization,15,4,0.5,5,0.8835,0.7818,2.7483,0.3801
int8,8,summarization,16,0,0.0,1,1.7152,0.6549,3.4217,0.3753
int8,8,summarization,17,3,0.375,4,1.65,0.6596,3.7505,0.2269
int8,8,summarization,18,7,1.0,8,0.915,0.8322,2.857,0.4481
int8,8,summarization,0,0,0.0,1,1.596,0.6782,3.334,0.313
int8,8,summarization,1,0,0.0,1,2.3022,0.6207,6.2821,0.171
int8,8,summarization,2,5,0.625,6,2.4531,0.5954,3.9116,0.3591
int8,8,summarization,3,1,0.125,2,2.1415,0.5173,3.8306,0.287
int8,8,summarization,4,5,0.625,6,2.1591,0.5487,3.4915,0.3815
int8,8,summarization,5,4,0.5,5,1.7502,0.6864,3.5526,0.1676
int8,8,summarization,6,2,0.25,3,0.3092,0.9361,1.4682,0.701
int8,8,summarization,7,8,1.0,9,1.3798,0.7108,2.1859,0.4465
int8,8,summarization,8,8,1.0,9,0.3749,0.9337,1.1571,0.7881
int8,8,summarization,9,8,1.0,9,0.7734,0.8299,1.8307,0.5291
int8,8,summarization,10,3,0.375,4,0.6783,0.8368,2.4652,0.3658
int8,8,summarization,11,8,1.0,9,0.6593,0.8663,2.5821,0.6096
int8,8,summarization,12,0,0.0,1,0.6404,0.8817,2.506,0.5134
int8,8,summarization,13,8,1.0,9,0.3184,0.9394,0.85,0.7459
int8,8,summarization,14,6,1.0,7,1.3336,0.7611,3.0664,0.461
int8,8,summarization,0,0,0.0,1,2.6277,0.5934,5.3211,0.2637
int8,8,summarization,1,0,0.0,1,1.1874,0.7639,5.3234,0.2672
int8,8,summarization,2,8,1.0,9,1.0598,0.7972,2.5388,0.4175
int8,8,summarization,3,8,1.0,9,0.1527,0.9675,0.7325,0.8002
int8,8,summarization,4,8,1.0,9,0.7912,0.8276,1.9263,0.4991
int8,8,summarization,5,0,0.0,1,0.56,0.8634,1.3745,0.525
int8,8,summarization,6,8,1.0,9,0.5961,0.903,1.2403,0.791
int8,8,summarization,7,7,0.875,8,0.5365,0.8571,1.3361,0.5901
int8,8,summarization,8,1,0.125,2,0.6438,0.8633,1.046,0.6423
int8,8,summarization,9,7,0.875,8,0.6348,0.8605,1.6974,0.5472
int8,8,summarization,10,4,0.5,5,1.3444,0.7665,4.0576,0.2669
int8,8,summarization,11,1,0.125,2,0.8817,0.8672,3.1204,0.4384
int8,8,summarization,12,1,0.125,2,1.3789,0.7392,3.5104,0.4929
int8,8,summarization,13,8,1.0,9,1.108,0.8061,1.924,0.6009
int8,8,summarization,14,0,0.0,1,1.5167,0.7477,3.3298,0.4878
int8,8,summarization,15,4,1.0,5,0.9618,0.8,2.2557,0.3928
nf4,2,code,0,0,0.0,1,2.0172,0.6549,2.956,0.4504
nf4,2,code,1,0,0.0,1,2.291,0.5627,3.8145,0.2022
nf4,2,code,2,0,0.0,1,0.333,0.9629,0.6404,0.9277
nf4,2,code,3,2,1.0,3,0.0141,0.9987,0.0265,0.9976
nf4,2,code,4,2,1.0,3,0.6704,0.9131,1.019,0.8763
nf4,2,code,5,0,0.0,1,2.7736,0.3581,2.9233,0.2466
nf4,2,code,6,2,1.0,3,2.4572,0.3399,2.5163,0.3222
nf4,2,code,7,2,1.0,3,0.4095,0.9187,0.611,0.868
nf4,2,code,8,2,1.0,3,0.1352,0.9877,0.1467,0.9876
nf4,2,code,9,2,1.0,3,0.3206,0.9618,0.3214,0.9505
nf4,2,code,10,2,1.0,3,1.326,0.6573,2.1841,0.3963
nf4,2,code,11,2,1.0,3,1.2186,0.6671,1.9199,0.4199
nf4,2,code,12,2,1.0,3,0.3674,0.9481,0.3784,0.9412
nf4,2,code,13,2,1.0,3,1.4162,0.5889,2.275,0.291
nf4,2,code,14,2,1.0,3,0.0001,1.0,0.0002,1.0
nf4,2,code,15,2,1.0,3,2.3473,0.5148,3.1903,0.4474
nf4,2,code,16,2,1.0,3,1.1696,0.7301,2.3003,0.463
nf4,2,code,17,2,1.0,3,1.28,0.7456,1.4665,0.6617
nf4,2,code,18,2,1.0,3,0.3996,0.9401,0.7803,0.8816
nf4,2,code,19,2,1.0,3,1.7685,0.6228,2.2923,0.4677
nf4,2,code,20,0,0.0,1,1.1309,0.6764,2.221,0.3569
nf4,2,code,21,0,0.0,1,3.3671,0.281,4.0193,0.1661
nf4,2,code,22,1,0.5,2,3.6217,0.4058,4.7408,0.1714
nf4,2,code,23,1,0.5,2,1.2084,0.7397,1.489,0.702
nf4,2,code,24,2,1.0,3,0.1236,0.9826,0.2379,0.9659
nf4,2,code,25,2,1.0,3,0.7491,0.7799,1.08,0.6076
nf4,2,code,26,2,1.0,3,0.396,0.9408,0.4793,0.9192
nf4,2,code,27,1,0.5,2,1.8465,0.6296,2.1577,0.6293
nf4,2,code,28,2,1.0,3,0.7449,0.8674,0.8077,0.8476
nf4,2,code,29,2,1.0,3,0.0145,0.9987,0.0286,0.9974
nf4,2,code,30,2,1.0,3,0.0001,1.0,0.0001,1.0
nf4,2,code,31,2,1.0,3,0.9704,0.8298,1.3518,0.7487
nf4,2,code,0,0,0.0,1,3.9012,0.3049,4.4177,0.239
nf4,2,code,1,0,0.0,1,3.1166,0.5054,3.9576,0.4318
nf4,2,code,2,2,1.0,3,1.8057,0.4297,1.9254,0.3578
nf4,2,code,3,2,1.0,3,2.3709,0.5505,2.6472,0.4112
nf4,2,code,4,0,0.0,1,1.2222,0.769,2.3694,0.5445
nf4,2,code,5,2,1.0,3,0.2555,0.9714,0.468,0.9463
nf4,2,code,6,2,1.0,3,1.4313,0.6817,2.5231,0.4119
nf4,2,code,7,2,1.0,3,0.2915,0.9429,0.5764,0.8863
nf4,2,code,8,2,1.0,3,0.1642,0.9822,0.2378,0.9728
nf4,2,code,9,2,1.0,3,0.3011,0.9409,0.6007,0.882
nf4,2,code,10,2,1.0,3,0.0007,1.0,0.0008,1.0
nf4,2,code,11,2,1.0,3,0.7262,0.8393,0.8667,0.8114
nf4,2,code,12,2,1.0,3,0.1075,0.9871,0.2123,0.9744
nf4,2,code,13,2,1.0,3,0.0013,0.9999,0.0015,0.9999
nf4,2,code,14,2,1.0,3,0.0015,0.9999,0.0017,0.9999
nf4,2,code,15,2,1.0,3,0.018,0.9985,0.0206,0.9983
nf4,2,code,16,2,1.0,3,0.0795,0.9923,0.1297,0.9872
nf4,2,code,17,2,1.0,3,0.0135,0.9988,0.0249,0.9977
nf4,2,code,18,2,1.0,3,0.0003,1.0,0.0005,1.0
nf4,2,code,19,2,1.0,3,0.0111,0.999,0.0215,0.9981
nf4,2,code,20,2,1.0,3,0.0351,0.9975,0.0685,0.9951
nf4,2,code,21,2,1.0,3,0.1215,0.9814,0.2357,0.9633
nf4,2,code,22,2,1.0,3,0.5229,0.9263,0.5353,0.9246
nf4,2,code,23,2,1.0,3,0.0841,0.9912,0.1418,0.9849
nf4,2,code,24,2,1.0,3,0.8657,0.7923,1.2131,0.6992
nf4,2,code,25,2,1.0,3,0.0186,0.9982,0.0316,0.9968
nf4,2,code,26,2,1.0,3,0.1736,0.9761,0.3351,0.9531
nf4,2,code,27,2,1.0,3,0.0066,0.9995,0.0109,0.9992
nf4,2,code,28,2,1.0,3,0.0568,0.9932,0.0891,0.9888
nf4,2,code,0,0,0.0,1,2.4529,0.4054,3.5453,0.3337
nf4,2,code,1,1,0.5,2,1.2142,0.7744,1.9649,0.6008
nf4,2,code,2,0,0.0,1,2.8062,0.4189,4.5745,0.1703
nf4,2,code,3,2,1.0,3,0.6197,0.9257,1.2149,0.8536
nf4,2,code,4,2,1.0,3,0.1982,0.9764,0.3153,0.9602
nf4,2,code,5,1,0.5,2,1.5645,0.6638,3.1158,0.3286
nf4,2,code,6,2,1.0,3,0.5571,0.8765,0.9184,0.7768
nf4,2,code,7,0,0.0,1,1.0222,0.701,1.5332,0.4923
nf4,2,code,8,2,1.0,3,0.2715,0.9658,0.2786,0.959
nf4,2,code,9,2,1.0,3,0.393,0.9213,0.7512,0.8453
nf4,2,code,10,0,0.0,1,0.8726,0.8291,1.7441,0.6584
nf4,2,code,11,2,1.0,3,0.0292,0.9976,0.0303,0.9976
nf4,2,code,12,2,1.0,3,0.9493,0.7683,1.3487,0.6108
nf4,2,code,13,2,1.0,3,0.4306,0.8592,0.8595,0.7185
nf4,2,code,14,2,1.0,3,0.009,0.9992,0.0179,0.9984
nf4,2,code,15,2,1.0,3,0.2024,0.9656,0.4045,0.9312
nf4,2,code,16,2,1.0,3,0.0067,0.9994,0.0122,0.999
nf4,2,code,17,2,1.0,3,0.4195,0.902,0.6889,0.8248
nf4,2,code,18,2,1.0,3,0.2966,0.9475,0.5743,0.8965
nf4,2,code,19,2,1.0,3,0.1613,0.974,0.3148,0.9485
nf4,2,code,20,1,0.5,2,0.8829,0.7534,1.3018,0.6001
nf4,2,code,21,2,1.0,3,0.0714,0.9908,0.1291,0.9828
nf4,2,code,22,2,1.0,3,0.0071,0.9995,0.0122,0.999
nf4,2,code,23,1,0.5,2,0.539,0.7607,0.9976,0.5312
nf4,2,code,24,2,1.0,3,0.0031,0.9998,0.0053,0.9996
nf4,2,code,25,2,1.0,3,0.0014,0.9999,0.0026,0.9998
nf4,2,code,26,2,1.0,3,0.0008,1.0,0.001,0.9999
nf4,2,code,27,2,1.0,3,0.0006,1.0,0.0012,0.9999
nf4,2,code,28,2,1.0,3,0.0336,0.9961,0.0669,0.9921
nf4,2,code,29,2,1.0,3,0.5985,0.8607,1.1969,0.7214
nf4,2,code,30,2,1.0,3,0.4382,0.9274,0.6282,0.8953
nf4,2,code,0,0,0.0,1,1.6526,0.6631,2.4771,0.4138
nf4,2,code,1,2,1.0,3,2.8757,0.443,3.1216,0.267
nf4,2,code,2,2,1.0,3,0.0667,0.9926,0.1306,0.9854
nf4,2,code,3,2,1.0,3,0.0036,0.9998,0.0057,0.9997
nf4,2,code,4,0,0.0,1,1.948,0.5435,2.4575,0.5293
nf4,2,code,5,2,1.0,3,0.5791,0.9273,0.9021,0.8756
nf4,2,code,6,2,1.0,3,0.0007,1.0,0.001,0.9999
nf4,2,code,7,2,1.0,3,0.0012,0.9999,0.0016,0.9999
nf4,2,code,8,2,1.0,3,0.4982,0.8417,0.9323,0.6901
nf4,2,code,9,1,0.5,2,0.8836,0.7725,1.5231,0.5674
nf4,2,code,10,2,1.0,3,0.0507,0.9964,0.0817,0.9942
nf4,2,code,11,2,1.0,3,0.1644,0.9823,0.1757,0.9779
nf4,2,code,12,0,0.0,1,0.9355,0.6847,1.0807,0.5603
nf4,2,code,13,2,1.0,3,0.7783,0.8083,1.4853,0.6232
nf4,2,code,14,2,1.0,3,1.2789,0.6728,1.463,0.6691
nf4,2,code,15,2,1.0,3,0.0913,0.9925,0.1285,0.9892
nf4,2,code,16,2,1.0,3,0.5188,0.8367,0.9766,0.6787
nf4,2,code,17,2,1.0,3,0.0091,0.9994,0.0102,0.9992
nf4,2,code,18,2,1.0,3,0.3433,0.9617,0.5603,0.9375
nf4,2,code,19,2,1.0,3,0.1381,0.9797,0.2742,0.9595
nf4,2,code,20,1,0.5,2,2.0739,0.4274,2.3153,0.393
nf4,2,code,21,0,0.0,1,1.1132,0.7295,1.3992,0.6152
nf4,2,code,22,2,1.0,3,0.6946,0.8883,1.1766,0.8076
nf4,2,code,23,2,1.0,3,0.0149,0.9986,0.0294,0.9972
nf4,2,code,24,2,1.0,3,0.0145,0.999,0.0165,0.9989
nf4,2,code,25,2,1.0,3,0.001,0.9999,0.0016,0.9999
nf4,2,code,26,2,1.0,3,0.1678,0.9776,0.1812,0.9744
nf4,2,code,27,2,1.0,3,0.2236,0.9674,0.4446,0.9349
nf4,2,code,28,2,1.0,3,0.0103,0.9991,0.0166,0.9985
nf4,2,code,29,2,1.0,3,0.0039,0.9997,0.0078,0.9995
nf4,2,code,0,0,0.0,1,3.3299,0.5046,3.715,0.4722
nf4,2,code,1,0,0.0,1,4.2563,0.5778,7.5202,0.2599
nf4,2,code,2,0,0.0,1,2.73,0.6691,4.0384,0.5705
nf4,2,code,3,2,1.0,3,1.3366,0.7632,2.6602,0.5269
nf4,2,code,4,1,0.5,2,0.9447,0.6881,1.1642,0.5315
nf4,2,code,5,2,1.0,3,1.8898,0.648,2.849,0.5667
nf4,2,code,6,1,0.5,2,3.7134,0.4535,4.7612,0.2982
nf4,2,code,7,0,0.0,1,1.0962,0.7154,1.9942,0.4444
nf4,2,code,8,0,0.0,1,3.1906,0.5764,5.23,0.2669
nf4,2,code,9,0,0.0,1,0.2436,0.9632,0.3822,0.9364
nf4,2,code,10,2,1.0,3,1.1524,0.7785,1.6522,0.6171
nf4,2,code,11,0,0.0,1,0.8317,0.7491,1.5941,0.504
nf4,2,code,12,2,1.0,3,0.6255,0.8882,1.2479,0.7766
nf4,2,code,13,2,1.0,3,0.6914,0.883,1.0911,0.8131
nf4,2,code,14,2,1.0,3,0.3833,0.9478,0.5272,0.9241
nf4,2,code,15,0,0.0,1,1.0965,0.7324,2.184,0.4654
nf4,2,code,16,2,1.0,3,0.9398,0.833,1.573,0.6965
nf4,2,code,17,2,1.0,3,0.1006,0.9884,0.154,0.9816
nf4,2,code,18,2,1.0,3,0.016,0.9987,0.0217,0.9981
nf4,2,code,19,1,0.5,2,0.9857,0.7856,1.9448,0.5733
nf4,2,code,20,2,1.0,3,0.7881,0.7578,1.5013,0.5216
nf4,2,code,21,2,1.0,3,0.0179,0.999,0.0271,0.9985
nf4,2,code,22,2,1.0,3,0.2786,0.9612,0.507,0.9267
nf4,2,code,23,0,0.0,1,2.2303,0.6416,3.628,0.3741
nf4,2,code,24,2,1.0,3,0.9766,0.8504,1.6704,0.7464
nf4,2,code,25,2,1.0,3,1.486,0.7937,2.9704,0.5875
nf4,2,code,26,1,0.5,2,2.001,0.501,2.9695,0.4528
nf4,2,code,27,2,1.0,3,0.0287,0.9981,0.0356,0.9975
nf4,2,code,28,2,1.0,3,0.1984,0.9705,0.2801,0.9527
nf4,2,code,29,2,1.0,3,0.156,0.9853,0.2787,0.9721
nf4,2,code,30,2,1.0,3,0.1679,0.9798,0.1863,0.9766
nf4,2,code,31,2,1.0,3,0.2527,0.966,0.3347,0.946
nf4,2,code,32,2,1.0,3,0.154,0.9849,0.2603,0.973
nf4,2,code,33,2,1.0,3,1.386,0.6429,1.7878,0.5995
nf4,2,math,0,0,0.0,1,3.6851,0.4637,5.3144,0.2207
nf4,2,math,1,0,0.0,1,2.3543,0.7003,4.4918,0.4258
nf4,2,math,2,2,1.0,3,0.0001,1.0,0.0001,1.0
nf4,2,math,3,1,0.5,2,1.3395,0.7026,2.6622,0.4067
nf4,2,math,4,2,1.0,3,0.1007,0.9849,0.1997,0.9698
nf4,2,math,5,2,1.0,3,0.6286,0.7676,1.2471,0.5358
nf4,2,math,6,2,1.0,3,0.5026,0.7693,1.0023,0.5388
nf4,2,math,7,2,1.0,3,0.0754,0.9898,0.15,0.9796
nf4,2,math,8,2,1.0,3,0.0001,1.0,0.0001,1.0
nf4,2,math,9,2,1.0,3,0.0001,1.0,0.0001,1.0
nf4,2,math,10,2,1.0,3,0.3328,0.9161,0.6654,0.8323
nf4,2,math,11,2,1.0,3,0.0,1.0,0.0,1.0
nf4,2,math,12,2,1.0,3,0.517,0.8519,1.0287,0.7042
nf4,2,math,13,2,1.0,3,0.0005,1.0,0.0007,1.0
nf4,2,math,14,2,1.0,3,0.4337,0.9089,0.8674,0.8178
nf4,2,math,15,1,0.5,2,1.2287,0.5747,1.5226,0.4982
nf4,2,math,16,2,1.0,3,0.2708,0.9386,0.537,0.8775
nf4,2,math,17,2,1.0,3,0.0002,1.0,0.0002,1.0
nf4,2,math,18,2,1.0,3,0.8346,0.7879,1.669,0.5758
nf4,2,math,19,2,1.0,3,0.0762,0.9902,0.1523,0.9803
nf4,2,math,20,2,1.0,3,0.0287,0.9967,0.0571,0.9935
nf4,2,math,21,2,1.0,3,0.0002,1.0,0.0003,1.0
nf4,2,math,22,0,0.0,1,0.6377,0.7846,1.2753,0.5692
nf4,2,math,23,2,1.0,3,0.1099,0.9879,0.1585,0.9817
nf4,2,math,24,2,1.0,3,0.0,1.0,0.0001,1.0
nf4,2,math,25,2,1.0,3,0.0,1.0,0.0,1.0
nf4,2,math,26,2,1.0,3,0.0007,1.0,0.001,0.9999
nf4,2,math,27,2,1.0,3,0.0001,1.0,0.0001,1.0
nf4,2,math,28,2,1.0,3,0.0159,0.9986,0.0318,0.9973
nf4,2,math,29,1,1.0,2,0.0,1.0,0.0,1.0
nf4,2,math,0,0,0.0,1,3.8928,0.3607,4.1051,0.2502
nf4,2,math,1,2,1.0,3,0.1147,0.9906,0.2294,0.9813
nf4,2,math,2,2,1.0,3,0.0163,0.9983,0.0326,0.9967
nf4,2,math,3,2,1.0,3,0.92,0.7369,1.8393,0.4738
nf4,2,math,4,2,1.0,3,0.5076,0.9007,0.6713,0.8517
nf4,2,math,5,2,1.0,3,0.727,0.7806,1.454,0.5612
nf4,2,math,6,2,1.0,3,0.5389,0.8918,0.6961,0.8372
nf4,2,math,7,2,1.0,3,0.0038,0.9997,0.0043,0.9997
nf4,2,math,8,2,1.0,3,0.4497,0.9194,0.7018,0.8687
nf4,2,math,9,2,1.0,3,0.454,0.8915,0.9079,0.783
nf4,2,math,10,2,1.0,3,0.0496,0.995,0.0978,0.99
nf4,2,math,11,0,0.0,1,0.6255,0.7459,1.174,0.5006
nf4,2,math,12,2,1.0,3,0.0616,0.9922,0.1155,0.9848
nf4,2,math,13,2,1.0,3,0.0,1.0,0.0,1.0
nf4,2,math,14,2,1.0,3,0.0001,1.0,0.0002,1.0
nf4,2,math,15,2,1.0,3,0.0009,0.9999,0.0018,0.9999
nf4,2,math,16,2,1.0,3,0.0,1.0,0.0,1.0
nf4,2,math,17,2,1.0,3,0.0389,0.9954,0.0778,0.9908
nf4,2,math,18,2,1.0,3,0.0959,0.9886,0.1859,0.9776
nf4,2,math,19,2,1.0,3,0.0004,1.0,0.0008,1.0
nf4,2,math,20,2,1.0,3,0.3091,0.9561,0.4101,0.9391
nf4,2,math,21,2,1.0,3,0.1429,0.977,0.281,0.9543
nf4,2,math,22,2,1.0,3,0.9189,0.7592,1.105,0.6655
nf4,2,math,23,2,1.0,3,0.0003,1.0,0.0004,1.0
nf4,2,math,24,2,1.0,3,0.411,0.9029,0.6663,0.8267
nf4,2,math,25,2,1.0,3,0.0941,0.9867,0.1872,0.9734
nf4,2,math,26,2,1.0,3,0.0006,1.0,0.001,0.9999
nf4,2,math,27,2,1.0,3,0.0082,0.9993,0.0156,0.9987
nf4,2,math,0,2,1.0,3,3.2794,0.536,5.7299,0.1567
nf4,2,math,1,2,1.0,3,0.0,1.0,0.0,1.0
nf4,2,math,2,0,0.0,1,0.8859,0.8248,1.7642,0.6501
nf4,2,math,3,1,0.5,2,0.7981,0.7617,1.5918,0.5237
nf4,2,math,4,1,0.5,2,0.8688,0.7505,1.7255,0.5018
nf4,2,math,5,0,0.0,1,0.9758,0.6514,1.0022,0.5155
nf4,2,math,6,2,1.0,3,0.2962,0.9484,0.5919,0.8969
nf4,2,math,7,2,1.0,3,0.6657,0.8103,1.3314,0.6206
nf4,2,math,8,2,1.0,3,0.0734,0.9897,0.1434,0.9797
nf4,2,math,9,2,1.0,3,0.0001,1.0,0.0002,1.0
nf4,2,math,10,2,1.0,3,0.0004,1.0,0.0008,1.0
nf4,2,math,11,2,1.0,3,1.0247,0.7678,1.998,0.5406
nf4,2,math,12,0,0.0,1,0.8857,0.7099,1.7494,0.4218
nf4,2,math,13,2,1.0,3,0.1247,0.9795,0.248,0.9591
nf4,2,math,14,2,1.0,3,0.7263,0.7285,1.4483,0.4572
nf4,2,math,15,2,1.0,3,0.1534,0.9776,0.3064,0.9552
nf4,2,math,16,2,1.0,3,0.0001,1.0,0.0001,1.0
nf4,2,math,17,2,1.0,3,0.1709,0.9692,0.3379,0.9386
nf4,2,math,18,2,1.0,3,0.0151,0.9985,0.029,0.9971
nf4,2,math,19,2,1.0,3,0.0136,0.9989,0.0149,0.9988
nf4,2,math,20,2,1.0,3,0.0,1.0,0.0,1.0
nf4,2,math,21,2,1.0,3,0.0028,0.9998,0.0057,0.9996
nf4,2,math,22,2,1.0,3,0.0001,1.0,0.0002,1.0
nf4,2,math,23,2,1.0,3,0.0,1.0,0.0001,1.0
nf4,2,math,24,2,1.0,3,0.0004,1.0,0.0008,1.0
nf4,2,math,25,2,1.0,3,0.0005,1.0,0.001,0.9999
nf4,2,math,26,2,1.0,3,0.0,1.0,0.0,1.0
nf4,2,math,27,2,1.0,3,0.4109,0.9041,0.6863,0.8269
nf4,2,math,28,2,1.0,3,0.004,0.9997,0.0078,0.9994
nf4,2,math,29,1,1.0,2,0.0163,0.9985,0.0163,0.9985
nf4,2,math,0,2,1.0,3,2.8055,0.5891,5.2598,0.2092
nf4,2,math,1,2,1.0,3,0.0003,1.0,0.0006,1.0
nf4,2,math,2,2,1.0,3,1.2965,0.7102,2.5922,0.4204
nf4,2,math,3,2,1.0,3,0.025,0.9976,0.0491,0.9952
nf4,2,math,4,2,1.0,3,0.0149,0.9985,0.0299,0.997
nf4,2,math,5,2,1.0,3,0.4868,0.8175,0.9723,0.6351
nf4,2,math,6,2,1.0,3,0.9443,0.7015,1.8885,0.4029
nf4,2,math,7,2,1.0,3,0.3226,0.9297,0.5691,0.8683
nf4,2,math,8,2,1.0,3,0.292,0.9402,0.5824,0.8806
nf4,2,math,9,2,1.0,3,0.0009,1.0,0.0015,0.9999
nf4,2,math,10,2,1.0,3,0.9895,0.7343,1.9788,0.4687
nf4,2,math,11,2,1.0,3,0.0019,0.9999,0.0038,0.9997
nf4,2,math,12,2,1.0,3,0.285,0.9334,0.5699,0.8668
nf4,2,math,13,2,1.0,3,0.0005,1.0,0.0006,1.0
nf4,2,math,14,2,1.0,3,0.0039,0.9997,0.0066,0.9995
nf4,2,math,15,2,1.0,3,0.0897,0.9868,0.1791,0.9737
nf4,2,math,16,2,1.0,3,0.0001,1.0,0.0002,1.0
nf4,2,math,17,2,1.0,3,0.2434,0.9553,0.4866,0.9106
nf4,2,math,18,2,1.0,3,0.0,1.0,0.0001,1.0
nf4,2,math,19,2,1.0,3,0.9189,0.7886,1.8377,0.5773
nf4,2,math,20,2,1.0,3,0.4105,0.9366,0.4266,0.9302
nf4,2,math,21,2,1.0,3,0.4675,0.829,0.935,0.6581
nf4,2,math,22,2,1.0,3,0.8157,0.7754,1.404,0.5808
nf4,2,math,23,2,1.0,3,0.3009,0.9487,0.3101,0.9459
nf4,2,math,24,2,1.0,3,0.4095,0.873,0.8189,0.7461
nf4,2,math,25,2,1.0,3,0.0038,0.9997,0.0051,0.9996
nf4,2,math,26,2,1.0,3,0.0059,0.9995,0.0113,0.9991
nf4,2,math,0,0,0.0,1,5.0531,0.1899,5.7449,0.1566
nf4,2,math,1,2,1.0,3,0.2862,0.9672,0.5722,0.9345
nf4,2,math,2,2,1.0,3,0.0698,0.9903,0.1396,0.9805
nf4,2,math,3,2,1.0,3,0.4418,0.9225,0.8449,0.8484
nf4,2,math,4,2,1.0,3,1.9447,0.4904,2.4288,0.4407
nf4,2,math,5,0,0.0,1,1.1092,0.6692,1.1811,0.5667
nf4,2,math,6,2,1.0,3,1.1482,0.6689,1.2975,0.5999
nf4,2,math,7,2,1.0,3,0.0091,0.9993,0.0181,0.9985
nf4,2,math,8,2,1.0,3,0.7583,0.8464,1.5161,0.6928
nf4,2,math,9,2,1.0,3,0.0008,1.0,0.0015,0.9999
nf4,2,math,10,2,1.0,3,0.0983,0.9887,0.1371,0.9835
nf4,2,math,11,1,0.5,2,0.9152,0.6521,1.0722,0.5194
nf4,2,math,12,2,1.0,3,0.3339,0.9226,0.665,0.8454
nf4,2,math,13,2,1.0,3,0.7768,0.8204,1.0662,0.7092
nf4,2,math,14,2,1.0,3,0.5507,0.8289,1.0825,0.6596
nf4,2,math,15,2,1.0,3,0.0431,0.9946,0.0862,0.9892
nf4,2,math,16,2,1.0,3,0.0002,1.0,0.0003,1.0
nf4,2,math,17,2,1.0,3,0.0002,1.0,0.0004,1.0
nf4,2,math,18,2,1.0,3,0.0627,0.993,0.1253,0.986
nf4,2,math,19,2,1.0,3,0.0,1.0,0.0,1.0
nf4,2,math,20,0,0.0,1,0.6034,0.7992,1.2067,0.5985
nf4,2,math,21,2,1.0,3,0.5263,0.7878,1.0486,0.576
nf4,2,math,22,2,1.0,3,0.0001,1.0,0.0002,1.0
nf4,2,math,23,2,1.0,3,1.247,0.5332,1.3219,0.4783
nf4,2,math,24,2,1.0,3,0.516,0.7941,1.0319,0.5883
nf4,2,math,25,2,1.0,3,0.3109,0.9246,0.6196,0.8493
nf4,2,math,26,2,1.0,3,0.7331,0.8186,1.4483,0.6386
nf4,2,math,27,2,1.0,3,0.6045,0.8534,0.7402,0.8052
nf4,2,math,28,2,1.0,3,0.1634,0.9757,0.2416,0.9614
nf4,2,chat,0,0,0.0,1,3.4985,0.3266,5.2166,0.1926
nf4,2,chat,1,1,0.5,2,3.7965,0.4982,5.8293,0.2201
nf4,2,chat,2,2,1.0,3,2.2667,0.5763,3.2205,0.4694
nf4,2,chat,3,1,0.5,2,3.1876,0.5285,4.2139,0.4061
nf4,2,chat,4,0,0.0,1,1.8151,0.5418,2.1698,0.5242
nf4,2,chat,5,0,0.0,1,3.3668,0.3524,4.1009,0.2442
nf4,2,chat,6,1,0.5,2,1.8664,0.6534,3.7146,0.3083
nf4,2,chat,7,0,0.0,1,2.1369,0.5822,2.7456,0.4569
nf4,2,chat,8,2,1.0,3,1.2377,0.8389,2.0081,0.7544
nf4,2,chat,9,2,1.0,3,1.3132,0.6575,1.9483,0.4107
nf4,2,chat,10,2,1.0,3,1.2698,0.7512,1.7197,0.7484
nf4,2,chat,11,2,1.0,3,0.1715,0.9695,0.3372,0.9393
nf4,2,chat,12,2,1.0,3,0.0339,0.9971,0.0676,0.9943
nf4,2,chat,13,2,1.0,3,0.5459,0.8678,1.0907,0.7357
nf4,2,chat,14,2,1.0,3,0.8067,0.7978,1.5197,0.6067
nf4,2,chat,15,2,1.0,3,1.3515,0.5555,1.7002,0.492
nf4,2,chat,16,2,1.0,3,0.8078,0.8427,1.6147,0.6854
nf4,2,chat,17,1,0.5,2,0.5028,0.8521,0.8489,0.7249
nf4,2,chat,18,1,0.5,2,0.7332,0.7945,1.3549,0.5972
nf4,2,chat,19,2,1.0,3,0.4318,0.9328,0.5136,0.9263
nf4,2,chat,20,2,1.0,3,0.7563,0.8429,1.0922,0.735
nf4,2,chat,21,2,1.0,3,1.1245,0.7752,1.1912,0.7716
nf4,2,chat,22,2,1.0,3,0.7859,0.7651,1.5647,0.5306
nf4,2,chat,23,2,1.0,3,0.0044,0.9996,0.0087,0.9993
nf4,2,chat,24,2,1.0,3,0.9504,0.8081,1.8722,0.6191
nf4,2,chat,25,2,1.0,3,0.0489,0.9946,0.0744,0.9911
nf4,2,chat,26,2,1.0,3,1.1483,0.7481,2.2912,0.4966
nf4,2,chat,27,2,1.0,3,0.7681,0.8158,1.4285,0.644
nf4,2,chat,28,2,1.0,3,0.5052,0.8186,0.9398,0.6442
nf4,2,chat,29,2,1.0,3,0.0421,0.9964,0.0817,0.993
nf4,2,chat,30,2,1.0,3,0.4522,0.9261,0.661,0.8771
nf4,2,chat,0,2,1.0,3,1.2224,0.8371,1.2777,0.8188
nf4,2,chat,1,1,0.5,2,2.3949,0.6308,4.0019,0.3763
nf4,2,chat,2,0,0.0,1,3.3429,0.3871,3.4551,0.3496
nf4,2,chat,3,2,1.0,3,0.8601,0.9019,1.0781,0.8764
nf4,2,chat,4,0,0.0,1,3.8638,0.2384,4.2582,0.1864
nf4,2,chat,5,0,0.0,1,1.7291,0.663,3.3094,0.3424
nf4,2,chat,6,2,1.0,3,0.3121,0.9541,0.3999,0.9423
nf4,2,chat,7,2,1.0,3,1.2451,0.691,2.3943,0.3899
nf4,2,chat,8,1,0.5,2,3.8654,0.2233,4.3678,0.1538
nf4,2,chat,9,2,1.0,3,3.0958,0.4322,3.8406,0.3356
nf4,2,chat,10,1,0.5,2,3.316,0.4409,3.8949,0.2582
nf4,2,chat,11,2,1.0,3,1.189,0.8343,1.9891,0.7249
nf4,2,chat,12,2,1.0,3,0.5871,0.9038,0.8347,0.8479
nf4,2,chat,13,0,0.0,1,2.8985,0.4072,3.7023,0.2868
nf4,2,chat,14,1,0.5,2,1.4696,0.689,2.47,0.4365
nf4,2,chat,15,2,1.0,3,2.0059,0.6043,3.4373,0.2883
nf4,2,chat,16,2,1.0,3,0.6222,0.9004,1.0091,0.824
nf4,2,chat,17,2,1.0,3,2.2138,0.6795,3.0744,0.5842
nf4,2,chat,18,0,0.0,1,2.6797,0.3739,3.6944,0.1859
nf4,2,chat,19,0,0.0,1,3.1546,0.2824,3.7274,0.1962
nf4,2,chat,20,2,1.0,3,0.2373,0.9641,0.3483,0.9375
nf4,2,chat,21,2,1.0,3,2.1063,0.5802,3.7692,0.2291
nf4,2,chat,22,2,1.0,3,1.0417,0.7642,1.098,0.7629
nf4,2,chat,23,1,0.5,2,1.4277,0.6768,2.1809,0.4212
nf4,2,chat,24,2,1.0,3,0.5359,0.9451,1.0718,0.8901
nf4,2,chat,25,2,1.0,3,1.1997,0.7468,1.2695,0.7248
nf4,2,chat,26,2,1.0,3,0.477,0.9334,0.6975,0.898
nf4,2,chat,27,0,0.0,1,2.844,0.3237,3.1466,0.3196
nf4,2,chat,28,2,1.0,3,0.0808,0.9894,0.1615,0.9788
nf4,2,chat,29,2,1.0,3,0.4376,0.9441,0.5875,0.9265
nf4,2,chat,30,2,1.0,3,0.5684,0.8965,0.6217,0.8949
nf4,2,chat,31,2,1.0,3,1.4647,0.7718,2.3327,0.6569
nf4,2,chat,32,2,1.0,3,1.4117,0.6801,2.8111,0.3612
nf4,2,chat,0,0,0.0,1,3.1386,0.5969,6.0682,0.2207
nf4,2,chat,1,1,0.5,2,2.3095,0.6022,3.805,0.3529
nf4,2,chat,2,2,1.0,3,2.6977,0.506,3.3138,0.4196
nf4,2,chat,3,2,1.0,3,0.2593,0.9711,0.515,0.9425
nf4,2,chat,4,2,1.0,3,0.744,0.7692,1.3659,0.551
nf4,2,chat,5,2,1.0,3,2.4941,0.4076,3.1918,0.3681
nf4,2,chat,6,2,1.0,3,1.1576,0.8457,1.1973,0.8095
nf4,2,chat,7,2,1.0,3,2.1756,0.6497,3.6511,0.3914
nf4,2,chat,8,1,0.5,2,1.0016,0.7058,1.4346,0.505
nf4,2,chat,9,1,0.5,2,0.9719,0.7009,1.7616,0.4295
nf4,2,chat,10,2,1.0,3,0.2261,0.9621,0.4513,0.9243
nf4,2,chat,11,2,1.0,3,1.0367,0.7176,1.5083,0.4877
nf4,2,chat,12,2,1.0,3,1.2135,0.8038,2.2527,0.6267
nf4,2,chat,13,2,1.0,3,0.0087,0.9994,0.0126,0.9991
nf4,2,chat,14,2,1.0,3,0.1181,0.9885,0.2047,0.9791
nf4,2,chat,15,2,1.0,3,0.9433,0.8313,1.0963,0.8094
nf4,2,chat,16,2,1.0,3,0.7978,0.8275,1.5819,0.6559
nf4,2,chat,17,2,1.0,3,0.4909,0.9013,0.4943,0.8958
nf4,2,chat,18,1,0.5,2,0.2316,0.9732,0.4631,0.9464
nf4,2,chat,19,2,1.0,3,0.5525,0.9216,1.1028,0.8433
nf4,2,chat,20,1,0.5,2,0.782,0.7557,1.4834,0.5188
nf4,2,chat,21,2,1.0,3,1.342,0.6458,1.5519,0.6143
nf4,2,chat,22,0,0.0,1,1.0333,0.6896,1.0454,0.5742
nf4,2,chat,23,2,1.0,3,0.357,0.9527,0.7125,0.9055
nf4,2,chat,24,2,1.0,3,0.0007,1.0,0.0014,0.9999
nf4,2,chat,25,2,1.0,3,0.155,0.9829,0.3068,0.966
nf4,2,chat,26,2,1.0,3,0.1481,0.976,0.2962,0.9521
nf4,2,chat,27,2,1.0,3,0.1854,0.975,0.2753,0.9605
nf4,2,chat,28,2,1.0,3,0.3735,0.9403,0.4157,0.9243
nf4,2,chat,29,2,1.0,3,0.0002,1.0,0.0005,1.0
nf4,2,chat,0,0,0.0,1,2.9883,0.5668,5.8648,0.1407
nf4,2,chat,1,0,0.0,1,4.5696,0.2213,5.2341,0.133
nf4,2,chat,2,1,0.5,2,3.9982,0.4482,5.3935,0.1173
nf4,2,chat,3,2,1.0,3,1.7212,0.7534,3.437,0.507
nf4,2,chat,4,2,1.0,3,3.1045,0.509,3.6236,0.3818
nf4,2,chat,5,0,0.0,1,2.7335,0.4791,2.8787,0.4321
nf4,2,chat,6,2,1.0,3,2.4538,0.6614,3.0983,0.5263
nf4,2,chat,7,1,0.5,2,2.764,0.5005,3.0023,0.4325
nf4,2,chat,8,0,0.0,1,3.6708,0.5076,4.2764,0.3734
nf4,2,chat,9,2,1.0,3,2.0849,0.4451,2.7465,0.3149
nf4,2,chat,10,0,0.0,1,4.5031,0.2973,4.6716,0.2195
nf4,2,chat,11,0,0.0,1,2.7884,0.4318,4.6539,0.1951
nf4,2,chat,12,1,0.5,2,2.1132,0.6332,4.2087,0.2676
nf4,2,chat,13,2,1.0,3,1.1375,0.7614,1.3967,0.7234
nf4,2,chat,14,0,0.0,1,2.9405,0.5564,5.4034,0.1738
nf4,2,chat,15,2,1.0,3,0.9113,0.8653,1.8135,0.7313
nf4,2,chat,16,0,0.0,1,2.5257,0.4688,3.4545,0.2321
nf4,2,chat,17,0,0.0,1,2.194,0.6203,4.2002,0.2621
nf4,2,chat,18,2,1.0,3,1.8123,0.7648,3.18,0.5679
nf4,2,chat,19,2,1.0,3,0.0142,0.999,0.0213,0.9984
nf4,2,chat,20,2,1.0,3,0.1086,0.9922,0.1378,0.9899
nf4,2,chat,21,2,1.0,3,0.012,0.9991,0.0216,0.9983
nf4,2,chat,22,2,1.0,3,0.7758,0.9023,0.9288,0.8839
nf4,2,chat,23,2,1.0,3,0.0065,0.9995,0.0129,0.999
nf4,2,chat,24,1,0.5,2,1.4349,0.6332,2.8684,0.2665
nf4,2,chat,25,2,1.0,3,2.6183,0.574,4.0232,0.3705
nf4,2,chat,26,1,0.5,2,3.3337,0.4707,4.0744,0.4005
nf4,2,chat,27,2,1.0,3,1.3668,0.7147,2.7276,0.4299
nf4,2,chat,28,2,1.0,3,1.5384,0.7444,2.7185,0.5351
nf4,2,chat,29,2,1.0,3,1.2179,0.6695,1.4455,0.6138
nf4,2,chat,30,0,0.0,1,1.9205,0.5892,2.4456,0.4432
nf4,2,chat,31,0,0.0,1,1.2037,0.6772,2.1214,0.4041
nf4,2,chat,32,1,0.5,2,1.0377,0.7434,2.0527,0.4886
nf4,2,chat,33,1,0.5,2,1.1501,0.7167,2.2164,0.4399
nf4,2,chat,34,2,1.0,3,0.2238,0.9844,0.4412,0.9691
nf4,2,chat,35,0,0.0,1,3.5698,0.5653,4.5387,0.5193
nf4,2,chat,36,2,1.0,3,0.4997,0.9353,0.9742,0.8722
nf4,2,chat,0,0,0.0,1,4.8769,0.2239,5.9342,0.1548
nf4,2,chat,1,0,0.0,1,4.2237,0.3108,5.0861,0.1782
nf4,2,chat,2,0,0.0,1,1.1993,0.8182,2.3943,0.6366
nf4,2,chat,3,2,1.0,3,1.3492,0.7451,2.6925,0.4905
nf4,2,chat,4,2,1.0,3,0.5204,0.8865,1.0314,0.7736
nf4,2,chat,5,2,1.0,3,0.8272,0.8141,1.6222,0.6307
nf4,2,chat,6,2,1.0,3,0.2355,0.9707,0.448,0.9431
nf4,2,chat,7,2,1.0,3,0.5145,0.9122,0.6762,0.8662
nf4,2,chat,8,2,1.0,3,0.0624,0.9936,0.1245,0.9873
nf4,2,chat,9,2,1.0,3,0.8059,0.7678,1.6048,0.5362
nf4,2,chat,10,0,0.0,1,1.1722,0.6717,1.8466,0.4351
nf4,2,chat,11,1,0.5,2,1.8496,0.5389,2.3317,0.4321
nf4,2,chat,12,2,1.0,3,0.5573,0.9165,0.8529,0.8654
nf4,2,chat,13,2,1.0,3,1.7453,0.647,2.3019,0.4998
nf4,2,chat,14,0,0.0,1,1.9859,0.6149,3.0722,0.4671
nf4,2,chat,15,2,1.0,3,1.6892,0.6837,3.2125,0.3919
nf4,2,chat,16,2,1.0,3,1.8665,0.6677,3.7291,0.3356
nf4,2,chat,17,0,0.0,1,0.7452,0.8219,1.02,0.6888
nf4,2,chat,18,2,1.0,3,0.0492,0.9965,0.0915,0.9936
nf4,2,chat,19,1,0.5,2,0.7489,0.7698,1.4168,0.5451
nf4,2,chat,20,2,1.0,3,0.4018,0.9512,0.5163,0.94
nf4,2,chat,21,2,1.0,3,0.0555,0.9949,0.0602,0.9943
nf4,2,chat,22,2,1.0,3,1.3431,0.669,2.5373,0.3559
nf4,2,chat,23,2,1.0,3,0.4802,0.9006,0.889,0.8071
nf4,2,chat,24,2,1.0,3,0.7447,0.8925,0.8365,0.8826
nf4,2,chat,25,0,0.0,1,0.7863,0.7407,1.2949,0.5236
nf4,2,chat,26,2,1.0,3,0.2136,0.9694,0.2292,0.9645
nf4,2,chat,27,2,1.0,3,0.2931,0.9597,0.5859,0.9194
nf4,2,chat,28,2,1.0,3,1.4026,0.6485,2.2205,0.3814
nf4,2,chat,29,1,0.5,2,0.8081,0.7558,0.8701,0.7238
nf4,2,chat,30,2,1.0,3,0.0422,0.9958,0.0796,0.992
nf4,2,chat,31,0,0.0,1,0.9171,0.7525,1.7974,0.5085
nf4,2,chat,32,2,1.0,3,0.8461,0.8155,1.6618,0.6338
nf4,2,summarization,0,0,0.0,1,2.037,0.698,4.065,0.3964
nf4,2,summarization,1,0,0.0,1,2.2482,0.627,4.488,0.2545
nf4,2,summarization,2,0,0.0,1,2.6718,0.5696,4.4824,0.228
nf4,2,summarization,3,2,1.0,3,3.588,0.3578,3.6413,0.3067
nf4,2,summarization,4,2,1.0,3,0.3423,0.9572,0.3508,0.9528
nf4,2,summarization,5,1,0.5,2,2.2005,0.5565,2.6966,0.3785
nf4,2,summarization,6,0,0.0,1,0.7458,0.8707,1.1637,0.7751
nf4,2,summarization,7,2,1.0,3,0.0452,0.9962,0.0508,0.9961
nf4,2,summarization,8,2,1.0,3,1.6836,0.6576,2.6087,0.4252
nf4,2,summarization,9,2,1.0,3,1.513,0.7003,2.097,0.5589
nf4,2,summarization,10,2,1.0,3,0.6572,0.7579,1.1707,0.5302
nf4,2,summarization,11,2,1.0,3,0.175,0.9777,0.2843,0.9617
nf4,2,summarization,12,2,1.0,3,0.2502,0.9719,0.4957,0.944
nf4,2,summarization,13,2,1.0,3,0.7794,0.8041,0.8235,0.7538
nf4,2,summarization,14,2,1.0,3,2.8591,0.4931,3.3164,0.418
nf4,2,summarization,15,0,0.0,1,2.2675,0.5173,2.7569,0.4243
nf4,2,summarization,16,2,1.0,3,0.4185,0.9359,0.7987,0.8753
nf4,2,summarization,17,2,1.0,3,0.7589,0.8371,1.4511,0.6803
nf4,2,summarization,18,2,1.0,3,0.7999,0.8225,1.5992,0.645
nf4,2,summarization,19,1,0.5,2,0.9211,0.8652,1.8205,0.7318
nf4,2,summarization,20,2,1.0,3,0.2262,0.9792,0.4519,0.9585
nf4,2,summarization,21,2,1.0,3,0.6188,0.9061,1.1199,0.8253
nf4,2,summarization,22,2,1.0,3,0.6796,0.8701,1.0126,0.7982
nf4,2,summarization,23,2,1.0,3,0.6768,0.772,1.3057,0.5486
nf4,2,summarization,24,0,0.0,1,1.4282,0.6637,1.4623,0.6339
nf4,2,summarization,25,0,0.0,1,1.1417,0.7284,2.2787,0.457
nf4,2,summarization,26,2,1.0,3,1.6042,0.7208,2.8409,0.5105
nf4,2,summarization,27,2,1.0,3,0.6604,0.8567,1.1921,0.7246
nf4,2,summarization,28,2,1.0,3,1.4066,0.707,1.7685,0.6882
nf4,2,summarization,29,2,1.0,3,0.6096,0.8973,1.0891,0.8068
nf4,2,summarization,30,0,0.0,1,1.4554,0.6486,1.7024,0.5997
nf4,2,summarization,31,2,1.0,3,1.3347,0.6759,2.1777,0.4088
nf4,2,summarization,32,2,1.0,3,2.5792,0.549,2.9829,0.4975
nf4,2,summarization,0,0,0.0,1,4.6114,0.2984,5.3413,0.2523
nf4,2,summarization,1,2,1.0,3,2.1477,0.447,2.3682,0.379
nf4,2,summarization,2,0,0.0,1,2.6785,0.5473,4.4855,0.2511
nf4,2,summarization,3,2,1.0,3,1.2975,0.7872,1.9929,0.6665
nf4,2,summarization,4,1,0.5,2,1.0441,0.7759,2.0833,0.5521
nf4,2,summarization,5,2,1.0,3,0.3236,0.9617,0.4581,0.9409
nf4,2,summarization,6,2,1.0,3,1.1104,0.8169,1.128,0.7929
nf4,2,summarization,7,2,1.0,3,0.0957,0.9878,0.188,0.9759
nf4,2,summarization,8,2,1.0,3,0.0142,0.9988,0.0244,0.9979
nf4,2,summarization,9,2,1.0,3,0.541,0.8064,1.0817,0.6128
nf4,2,summarization,10,2,1.0,3,0.3053,0.9608,0.4777,0.9345
nf4,2,summarization,11,2,1.0,3,0.512,0.9032,0.9985,0.8084
nf4,2,summarization,12,2,1.0,3,0.1825,0.9697,0.3646,0.9394
nf4,2,summarization,13,2,1.0,3,0.0509,0.9944,0.099,0.989
nf4,2,summarization,14,2,1.0,3,0.6596,0.8213,1.276,0.6457
nf4,2,summarization,15,2,1.0,3,0.0689,0.991,0.1376,0.9821
nf4,2,summarization,16,0,0.0,1,1.9232,0.5292,2.898,0.4045
nf4,2,summarization,17,2,1.0,3,0.6926,0.9138,0.7247,0.9124
nf4,2,summarization,18,2,1.0,3,0.0251,0.9977,0.031,0.997
nf4,2,summarization,19,2,1.0,3,0.0831,0.9927,0.1579,0.9861
nf4,2,summarization,20,2,1.0,3,1.7271,0.5659,2.6305,0.3332
nf4,2,summarization,21,2,1.0,3,0.558,0.9062,1.0116,0.8246
nf4,2,summarization,22,2,1.0,3,0.3224,0.9646,0.3744,0.9543
nf4,2,summarization,23,2,1.0,3,0.94,0.7163,1.4935,0.4718
nf4,2,summarization,24,1,0.5,2,1.1047,0.7796,1.6846,0.6084
nf4,2,summarization,25,2,1.0,3,1.5534,0.7455,2.1925,0.5908
nf4,2,summarization,26,2,1.0,3,0.3088,0.9406,0.5523,0.8879
nf4,2,summarization,27,2,1.0,3,0.3708,0.9485,0.6532,0.9079
nf4,2,summarization,28,2,1.0,3,0.2548,0.9564,0.5094,0.9129
nf4,2,summarization,29,1,1.0,2,0.3176,0.9564,0.3176,0.9564
nf4,2,summarization,0,0,0.0,1,1.3516,0.8212,1.9653,0.7599
nf4,2,summarization,1,2,1.0,3,1.7323,0.8158,2.5371,0.7374
nf4,2,summarization,2,2,1.0,3,1.3552,0.7525,2.3096,0.5456
nf4,2,summarization,3,2,1.0,3,0.763,0.8952,0.9549,0.8676
nf4,2,summarization,4,2,1.0,3,0.7147,0.8903,0.8181,0.8649
nf4,2,summarization,5,2,1.0,3,0.2523,0.9697,0.4634,0.9435
nf4,2,summarization,6,2,1.0,3,2.1165,0.5597,2.1345,0.5063
nf4,2,summarization,7,2,1.0,3,2.3343,0.5418,2.6142,0.3458
nf4,2,summarization,8,2,1.0,3,1.7193,0.6365,2.6424,0.4246
nf4,2,summarization,9,1,0.5,2,1.708,0.5851,2.5507,0.3609
nf4,2,summarization,10,1,0.5,2,0.8257,0.7975,1.5293,0.6087
nf4,2,summarization,11,1,0.5,2,3.4764,0.5415,6.2234,0.1478
nf4,2,summarization,12,0,0.0,1,3.0523,0.437,4.3423,0.2486
nf4,2,summarization,13,0,0.0,1,2.992,0.5233,5.091,0.2127
nf4,2,summarization,14,2,1.0,3,1.9008,0.7001,2.8095,0.6019
nf4,2,summarization,15,2,1.0,3,2.3659,0.6202,2.6969,0.5249
nf4,2,summarization,16,2,1.0,3,1.7787,0.6396,3.5545,0.2794
nf4,2,summarization,17,2,1.0,3,1.5707,0.7534,1.7874,0.6813
nf4,2,summarization,18,2,1.0,3,0.7104,0.9059,1.3143,0.8238
nf4,2,summarization,19,2,1.0,3,0.4886,0.9341,0.9729,0.8685
nf4,2,summarization,20,2,1.0,3,1.3929,0.6605,1.527,0.5855
nf4,2,summarization,21,2,1.0,3,2.0243,0.6627,3.0218,0.4392
nf4,2,summarization,22,2,1.0,3,1.0309,0.7394,1.8247,0.5077
nf4,2,summarization,23,0,0.0,1,2.5193,0.5266,3.7846,0.3569
nf4,2,summarization,24,0,0.0,1,2.1904,0.3812,2.2951,0.3729
nf4,2,summarization,25,0,0.0,1,1.5225,0.6995,1.7362,0.569
nf4,2,summarization,26,0,0.0,1,1.0285,0.7944,2.0457,0.5896
nf4,2,summarization,27,0,0.0,1,1.1743,0.6919,2.2887,0.3898
nf4,2,summarization,28,2,1.0,3,0.291,0.9521,0.3215,0.9423
nf4,2,summarization,29,2,1.0,3,1.6245,0.6428,1.8966,0.5606
nf4,2,summarization,30,2,1.0,3,0.0002,1.0,0.0003,1.0
nf4,2,summarization,31,2,1.0,3,2.269,0.6152,4.5339,0.2308
nf4,2,summarization,32,2,1.0,3,2.4194,0.6669,4.8285,0.3344
nf4,2,summarization,0,0,0.0,1,2.1311,0.5895,2.6266,0.5752
nf4,2,summarization,1,0,0.0,1,3.2195,0.579,6.2821,0.171
nf4,2,summarization,2,2,1.0,3,1.1194,0.7751,1.6719,0.6239
nf4,2,summarization,3,2,1.0,3,3.2347,0.5856,3.3762,0.5405
nf4,2,summarization,4,2,1.0,3,1.6464,0.5873,2.3306,0.3543
nf4,2,summarization,5,0,0.0,1,3.0101,0.3932,3.8436,0.3281
nf4,2,summarization,6,2,1.0,3,3.2875,0.4711,4.4964,0.2394
nf4,2,summarization,7,1,0.5,2,1.7889,0.6143,3.5762,0.2287
nf4,2,summarization,8,2,1.0,3,0.0036,0.9998,0.0058,0.9996
nf4,2,summarization,9,2,1.0,3,1.7558,0.6481,1.9676,0.5485
nf4,2,summarization,10,2,1.0,3,2.296,0.4966,2.6352,0.4108
nf4,2,summarization,11,2,1.0,3,1.5109,0.7503,1.6328,0.7035
nf4,2,summarization,12,2,1.0,3,0.6313,0.8435,1.2626,0.687
nf4,2,summarization,13,2,1.0,3,0.0254,0.9977,0.0259,0.9977
nf4,2,summarization,14,2,1.0,3,0.3199,0.9408,0.6365,0.8817
nf4,2,summarization,15,2,1.0,3,0.3163,0.9477,0.444,0.921
nf4,2,summarization,16,2,1.0,3,0.9749,0.8014,1.9498,0.6029
nf4,2,summarization,17,2,1.0,3,0.7766,0.8388,1.55,0.6779
nf4,2,summarization,18,1,0.5,2,1.2436,0.6369,2.4869,0.2737
nf4,2,summarization,19,2,1.0,3,0.1002,0.9876,0.1971,0.9754
nf4,2,summarization,20,2,1.0,3,0.0018,0.9999,0.0033,0.9998
nf4,2,summarization,21,2,1.0,3,1.7121,0.5983,1.9578,0.5744
nf4,2,summarization,22,0,0.0,1,1.594,0.665,3.1878,0.33
nf4,2,summarization,23,2,1.0,3,0.5636,0.9096,1.1132,0.82
nf4,2,summarization,24,2,1.0,3,0.0854,0.9911,0.1469,0.9841
nf4,2,summarization,25,2,1.0,3,0.9638,0.7911,1.8649,0.5862
nf4,2,summarization,26,2,1.0,3,0.1934,0.9797,0.3865,0.9594
nf4,2,summarization,27,2,1.0,3,0.6058,0.8634,1.062,0.737
nf4,2,summarization,28,2,1.0,3,0.0317,0.9978,0.0626,0.9956
nf4,2,summarization,29,2,1.0,3,0.1217,0.9894,0.1599,0.9849
nf4,2,summarization,0,0,0.0,1,5.1279,0.2906,5.3211,0.2637
nf4,2,summarization,1,0,0.0,1,2.6654,0.6334,5.3234,0.2672
nf4,2,summarization,2,2,1.0,3,2.2576,0.6072,2.5388,0.4175
nf4,2,summarization,3,2,1.0,3,0.0038,0.9998,0.0073,0.9995
nf4,2,summarization,4,2,1.0,3,1.9131,0.5874,2.0832,0.45
nf4,2,summarization,5,2,1.0,3,0.1714,0.9757,0.2357,0.9631
nf4,2,summarization,6,2,1.0,3,0.3675,0.9,0.7325,0.8002
nf4,2,summarization,7,2,1.0,3,0.0177,0.9985,0.0318,0.9973
nf4,2,summarization,8,2,1.0,3,0.8414,0.7859,1.0858,0.6697
nf4,2,summarization,9,2,1.0,3,0.1594,0.9825,0.2106,0.9751
nf4,2,summarization,10,2,1.0,3,1.15,0.7234,1.9263,0.4991
nf4,2,summarization,11,2,1.0,3,0.8573,0.8034,0.863,0.7183
nf4,2,summarization,12,2,1.0,3,0.3564,0.9373,0.6773,0.8774
nf4,2,summarization,13,2,1.0,3,0.7253,0.7596,1.3745,0.525
nf4,2,summarization,14,2,1.0,3,0.2456,0.9478,0.484,0.8961
nf4,2,summarization,15,1,0.5,2,0.3533,0.9118,0.6844,0.8255
nf4,2,summarization,16,2,1.0,3,0.6015,0.8897,0.6433,0.8719
nf4,2,summarization,17,2,1.0,3,0.6266,0.8736,0.7966,0.7921
nf4,2,summarization,18,2,1.0,3,0.0737,0.9943,0.1393,0.9892
nf4,2,summarization,19,2,1.0,3,0.9741,0.8576,1.1024,0.8323
nf4,2,summarization,20,1,0.5,2,1.5456,0.7336,2.1622,0.5938
nf4,2,summarization,21,2,1.0,3,0.9977,0.7713,1.9888,0.543
nf4,2,summarization,22,2,1.0,3,1.2402,0.7632,1.5716,0.6193
nf4,2,summarization,23,2,1.0,3,0.18,0.9786,0.3416,0.9587
nf4,2,summarization,24,0,0.0,1,1.9233,0.661,3.5771,0.3529
nf4,2,summarization,25,2,1.0,3,0.1694,0.984,0.256,0.9774
nf4,2,summarization,26,2,1.0,3,1.2774,0.7868,1.5259,0.7176
nf4,2,summarization,27,2,1.0,3,1.3608,0.7568,1.6553,0.6663
nf4,2,summarization,28,2,1.0,3,0.4957,0.9306,0.6986,0.9027
nf4,2,summarization,29,1,1.0,2,0.4799,0.9385,0.4799,0.9385
nf4,4,code,0,0,0.0,1,2.0452,0.6369,2.956,0.3969
nf4,4,code,1,0,0.0,1,1.6153,0.6773,3.8145,0.2022
nf4,4,code,2,0,0.0,1,0.9571,0.759,1.6901,0.4793
nf4,4,code,3,4,1.0,5,0.2822,0.9661,1.019,0.8763
nf4,4,code,4,1,0.25,2,2.6601,0.4322,2.9233,0.2466
nf4,4,code,5,4,1.0,5,1.6245,0.5825,2.5163,0.3222
nf4,4,code,6,0,0.0,1,0.8159,0.8109,1.8241,0.4053
nf4,4,code,7,4,1.0,5,0.1634,0.9858,0.3214,0.973
nf4,4,code,8,4,1.0,5,0.7087,0.8241,2.1841,0.3963
nf4,4,code,9,4,1.0,5,0.3592,0.9479,0.5173,0.9143
nf4,4,code,10,4,1.0,5,0.7083,0.7945,2.275,0.291
nf4,4,code,11,3,0.75,4,1.7888,0.6465,3.1903,0.4474
nf4,4,code,12,4,1.0,5,1.3709,0.7012,2.3003,0.463
nf4,4,code,13,4,1.0,5,0.8666,0.8314,1.5766,0.7082
nf4,4,code,14,2,0.5,3,1.1801,0.7008,2.2923,0.3569
nf4,4,code,15,0,0.0,1,3.1552,0.3759,4.0193,0.1661
nf4,4,code,16,1,0.25,2,2.3325,0.5797,4.7408,0.1714
nf4,4,code,17,1,0.25,2,0.9632,0.7657,1.489,0.6121
nf4,4,code,18,4,1.0,5,0.6634,0.839,1.3262,0.6076
nf4,4,code,19,4,1.0,5,0.5841,0.8568,0.9987,0.644
nf4,4,code,20,0,0.0,1,0.764,0.8364,1.5353,0.6293
nf4,4,code,21,4,1.0,5,0.3992,0.9311,0.8077,0.8476
nf4,4,code,22,4,1.0,5,1.0008,0.8154,4.0029,0.2616
nf4,4,code,23,1,1.0,2,1.3518,0.7487,1.3518,0.7487
nf4,4,code,0,0,0.0,1,2.156,0.6161,4.4177,0.239
nf4,4,code,1,0,0.0,1,2.307,0.5958,3.9576,0.379
nf4,4,code,2,4,1.0,5,2.5956,0.4493,4.6765,0.2482
nf4,4,code,3,1,0.25,2,1.9318,0.5763,3.63,0.2674
nf4,4,code,4,4,1.0,5,1.093,0.7984,3.5215,0.2992
nf4,4,code,5,4,1.0,5,0.3853,0.935,0.8012,0.8735
nf4,4,code,6,4,1.0,5,0.1839,0.9676,0.6007,0.882
nf4,4,code,7,4,1.0,5,0.2279,0.9517,0.8667,0.8114
nf4,4,code,8,4,1.0,5,0.0633,0.9929,0.2123,0.9744
nf4,4,code,9,4,1.0,5,0.0171,0.9984,0.064,0.9937
nf4,4,code,10,4,1.0,5,0.246,0.932,0.9189,0.7332
nf4,4,code,11,4,1.0,5,0.0113,0.9991,0.0249,0.9977
nf4,4,code,12,4,1.0,5,0.0058,0.9995,0.0215,0.9981
nf4,4,code,13,4,1.0,5,0.094,0.9875,0.2357,0.9633
nf4,4,code,14,4,1.0,5,0.3209,0.9539,0.5353,0.9246
nf4,4,code,15,4,1.0,5,0.4403,0.8955,1.2131,0.6992
nf4,4,code,16,4,1.0,5,0.0936,0.9874,0.3351,0.9531
nf4,4,code,17,4,1.0,5,0.0035,0.9998,0.0109,0.9992
nf4,4,code,18,1,1.0,2,0.0244,0.9977,0.0244,0.9977
nf4,4,code,0,0,0.0,1,2.3268,0.4281,3.5453,0.3337
nf4,4,code,1,1,0.25,2,2.1884,0.5469,4.3107,0.2541
nf4,4,code,2,0,0.0,1,1.4051,0.7093,4.5745,0.1703
nf4,4,code,3,4,1.0,5,0.4626,0.9467,1.2149,0.8536
nf4,4,code,4,2,0.5,3,1.0668,0.7602,3.1158,0.3286
nf4,4,code,5,3,0.75,4,0.7054,0.8067,1.5332,0.4923
nf4,4,code,6,4,1.0,5,0.1469,0.982,0.2786,0.959
nf4,4,code,7,1,0.25,2,0.6283,0.8595,1.7441,0.6584
nf4,4,code,8,4,1.0,5,0.1524,0.9802,0.55,0.9258
nf4,4,code,9,3,0.75,4,0.4746,0.8387,1.0242,0.6376
nf4,4,code,10,4,1.0,5,0.2287,0.9272,0.8965,0.7106
nf4,4,code,11,4,1.0,5,0.0071,0.9994,0.0147,0.9989
nf4,4,code,12,4,1.0,5,0.2691,0.9548,0.5743,0.8965
nf4,4,code,13,4,1.0,5,0.2229,0.9606,0.464,0.9067
nf4,4,code,14,2,0.5,3,0.2911,0.9032,1.0172,0.6316
nf4,4,code,15,4,1.0,5,0.0248,0.9972,0.0804,0.9903
nf4,4,code,16,4,1.0,5,0.0235,0.9976,0.0876,0.9907
nf4,4,code,17,4,1.0,5,0.0067,0.9995,0.0165,0.9986
nf4,4,code,18,4,1.0,5,0.0177,0.998,0.0669,0.9921
nf4,4,code,19,4,1.0,5,0.4565,0.9042,1.1969,0.7214
nf4,4,code,0,0,0.0,1,2.3903,0.543,3.4343,0.4138
nf4,4,code,1,4,1.0,5,1.4727,0.7177,3.1216,0.267
nf4,4,code,2,4,1.0,5,0.0026,0.9998,0.0057,0.9997
nf4,4,code,3,4,1.0,5,0.2902,0.9636,0.9021,0.8756
nf4,4,code,4,4,1.0,5,0.0007,1.0,0.0016,0.9999
nf4,4,code,5,3,0.75,4,1.0157,0.7246,1.5231,0.5674
nf4,4,code,6,4,1.0,5,0.3025,0.9091,0.9556,0.657
nf4,4,code,7,1,0.25,2,0.8168,0.7422,1.3957,0.5603
nf4,4,code,8,4,1.0,5,1.2578,0.6662,2.3801,0.3792
nf4,4,code,9,4,1.0,5,0.3178,0.9599,1.0825,0.855
nf4,4,code,10,4,1.0,5,0.2664,0.9181,0.9766,0.6787
nf4,4,code,11,4,1.0,5,0.3122,0.9584,0.5603,0.9375
nf4,4,code,12,2,0.5,3,1.7346,0.5479,2.3153,0.393
nf4,4,code,13,0,0.0,1,0.6036,0.8585,1.3992,0.6152
nf4,4,code,14,4,1.0,5,0.3484,0.9441,1.1766,0.8076
nf4,4,code,15,4,1.0,5,0.0503,0.9951,0.1689,0.9825
nf4,4,code,16,4,1.0,5,0.0843,0.9888,0.1812,0.9744
nf4,4,code,17,4,1.0,5,0.6958,0.8228,2.3321,0.3568
nf4,4,code,18,4,1.0,5,0.0108,0.9991,0.0349,0.997
nf4,4,code,0,0,0.0,1,3.8066,0.3754,5.0229,0.2013
nf4,4,code,1,0,0.0,1,3.5412,0.5618,7.5202,0.2599
nf4,4,code,2,0,0.0,1,1.9845,0.6396,4.0384,0.5451
nf4,4,code,3,4,1.0,5,0.9063,0.8376,2.6602,0.5269
nf4,4,code,4,4,1.0,5,2.084,0.6021,2.849,0.5036
nf4,4,code,5,0,0.0,1,2.1522,0.6522,5.5304,0.259
nf4,4,code,6,0,0.0,1,2.361,0.6667,5.23,0.2669
nf4,4,code,7,0,0.0,1,0.6012,0.8824,1.9043,0.6039
nf4,4,code,8,3,0.75,4,1.247,0.7259,1.6522,0.504
nf4,4,code,9,4,1.0,5,1.2281,0.7869,3.3696,0.4184
nf4,4,code,10,4,1.0,5,0.5576,0.9045,1.4258,0.725
nf4,4,code,11,4,1.0,5,0.485,0.9151,1.573,0.6965
nf4,4,code,12,3,0.75,4,0.8692,0.8079,3.3957,0.2386
nf4,4,code,13,1,0.25,2,0.9946,0.8338,1.9448,0.5733
nf4,4,code,14,4,1.0,5,0.4598,0.8716,1.5013,0.5216
nf4,4,code,15,4,1.0,5,0.1733,0.9781,0.507,0.9267
nf4,4,code,16,4,1.0,5,1.4125,0.8047,2.9704,0.5875
nf4,4,code,17,0,0.0,1,0.9127,0.7991,2.7465,0.332
nf4,4,code,18,1,0.25,2,1.2341,0.7115,2.9695,0.4528
nf4,4,code,19,4,1.0,5,0.053,0.9953,0.1167,0.9883
nf4,4,code,20,4,1.0,5,0.2863,0.9712,0.8269,0.9145
nf4,4,code,21,4,1.0,5,0.366,0.9415,0.7723,0.8572
nf4,4,code,22,4,1.0,5,0.3982,0.8822,0.9843,0.5995
nf4,4,code,23,1,1.0,2,0.053,0.9943,0.053,0.9943
nf4,4,math,0,0,0.0,1,1.8427,0.7318,5.3144,0.2207
nf4,4,math,1,0,0.0,1,1.291,0.8396,4.4918,0.4258
nf4,4,math,2,4,1.0,5,0.0043,0.9996,0.0168,0.9985
nf4,4,math,3,4,1.0,5,0.3178,0.8704,1.0597,0.5126
nf4,4,math,4,4,1.0,5,0.5261,0.8027,1.0989,0.5388
nf4,4,math,5,4,1.0,5,0.0002,1.0,0.0008,1.0
nf4,4,math,6,4,1.0,5,0.1664,0.9581,0.6654,0.8323
nf4,4,math,7,4,1.0,5,0.0,1.0,0.0001,1.0
nf4,4,math,8,4,1.0,5,0.0016,0.9999,0.0053,0.9997
nf4,4,math,9,4,1.0,5,0.4507,0.8673,0.9349,0.6513
nf4,4,math,10,4,1.0,5,0.1355,0.9693,0.537,0.8775
nf4,4,math,11,3,0.75,4,0.6748,0.7894,1.669,0.5758
nf4,4,math,12,4,1.0,5,0.0524,0.9934,0.1523,0.9803
nf4,4,math,13,4,1.0,5,0.2312,0.9179,0.9242,0.6717
nf4,4,math,14,4,1.0,5,0.055,0.994,0.1585,0.9817
nf4,4,math,15,4,1.0,5,0.0,1.0,0.0,1.0
nf4,4,math,16,4,1.0,5,0.0002,1.0,0.0005,1.0
nf4,4,math,17,4,1.0,5,0.0081,0.9993,0.0318,0.9973
nf4,4,math,0,0,0.0,1,1.9476,0.6803,4.1051,0.2502
nf4,4,math,1,4,1.0,5,0.0574,0.9953,0.2294,0.9813
nf4,4,math,2,4,1.0,5,0.6222,0.8433,1.8393,0.4738
nf4,4,math,3,4,1.0,5,0.5635,0.8489,1.454,0.5612
nf4,4,math,4,4,1.0,5,0.3333,0.936,0.6961,0.8372
nf4,4,math,5,0,0.0,1,0.5298,0.8326,1.066,0.5401
nf4,4,math,6,4,1.0,5,0.225,0.9597,0.7018,0.8687
nf4,4,math,7,4,1.0,5,0.1278,0.9824,0.4117,0.9397
nf4,4,math,8,2,0.5,3,0.257,0.9167,0.9049,0.6824
nf4,4,math,9,4,1.0,5,0.0036,0.9997,0.0145,0.9988
nf4,4,math,10,4,1.0,5,0.0012,0.9999,0.0028,0.9998
nf4,4,math,11,4,1.0,5,0.0195,0.9977,0.0778,0.9908
nf4,4,math,12,2,0.5,3,0.3715,0.8688,1.2359,0.5046
nf4,4,math,13,2,0.5,3,0.3134,0.9022,1.1038,0.6293
nf4,4,math,14,2,0.5,3,0.4856,0.8888,1.3235,0.6432
nf4,4,math,15,4,1.0,5,0.3361,0.9415,0.7327,0.8528
nf4,4,math,16,4,1.0,5,0.0736,0.9887,0.2922,0.9551
nf4,4,math,17,4,1.0,5,0.2137,0.95,0.6663,0.8267
nf4,4,math,18,4,1.0,5,0.0073,0.9993,0.0272,0.9973
nf4,4,math,19,1,1.0,2,0.0,1.0,0.0,1.0
nf4,4,math,0,4,1.0,5,1.6397,0.768,5.7299,0.1567
nf4,4,math,1,1,0.25,2,0.6227,0.891,1.7642,0.6501
nf4,4,math,2,1,0.25,2,0.6794,0.7772,1.5918,0.5237
nf4,4,math,3,1,0.25,2,0.5555,0.8568,1.7255,0.5018
nf4,4,math,4,0,0.0,1,0.9518,0.7078,1.8539,0.5155
nf4,4,math,5,4,1.0,5,0.1482,0.9742,0.5919,0.8969
nf4,4,math,6,4,1.0,5,0.0381,0.9948,0.1434,0.9797
nf4,4,math,7,4,1.0,5,0.0006,1.0,0.0016,0.9999
nf4,4,math,8,3,0.75,4,0.9497,0.7394,1.998,0.4218
nf4,4,math,9,4,1.0,5,0.4244,0.8541,1.4483,0.4572
nf4,4,math,10,4,1.0,5,0.2658,0.9465,0.6176,0.8495
nf4,4,math,11,4,1.0,5,0.0863,0.9845,0.3379,0.9386
nf4,4,math,12,4,1.0,5,0.0297,0.9967,0.076,0.9908
nf4,4,math,13,4,1.0,5,0.0003,1.0,0.001,0.9999
nf4,4,math,14,4,1.0,5,0.0036,0.9997,0.0143,0.9988
nf4,4,math,15,4,1.0,5,0.0007,1.0,0.0019,0.9999
nf4,4,math,16,4,1.0,5,0.1136,0.9773,0.4535,0.9094
nf4,4,math,17,4,1.0,5,0.3334,0.933,0.6863,0.8269
nf4,4,math,18,4,1.0,5,0.0061,0.9995,0.0163,0.9985
nf4,4,math,0,4,1.0,5,1.4028,0.7945,5.2598,0.2092
nf4,4,math,1,4,1.0,5,0.6864,0.8511,2.5922,0.4204
nf4,4,math,2,4,1.0,5,0.0219,0.9979,0.0491,0.9952
nf4,4,math,3,4,1.0,5,0.9208,0.696,1.8885,0.4029
nf4,4,math,4,4,1.0,5,0.1615,0.9649,0.5691,0.8683
nf4,4,math,5,4,1.0,5,0.2842,0.9262,1.1335,0.7049
nf4,4,math,6,4,1.0,5,0.4948,0.8672,1.9788,0.4687
nf4,4,math,7,4,1.0,5,0.143,0.9667,0.5699,0.8668
nf4,4,math,8,4,1.0,5,0.0023,0.9998,0.0066,0.9995
nf4,4,math,9,4,1.0,5,0.0449,0.9934,0.1791,0.9737
nf4,4,math,10,4,1.0,5,0.1217,0.9776,0.4866,0.9106
nf4,4,math,11,4,1.0,5,0.4594,0.8943,1.8377,0.5773
nf4,4,math,12,4,1.0,5,0.2504,0.9628,0.4266,0.9302
nf4,4,math,13,4,1.0,5,0.5995,0.8512,1.404,0.5808
nf4,4,math,14,4,1.0,5,0.53,0.8661,1.0094,0.7461
nf4,4,math,15,4,1.0,5,0.0048,0.9996,0.0113,0.9991
nf4,4,math,0,0,0.0,1,3.9493,0.3307,5.7449,0.1548
nf4,4,math,1,4,1.0,5,0.1432,0.9836,0.5722,0.9345
nf4,4,math,2,4,1.0,5,0.935,0.729,1.6398,0.4355
nf4,4,math,3,2,0.5,3,1.5691,0.5474,2.4288,0.4103
nf4,4,math,4,4,1.0,5,0.579,0.834,1.2975,0.5999
nf4,4,math,5,4,1.0,5,0.5033,0.8961,1.5161,0.6928
nf4,4,math,6,4,1.0,5,0.1737,0.9693,0.4983,0.8997
nf4,4,math,7,1,0.25,2,0.6855,0.7579,1.0722,0.5194
nf4,4,math,8,4,1.0,5,0.8879,0.7552,1.8174,0.4662
nf4,4,math,9,4,1.0,5,0.4902,0.8587,1.0825,0.6596
nf4,4,math,10,4,1.0,5,0.0216,0.9973,0.0862,0.9892
nf4,4,math,11,4,1.0,5,0.0315,0.9965,0.1253,0.986
nf4,4,math,12,4,1.0,5,0.0,1.0,0.0,1.0
nf4,4,math,13,4,1.0,5,0.4429,0.8656,1.0486,0.576
nf4,4,math,14,4,1.0,5,0.9442,0.6755,1.3219,0.4783
nf4,4,math,15,4,1.0,5,0.6037,0.8193,1.0319,0.5883
nf4,4,math,16,4,1.0,5,0.6313,0.8495,1.4483,0.6386
nf4,4,math,17,4,1.0,5,0.1359,0.9809,0.2416,0.9614
nf4,4,chat,0,0,0.0,1,3.0815,0.3794,5.2166,0.1926
nf4,4,chat,1,1,0.25,2,2.5111,0.6314,5.8293,0.2201
nf4,4,chat,2,4,1.0,5,2.3082,0.5671,3.2205,0.4651
nf4,4,chat,3,0,0.0,1,1.9964,0.5682,4.0534,0.221
nf4,4,chat,4,0,0.0,1,3.1021,0.432,4.1009,0.2442
nf4,4,chat,5,1,0.25,2,1.7697,0.6843,3.7146,0.3083
nf4,4,chat,6,0,0.0,1,2.1954,0.5745,3.3468,0.3505
nf4,4,chat,7,2,0.5,3,1.4235,0.7382,2.9877,0.3023
nf4,4,chat,8,4,1.0,5,1.4006,0.7144,1.9483,0.4107
nf4,4,chat,9,4,1.0,5,0.2728,0.9349,0.7278,0.8025
nf4,4,chat,10,4,1.0,5,0.3118,0.9285,1.0907,0.7357
nf4,4,chat,11,4,1.0,5,1.2812,0.6766,2.5086,0.4918
nf4,4,chat,12,0,0.0,1,0.762,0.8311,2.2494,0.4724
nf4,4,chat,13,4,1.0,5,0.4464,0.9159,1.6147,0.6854
nf4,4,chat,14,1,0.25,2,0.6759,0.7979,1.3549,0.5972
nf4,4,chat,15,4,1.0,5,0.9176,0.844,2.3864,0.5596
nf4,4,chat,16,4,1.0,5,0.5938,0.8834,1.1912,0.7716
nf4,4,chat,17,4,1.0,5,0.0111,0.9991,0.0287,0.9974
nf4,4,chat,18,4,1.0,5,0.5901,0.8895,1.8722,0.6191
nf4,4,chat,19,4,1.0,5,0.6281,0.8677,2.2912,0.4966
nf4,4,chat,20,4,1.0,5,0.6104,0.8203,1.4285,0.644
nf4,4,chat,21,4,1.0,5,0.1889,0.9673,0.661,0.8771
nf4,4,chat,22,1,1.0,2,0.1112,0.9852,0.1112,0.9852
nf4,4,chat,0,4,1.0,5,1.2217,0.7837,1.6538,0.5753
nf4,4,chat,1,0,0.0,1,1.9568,0.6625,3.4551,0.3496
nf4,4,chat,2,3,0.75,4,1.9318,0.6779,3.4694,0.2904
nf4,4,chat,3,0,0.0,1,1.6398,0.6654,3.3094,0.3424
nf4,4,chat,4,2,0.5,3,0.9737,0.799,2.8345,0.3469
nf4,4,chat,5,2,0.5,3,1.9661,0.5625,2.9664,0.3899
nf4,4,chat,6,1,0.25,2,2.3771,0.558,4.3678,0.1538
nf4,4,chat,7,4,1.0,5,3.1056,0.4841,3.8406,0.3356
nf4,4,chat,8,2,0.5,3,1.3417,0.7329,2.8106,0.2806
nf4,4,chat,9,3,0.75,4,2.1662,0.6012,3.7885,0.2868
nf4,4,chat,10,1,0.25,2,1.662,0.6914,3.6991,0.388
nf4,4,chat,11,4,1.0,5,1.773,0.6377,3.4373,0.2883
nf4,4,chat,12,4,1.0,5,1.3312,0.8057,3.0744,0.5842
nf4,4,chat,13,0,0.0,1,1.889,0.5377,3.7274,0.1962
nf4,4,chat,14,4,1.0,5,0.2513,0.9631,0.4435,0.9313
nf4,4,chat,15,3,0.75,4,1.7145,0.6904,4.1617,0.3171
nf4,4,chat,16,1,0.25,2,2.3781,0.4877,3.579,0.2824
nf4,4,chat,17,4,1.0,5,0.5976,0.9103,1.1299,0.7688
nf4,4,chat,18,4,1.0,5,1.0008,0.8153,2.9212,0.4065
nf4,4,chat,19,4,1.0,5,0.4748,0.9171,1.4498,0.7281
nf4,4,chat,20,0,0.0,1,1.6481,0.7138,3.3282,0.427
nf4,4,chat,21,2,0.5,3,0.9782,0.7968,2.189,0.5132
nf4,4,chat,22,4,1.0,5,1.0223,0.787,2.3327,0.6053
nf4,4,chat,23,1,1.0,2,0.0573,0.9953,0.0573,0.9953
nf4,4,chat,0,0,0.0,1,3.0285,0.5272,6.0682,0.2207
nf4,4,chat,1,1,0.25,2,2.2344,0.6406,3.805,0.3529
nf4,4,chat,2,4,1.0,5,2.0692,0.6198,3.3138,0.4196
nf4,4,chat,3,3,0.75,4,1.6597,0.6589,3.2606,0.3681
nf4,4,chat,4,4,1.0,5,2.0419,0.6069,3.1918,0.3681
nf4,4,chat,5,4,1.0,5,1.9618,0.5991,3.6511,0.3325
nf4,4,chat,6,0,0.0,1,1.2709,0.7478,1.6619,0.505
nf4,4,chat,7,1,0.25,2,1.4673,0.61,2.4654,0.3231
nf4,4,chat,8,4,1.0,5,0.5241,0.8489,1.5083,0.4877
nf4,4,chat,9,4,1.0,5,0.6371,0.8992,2.2527,0.6267
nf4,4,chat,10,4,1.0,5,0.507,0.8491,1.7795,0.4201
nf4,4,chat,11,4,1.0,5,1.0012,0.827,2.1047,0.6464
nf4,4,chat,12,4,1.0,5,0.4374,0.901,0.7109,0.8079
nf4,4,chat,13,0,0.0,1,0.6136,0.8626,1.6251,0.5442
nf4,4,chat,14,4,1.0,5,0.3917,0.9424,1.1028,0.8433
nf4,4,chat,15,2,0.5,3,1.3481,0.5481,1.5894,0.4064
nf4,4,chat,16,0,0.0,1,0.6643,0.8282,1.0454,0.5742
nf4,4,chat,17,4,1.0,5,0.5188,0.9341,1.3596,0.831
nf4,4,chat,18,4,1.0,5,0.3821,0.9309,1.1472,0.7634
nf4,4,chat,19,1,0.25,2,0.9312,0.8077,1.7334,0.6798
nf4,4,chat,20,4,1.0,5,0.1973,0.9685,0.4157,0.9243
nf4,4,chat,21,3,1.0,4,0.2368,0.9406,0.7099,0.822
nf4,4,chat,0,0,0.0,1,2.5076,0.6073,5.8648,0.1407
nf4,4,chat,1,0,0.0,1,4.8341,0.2314,5.9382,0.133
nf4,4,chat,2,1,0.25,2,3.191,0.5462,5.3935,0.1173
nf4,4,chat,3,4,1.0,5,1.7701,0.7219,3.6236,0.3818
nf4,4,chat,4,0,0.0,1,2.6985,0.4552,3.716,0.2086
nf4,4,chat,5,0,0.0,1,2.7711,0.5015,3.3795,0.2876
nf4,4,chat,6,4,1.0,5,2.8495,0.5121,3.9647,0.1568
nf4,4,chat,7,0,0.0,1,2.9421,0.527,4.2764,0.3734
nf4,4,chat,8,3,0.75,4,2.6842,0.4334,4.6716,0.2195
nf4,4,chat,9,0,0.0,1,1.4137,0.7144,4.6539,0.1951
nf4,4,chat,10,1,0.25,2,1.7147,0.7156,4.2087,0.2676
nf4,4,chat,11,3,0.75,4,2.1838,0.6377,5.4034,0.1738
nf4,4,chat,12,3,0.75,4,1.6925,0.7078,3.3505,0.3949
nf4,4,chat,13,0,0.0,1,1.6314,0.6862,4.2002,0.2621
nf4,4,chat,14,2,0.5,3,2.981,0.62,4.3042,0.3727
nf4,4,chat,15,4,1.0,5,0.2207,0.9786,0.7748,0.9221
nf4,4,chat,16,4,1.0,5,0.0209,0.9984,0.053,0.9956
nf4,4,chat,17,4,1.0,5,0.2369,0.9706,0.9288,0.8839
nf4,4,chat,18,1,0.25,2,1.3838,0.7444,2.8684,0.2665
nf4,4,chat,19,4,1.0,5,2.5439,0.595,4.0232,0.3705
nf4,4,chat,20,2,0.5,3,1.8264,0.6014,2.7276,0.4299
nf4,4,chat,21,4,1.0,5,1.77,0.6471,3.0128,0.4856
nf4,4,chat,22,0,0.0,1,0.6736,0.8053,1.4231,0.5552
nf4,4,chat,23,0,0.0,1,1.2604,0.6951,2.4456,0.4432
nf4,4,chat,24,0,0.0,1,1.0276,0.7764,2.1214,0.4041
nf4,4,chat,25,1,0.25,2,1.4133,0.6929,2.0527,0.4886
nf4,4,chat,26,1,0.25,2,1.2369,0.7526,2.6382,0.4399
nf4,4,chat,27,3,0.75,4,0.774,0.8941,2.6009,0.6112
nf4,4,chat,28,3,1.0,4,0.3332,0.9569,0.9742,0.8722
nf4,4,chat,0,0,0.0,1,3.0464,0.4621,5.9342,0.1548
nf4,4,chat,1,0,0.0,1,2.792,0.5113,5.0861,0.1782
nf4,4,chat,2,0,0.0,1,1.4257,0.7504,2.8759,0.4517
nf4,4,chat,3,4,1.0,5,1.0234,0.7988,2.6925,0.4905
nf4,4,chat,4,4,1.0,5,0.8634,0.8224,1.7984,0.6307
nf4,4,chat,5,4,1.0,5,0.7638,0.8233,2.003,0.4704
nf4,4,chat,6,4,1.0,5,0.4332,0.8808,1.6048,0.5362
nf4,4,chat,7,1,0.25,2,1.2295,0.598,1.8466,0.4351
nf4,4,chat,8,1,0.25,2,1.5947,0.6586,2.3317,0.4321
nf4,4,chat,9,4,1.0,5,0.5768,0.9067,1.1886,0.7941
nf4,4,chat,10,1,0.25,2,2.1049,0.604,4.021,0.248
nf4,4,chat,11,4,1.0,5,0.8456,0.8418,3.2125,0.3919
nf4,4,chat,12,1,0.25,2,0.3916,0.9089,1.02,0.6888
nf4,4,chat,13,4,1.0,5,0.4579,0.897,1.6522,0.6003
nf4,4,chat,14,4,1.0,5,0.7314,0.8571,2.0619,0.5305
nf4,4,chat,15,4,1.0,5,0.7486,0.8249,2.5373,0.3559
nf4,4,chat,16,4,1.0,5,0.7294,0.8742,1.3569,0.7176
nf4,4,chat,17,0,0.0,1,0.8561,0.7302,1.6975,0.4563
nf4,4,chat,18,4,1.0,5,0.4225,0.9378,0.677,0.8931
nf4,4,chat,19,4,1.0,5,1.1882,0.7344,2.2205,0.3814
nf4,4,chat,20,0,0.0,1,0.2446,0.9281,0.8701,0.7238
nf4,4,chat,21,3,0.75,4,1.0561,0.7747,2.3427,0.5085
nf4,4,chat,22,3,1.0,4,0.5871,0.8749,1.6618,0.6338
nf4,4,summarization,0,0,0.0,1,1.962,0.734,4.065,0.3964
nf4,4,summarization,1,0,0.0,1,1.7027,0.7409,4.488,0.2545
nf4,4,summarization,2,0,0.0,1,1.5589,0.7603,4.4824,0.228
nf4,4,summarization,3,4,1.0,5,1.8924,0.6661,3.6413,0.3067
nf4,4,summarization,4,2,0.5,3,1.5292,0.6906,2.6966,0.3785
nf4,4,summarization,5,0,0.0,1,0.5001,0.9106,1.1637,0.7751
nf4,4,summarization,6,2,0.5,3,0.5953,0.8448,1.8445,0.4575
nf4,4,summarization,7,4,1.0,5,1.3687,0.7183,2.6087,0.4252
nf4,4,summarization,8,4,1.0,5,0.3684,0.874,1.1707,0.5302
nf4,4,summarization,9,4,1.0,5,0.5614,0.8804,1.461,0.6161
nf4,4,summarization,10,4,1.0,5,1.5134,0.724,3.3164,0.418
nf4,4,summarization,11,1,0.25,2,1.8052,0.6549,2.7569,0.4243
nf4,4,summarization,12,4,1.0,5,0.6576,0.8484,1.7266,0.5276
nf4,4,summarization,13,4,1.0,5,0.5949,0.8655,1.5992,0.645
nf4,4,summarization,14,0,0.0,1,1.2266,0.7019,1.8205,0.4997
nf4,4,summarization,15,4,1.0,5,0.1539,0.9854,0.4519,0.9585
nf4,4,summarization,16,4,1.0,5,0.6414,0.8921,1.2021,0.7982
nf4,4,summarization,17,2,0.5,3,0.7333,0.8302,1.4623,0.6339
nf4,4,summarization,18,0,0.0,1,1.0798,0.7318,2.2787,0.457
nf4,4,summarization,19,2,0.5,3,1.4487,0.6819,2.8409,0.42
nf4,4,summarization,20,4,1.0,5,0.7103,0.8341,1.1921,0.6882
nf4,4,summarization,21,4,1.0,5,0.3243,0.947,1.0891,0.8068
nf4,4,summarization,22,4,1.0,5,1.2157,0.7378,2.1777,0.4088
nf4,4,summarization,0,0,0.0,1,3.5464,0.4368,5.3413,0.2116
nf4,4,summarization,1,3,0.75,4,3.3399,0.3351,4.5789,0.1954
nf4,4,summarization,2,4,1.0,5,0.6508,0.8935,1.9929,0.6665
nf4,4,summarization,3,4,1.0,5,0.4398,0.9408,1.0929,0.841
nf4,4,summarization,4,4,1.0,5,0.0685,0.992,0.188,0.9759
nf4,4,summarization,5,4,1.0,5,0.2718,0.9031,1.0817,0.6128
nf4,4,summarization,6,2,0.5,3,0.6289,0.8229,1.8828,0.3716
nf4,4,summarization,7,4,1.0,5,0.3584,0.9355,0.9985,0.8084
nf4,4,summarization,8,4,1.0,5,0.1115,0.9893,0.3343,0.969
nf4,4,summarization,9,4,1.0,5,0.4427,0.8919,1.276,0.6457
nf4,4,summarization,10,0,0.0,1,1.6841,0.5973,2.898,0.3755
nf4,4,summarization,11,4,1.0,5,0.3898,0.9525,0.7247,0.9124
nf4,4,summarization,12,4,1.0,5,0.0566,0.9949,0.1579,0.9861
nf4,4,summarization,13,4,1.0,5,0.9635,0.783,2.6305,0.3332
nf4,4,summarization,14,4,1.0,5,0.5463,0.8494,1.4935,0.4718
nf4,4,summarization,15,2,0.5,3,0.7529,0.8638,1.6846,0.6084
nf4,4,summarization,16,4,1.0,5,0.9724,0.8385,2.1925,0.5908
nf4,4,summarization,17,4,1.0,5,0.2698,0.9639,0.6532,0.9079
nf4,4,summarization,18,3,1.0,4,0.2759,0.9564,0.5094,0.9129
nf4,4,summarization,0,0,0.0,1,2.6883,0.5797,5.9156,0.1209
nf4,4,summarization,1,4,1.0,5,2.1189,0.6733,2.7015,0.516
nf4,4,summarization,2,3,0.75,4,1.0096,0.7859,1.598,0.5848
nf4,4,summarization,3,4,1.0,5,1.302,0.7662,3.315,0.3406
nf4,4,summarization,4,4,1.0,5,1.3124,0.7446,2.1345,0.5063
nf4,4,summarization,5,4,1.0,5,1.6953,0.6738,2.6424,0.4246
nf4,4,summarization,6,1,0.25,2,2.4341,0.5519,4.3556,0.2942
nf4,4,summarization,7,1,0.25,2,2.5069,0.5419,5.997,0.1495
nf4,4,summarization,8,1,0.25,2,3.6699,0.4059,6.2234,0.1478
nf4,4,summarization,9,0,0.0,1,2.9358,0.4831,4.6255,0.2194
nf4,4,summarization,10,0,0.0,1,2.175,0.6768,5.091,0.2127
nf4,4,summarization,11,4,1.0,5,1.6958,0.7245,2.8095,0.5249
nf4,4,summarization,12,4,1.0,5,0.9057,0.8183,3.5545,0.2794
nf4,4,summarization,13,4,1.0,5,1.1985,0.8077,1.7874,0.6813
nf4,4,summarization,14,2,0.5,3,1.9183,0.6933,3.3774,0.4457
nf4,4,summarization,15,4,1.0,5,1.4637,0.6892,3.0218,0.4392
nf4,4,summarization,16,4,1.0,5,1.2831,0.707,2.25,0.4742
nf4,4,summarization,17,0,0.0,1,1.2016,0.6748,2.2951,0.3729
nf4,4,summarization,18,0,0.0,1,1.775,0.6065,2.1431,0.4904
nf4,4,summarization,19,0,0.0,1,0.8947,0.8376,2.0457,0.5896
nf4,4,summarization,20,0,0.0,1,1.4329,0.703,3.1323,0.3898
nf4,4,summarization,21,2,0.5,3,1.3325,0.7193,3.5921,0.373
nf4,4,summarization,22,4,1.0,5,0.8138,0.8213,1.8966,0.5606
nf4,4,summarization,23,3,0.75,4,1.4122,0.7109,4.5339,0.2308
nf4,4,summarization,24,3,1.0,4,2.3772,0.639,4.8285,0.3344
nf4,4,summarization,0,0,0.0,1,2.0251,0.609,3.334,0.313
nf4,4,summarization,1,0,0.0,1,1.926,0.6908,6.2821,0.171
nf4,4,summarization,2,4,1.0,5,2.3109,0.635,3.9116,0.3591
nf4,4,summarization,3,0,0.0,1,1.8248,0.6615,3.123,0.388
nf4,4,summarization,4,2,0.5,3,2.1974,0.4816,2.8458,0.3394
nf4,4,summarization,5,0,0.0,1,3.2088,0.3653,3.8436,0.2281
nf4,4,summarization,6,4,1.0,5,2.4399,0.6083,4.4964,0.2394
nf4,4,summarization,7,2,0.5,3,0.6008,0.8639,1.2594,0.6145
nf4,4,summarization,8,4,1.0,5,1.6657,0.6487,2.6352,0.4108
nf4,4,summarization,9,4,1.0,5,1.3041,0.7472,1.6328,0.6628
nf4,4,summarization,10,4,1.0,5,0.6434,0.8786,1.2626,0.687
nf4,4,summarization,11,4,1.0,5,0.2733,0.9504,0.6365,0.8817
nf4,4,summarization,12,4,1.0,5,1.033,0.7484,1.9498,0.4832
nf4,4,summarization,13,3,0.75,4,1.0099,0.7379,2.4869,0.2737
nf4,4,summarization,14,4,1.0,5,0.1731,0.9755,0.4889,0.9271
nf4,4,summarization,15,4,1.0,5,1.2311,0.7483,1.9578,0.5744
nf4,4,summarization,16,4,1.0,5,0.294,0.9539,1.1132,0.82
nf4,4,summarization,17,4,1.0,5,0.9942,0.8194,1.9061,0.5862
nf4,4,summarization,18,4,1.0,5,0.4146,0.9205,1.062,0.737
nf4,4,summarization,19,4,1.0,5,0.3266,0.9106,1.0832,0.662
nf4,4,summarization,20,1,1.0,2,0.0018,0.9999,0.0018,0.9999
nf4,4,summarization,0,0,0.0,1,3.5471,0.4669,5.3211,0.2637
nf4,4,summarization,1,0,0.0,1,1.8002,0.6533,5.3234,0.2672
nf4,4,summarization,2,4,1.0,5,1.157,0.8009,2.5388,0.4175
nf4,4,summarization,3,4,1.0,5,1.1478,0.7704,2.0832,0.45
nf4,4,summarization,4,4,1.0,5,0.2353,0.9451,0.7325,0.8002
nf4,4,summarization,5,4,1.0,5,0.1591,0.9747,0.5971,0.9022
nf4,4,summarization,6,4,1.0,5,0.5866,0.9004,1.6069,0.6929
nf4,4,summarization,7,4,1.0,5,0.5512,0.8864,0.863,0.7183
nf4,4,summarization,8,4,1.0,5,0.1986,0.9671,0.6773,0.8774
nf4,4,summarization,9,4,1.0,5,0.5286,0.8745,1.2789,0.6495
nf4,4,summarization,10,0,0.0,1,0.2359,0.95,0.6844,0.8255
nf4,4,summarization,11,4,1.0,5,0.6966,0.871,1.1267,0.7496
nf4,4,summarization,12,3,0.75,4,0.7779,0.8248,1.9507,0.4833
nf4,4,summarization,13,2,0.5,3,1.0277,0.8596,1.7461,0.7608
nf4,4,summarization,14,1,0.25,2,3.4434,0.546,7.7858,0.0871
nf4,4,summarization,15,4,1.0,5,1.0677,0.762,1.9888,0.543
nf4,4,summarization,16,4,1.0,5,0.3419,0.9363,1.0044,0.788
nf4,4,summarization,17,2,0.5,3,0.7763,0.8249,2.2444,0.3968
nf4,4,summarization,18,2,0.5,3,2.0493,0.5834,3.2963,0.3751
nf4,4,summarization,19,4,1.0,5,1.5641,0.7399,2.8363,0.5434
nf4,4,summarization,20,2,1.0,3,0.7537,0.9201,1.0275,0.9018
nf4,6,code,0,0,0.0,1,2.1051,0.5726,2.956,0.3268
nf4,6,code,1,0,0.0,1,1.6155,0.652,3.8145,0.2022
nf4,6,code,2,0,0.0,1,0.9167,0.7763,1.6901,0.4793
nf4,6,code,3,6,1.0,7,0.6192,0.9196,2.2643,0.7033
nf4,6,code,4,5,0.8333333333333334,6,1.4889,0.6006,2.5163,0.3222
nf4,6,code,5,6,1.0,7,0.1854,0.9798,0.3214,0.9505
nf4,6,code,6,6,1.0,7,0.5854,0.8619,1.9199,0.4199
nf4,6,code,7,6,1.0,7,0.7264,0.8038,2.275,0.291
nf4,6,code,8,2,0.3333333333333333,3,1.4042,0.6962,3.1903,0.4474
nf4,6,code,9,6,1.0,7,1.2779,0.7285,2.3003,0.463
nf4,6,code,10,5,0.8333333333333334,6,1.2533,0.7153,2.2923,0.3569
nf4,6,code,11,0,0.0,1,3.0155,0.4382,4.0193,0.1661
nf4,6,code,12,1,0.16666666666666666,2,2.1309,0.594,4.7408,0.1714
nf4,6,code,13,1,0.16666666666666666,2,0.8143,0.8155,1.489,0.6121
nf4,6,code,14,6,1.0,7,0.6029,0.8683,1.3262,0.6076
nf4,6,code,15,3,0.5,4,1.0586,0.7631,2.1577,0.6293
nf4,6,code,16,6,1.0,7,0.2662,0.954,0.8077,0.8476
nf4,6,code,17,4,1.0,5,1.4859,0.7303,4.0029,0.2616
nf4,6,code,0,0,0.0,1,1.5214,0.7341,4.4177,0.239
nf4,6,code,1,0,0.0,1,2.6488,0.5117,3.9576,0.2655
nf4,6,code,2,6,1.0,7,2.4471,0.4514,4.6765,0.2482
nf4,6,code,3,6,1.0,7,1.2827,0.7465,3.5215,0.2992
nf4,6,code,4,6,1.0,7,0.1893,0.9706,0.6007,0.882
nf4,6,code,5,6,1.0,7,0.2497,0.9457,0.8667,0.8114
nf4,6,code,6,6,1.0,7,0.0516,0.9944,0.2123,0.9744
nf4,6,code,7,6,1.0,7,0.1669,0.9544,0.9189,0.7332
nf4,6,code,8,6,1.0,7,0.0076,0.9994,0.0249,0.9977
nf4,6,code,9,6,1.0,7,0.0277,0.9974,0.07,0.9917
nf4,6,code,10,6,1.0,7,0.2388,0.9666,0.5353,0.9246
nf4,6,code,11,6,1.0,7,0.2957,0.9301,1.2131,0.6992
nf4,6,code,12,6,1.0,7,0.0602,0.9919,0.3351,0.9531
nf4,6,code,13,1,1.0,2,0.0244,0.9977,0.0244,0.9977
nf4,6,code,0,0,0.0,1,2.1037,0.5103,3.5453,0.3337
nf4,6,code,1,1,0.16666666666666666,2,2.7981,0.4731,4.737,0.2541
nf4,6,code,2,0,0.0,1,1.7652,0.6261,4.5745,0.1703
nf4,6,code,3,6,1.0,7,0.4789,0.9199,1.2149,0.7401
nf4,6,code,4,0,0.0,1,0.7796,0.8371,3.1158,0.3286
nf4,6,code,5,3,0.5,4,0.5579,0.8559,1.5332,0.4923
nf4,6,code,6,6,1.0,7,0.2232,0.9622,0.7512,0.8453
nf4,6,code,7,6,1.0,7,0.3286,0.9218,1.3487,0.6108
nf4,6,code,8,1,0.16666666666666666,2,0.3084,0.9024,1.0242,0.6376
nf4,6,code,9,6,1.0,7,0.2223,0.9398,0.8965,0.7106
nf4,6,code,10,6,1.0,7,0.2931,0.9407,0.6889,0.8248
nf4,6,code,11,5,0.8333333333333334,6,0.3692,0.9068,1.3018,0.6001
nf4,6,code,12,2,0.3333333333333333,3,0.2219,0.9317,1.0172,0.6316
nf4,6,code,13,4,0.6666666666666666,5,0.1843,0.9199,0.9976,0.5312
nf4,6,code,14,6,1.0,7,0.0176,0.9982,0.0876,0.9907
nf4,6,code,15,6,1.0,7,0.0036,0.9997,0.0165,0.9986
nf4,6,code,16,6,1.0,7,0.346,0.9293,1.1969,0.7214
nf4,6,code,0,0,0.0,1,1.7897,0.6659,3.4343,0.4138
nf4,6,code,1,6,1.0,7,0.9828,0.8117,3.1216,0.267
nf4,6,code,2,2,0.3333333333333333,3,1.0219,0.7618,2.4575,0.4863
nf4,6,code,3,6,1.0,7,0.1936,0.9757,0.9021,0.8756
nf4,6,code,4,6,1.0,7,0.4341,0.8874,1.3634,0.6632
nf4,6,code,5,6,1.0,7,0.2311,0.9357,0.9556,0.657
nf4,6,code,6,6,1.0,7,1.2628,0.6994,2.3801,0.3792
nf4,6,code,7,6,1.0,7,0.2085,0.9428,0.9766,0.6787
nf4,6,code,8,6,1.0,7,0.2126,0.9719,0.5603,0.9375
nf4,6,code,9,1,0.16666666666666666,2,0.935,0.7552,2.3153,0.393
nf4,6,code,10,0,0.0,1,0.4052,0.9054,1.3992,0.6152
nf4,6,code,11,6,1.0,7,0.2653,0.9593,1.1766,0.8076
nf4,6,code,12,6,1.0,7,0.0293,0.9966,0.1545,0.9809
nf4,6,code,13,6,1.0,7,0.4701,0.8813,2.3321,0.3568
nf4,6,code,14,3,1.0,4,0.0142,0.9988,0.0349,0.997
nf4,6,code,0,0,0.0,1,3.1211,0.4405,5.0229,0.2013
nf4,6,code,1,0,0.0,1,3.1397,0.5687,7.5202,0.2599
nf4,6,code,2,0,0.0,1,1.3585,0.7565,4.0384,0.5451
nf4,6,code,3,4,0.6666666666666666,5,1.3565,0.716,3.3497,0.4142
nf4,6,code,4,4,0.6666666666666666,5,2.7689,0.5475,4.7612,0.2982
nf4,6,code,5,0,0.0,1,1.946,0.6873,5.5304,0.259
nf4,6,code,6,0,0.0,1,1.9438,0.6784,5.23,0.2669
nf4,6,code,7,0,0.0,1,0.799,0.8488,1.9997,0.6039
nf4,6,code,8,3,0.5,4,1.0281,0.7852,1.6522,0.504
nf4,6,code,9,6,1.0,7,1.2382,0.781,3.3696,0.4184
nf4,6,code,10,2,0.3333333333333333,3,0.904,0.7862,2.4686,0.3429
nf4,6,code,11,6,1.0,7,0.3572,0.9396,1.573,0.6965
nf4,6,code,12,1,0.16666666666666666,2,1.9412,0.6343,4.1237,0.2386
nf4,6,code,13,1,0.16666666666666666,2,0.7789,0.8785,1.9448,0.5733
nf4,6,code,14,6,1.0,7,0.3253,0.9131,1.5013,0.5216
nf4,6,code,15,2,0.3333333333333333,3,1.3242,0.7803,3.628,0.3741
nf4,6,code,16,5,0.8333333333333334,6,1.3997,0.7585,2.9704,0.332
nf4,6,code,17,1,0.16666666666666666,2,0.8496,0.8051,2.9695,0.4528
nf4,6,code,18,6,1.0,7,0.2198,0.9747,0.8269,0.9145
nf4,6,code,19,6,1.0,7,0.2197,0.9668,0.7723,0.8572
nf4,6,code,20,6,1.0,7,0.5636,0.8692,1.7878,0.5995
nf4,6,math,0,0,0.0,1,1.2327,0.8208,5.3144,0.2207
nf4,6,math,1,0,0.0,1,1.3763,0.8005,4.4918,0.4258
nf4,6,math,2,4,0.6666666666666666,5,0.4535,0.9002,2.6622,0.4067
nf4,6,math,3,6,1.0,7,0.6028,0.7816,1.2471,0.5126
nf4,6,math,4,6,1.0,7,0.0257,0.9966,0.15,0.9796
nf4,6,math,5,6,1.0,7,0.111,0.972,0.6654,0.8323
nf4,6,math,6,6,1.0,7,0.1724,0.9506,1.0287,0.7042
nf4,6,math,7,6,1.0,7,0.3006,0.9115,0.9349,0.6513
nf4,6,math,8,6,1.0,7,0.0926,0.9793,0.537,0.8775
nf4,6,math,9,1,0.16666666666666666,2,0.4602,0.8582,1.669,0.5758
nf4,6,math,10,6,1.0,7,0.189,0.9409,0.9242,0.6717
nf4,6,math,11,2,0.3333333333333333,3,0.2126,0.9282,1.2753,0.5692
nf4,6,math,12,6,1.0,7,0.0367,0.996,0.1585,0.9817
nf4,6,math,13,6,1.0,7,0.0003,1.0,0.001,0.9999
nf4,6,math,14,5,1.0,6,0.0065,0.9994,0.0318,0.9973
nf4,6,math,0,0,0.0,1,1.3256,0.783,4.1051,0.2502
nf4,6,math,1,6,1.0,7,0.151,0.9796,0.644,0.8998
nf4,6,math,2,6,1.0,7,0.498,0.8763,1.8393,0.4738
nf4,6,math,3,6,1.0,7,0.4361,0.9004,1.279,0.6586
nf4,6,math,4,6,1.0,7,0.3699,0.9269,0.9079,0.783
nf4,6,math,5,2,0.3333333333333333,3,0.2265,0.9131,1.174,0.5006
nf4,6,math,6,2,0.3333333333333333,3,0.1714,0.9445,0.9049,0.6824
nf4,6,math,7,6,1.0,7,0.0029,0.9998,0.0145,0.9988
nf4,6,math,8,6,1.0,7,0.013,0.9985,0.0778,0.9908
nf4,6,math,9,3,0.5,4,0.3989,0.8867,1.2359,0.5046
nf4,6,math,10,2,0.3333333333333333,3,0.2451,0.9305,1.1038,0.6293
nf4,6,math,11,2,0.3333333333333333,3,0.3798,0.9188,1.3235,0.6432
nf4,6,math,12,6,1.0,7,0.4085,0.9052,1.105,0.6655
nf4,6,math,13,6,1.0,7,0.186,0.9601,0.6663,0.8267
nf4,6,math,14,6,1.0,7,0.1629,0.944,0.9326,0.6679
nf4,6,math,0,6,1.0,7,1.1072,0.8436,5.7299,0.1567
nf4,6,math,1,1,0.16666666666666666,2,0.4914,0.8456,1.5918,0.5237
nf4,6,math,2,1,0.16666666666666666,2,0.4902,0.8717,1.7255,0.5018
nf4,6,math,3,0,0.0,1,0.77,0.7716,1.8539,0.5155
nf4,6,math,4,6,1.0,7,0.3207,0.9196,1.3314,0.6206
nf4,6,math,5,6,1.0,7,0.0019,0.9999,0.0054,0.9996
nf4,6,math,6,4,0.6666666666666666,5,0.637,0.8259,1.998,0.4218
nf4,6,math,7,6,1.0,7,0.3068,0.8996,1.4483,0.4572
nf4,6,math,8,6,1.0,7,0.2109,0.9572,0.6176,0.8495
nf4,6,math,9,6,1.0,7,0.1484,0.966,0.7567,0.8104
nf4,6,math,10,6,1.0,7,0.0035,0.9997,0.0143,0.9988
nf4,6,math,11,6,1.0,7,0.0005,1.0,0.0019,0.9999
nf4,6,math,12,6,1.0,7,0.0758,0.9849,0.4535,0.9094
nf4,6,math,13,6,1.0,7,0.1384,0.9679,0.6863,0.8269
nf4,6,math,0,6,1.0,7,0.9454,0.8618,5.2598,0.2092
nf4,6,math,1,6,1.0,7,0.0302,0.9971,0.0919,0.9911
nf4,6,math,2,6,1.0,7,0.6141,0.7973,1.8885,0.4029
nf4,6,math,3,6,1.0,7,0.3938,0.9075,1.1335,0.7049
nf4,6,math,4,6,1.0,7,0.3301,0.9114,1.9788,0.4687
nf4,6,math,5,6,1.0,7,0.0955,0.9778,0.5699,0.8668
nf4,6,math,6,6,1.0,7,0.0312,0.9955,0.1791,0.9737
nf4,6,math,7,6,1.0,7,0.0812,0.9851,0.4866,0.9106
nf4,6,math,8,6,1.0,7,0.4797,0.9033,1.8377,0.5773
nf4,6,math,9,6,1.0,7,0.5555,0.8438,1.404,0.5808
nf4,6,math,10,6,1.0,7,0.3542,0.9107,1.0094,0.7461
nf4,6,math,11,3,1.0,4,0.004,0.9997,0.0113,0.9991
nf4,6,math,0,0,0.0,1,3.2785,0.4304,5.7449,0.1548
nf4,6,math,1,6,1.0,7,0.392,0.8918,1.6398,0.4355
nf4,6,math,2,5,0.8333333333333334,6,1.4362,0.5736,2.4288,0.4103
nf4,6,math,3,6,1.0,7,0.3864,0.8893,1.2975,0.5999
nf4,6,math,4,6,1.0,7,0.1887,0.9625,0.4983,0.8918
nf4,6,math,5,2,0.3333333333333333,3,0.8263,0.7589,1.5394,0.5194
nf4,6,math,6,6,1.0,7,0.6932,0.8227,1.8174,0.4662
nf4,6,math,7,6,1.0,7,0.1407,0.9634,0.7387,0.7929
nf4,6,math,8,6,1.0,7,0.021,0.9977,0.1253,0.986
nf4,6,math,9,3,0.5,4,0.2053,0.9327,1.2067,0.5985
nf4,6,math,10,6,1.0,7,0.4745,0.8542,1.0752,0.576
nf4,6,math,11,6,1.0,7,0.657,0.7881,1.3219,0.4783
nf4,6,math,12,6,1.0,7,0.6251,0.8539,1.4483,0.6386
nf4,6,math,13,3,1.0,4,0.1211,0.9825,0.2416,0.9614
nf4,6,chat,0,0,0.0,1,2.5683,0.5081,5.2166,0.1926
nf4,6,chat,1,1,0.16666666666666666,2,3.1957,0.4944,5.8293,0.1895
nf4,6,chat,2,4,0.6666666666666666,5,2.4202,0.586,4.2139,0.4061
nf4,6,chat,3,0,0.0,1,1.9566,0.6027,4.0534,0.221
nf4,6,chat,4,0,0.0,1,2.5017,0.5308,4.1009,0.2442
nf4,6,chat,5,1,0.16666666666666666,2,1.8139,0.6585,3.7146,0.3083
nf4,6,chat,6,0,0.0,1,1.9125,0.6467,3.3468,0.3505
nf4,6,chat,7,2,0.3333333333333333,3,1.7026,0.6763,3.8792,0.2433
nf4,6,chat,8,6,1.0,7,1.1917,0.7357,1.9483,0.4107
nf4,6,chat,9,6,1.0,7,0.2786,0.9409,1.0907,0.7357
nf4,6,chat,10,6,1.0,7,1.2273,0.6803,2.5086,0.4918
nf4,6,chat,11,4,0.6666666666666666,5,0.7506,0.8181,1.8691,0.52
nf4,6,chat,12,1,0.16666666666666666,2,0.4779,0.8625,1.3549,0.5972
nf4,6,chat,13,6,1.0,7,0.7938,0.8518,2.3864,0.5596
nf4,6,chat,14,6,1.0,7,0.4655,0.8803,1.5647,0.5306
nf4,6,chat,15,6,1.0,7,0.4058,0.9248,1.8722,0.6191
nf4,6,chat,16,6,1.0,7,0.6429,0.8543,2.2912,0.4966
nf4,6,chat,17,6,1.0,7,0.4415,0.8887,0.9534,0.6442
nf4,6,chat,18,1,1.0,2,0.1112,0.9852,0.1112,0.9852
nf4,6,chat,0,4,0.6666666666666666,5,1.6143,0.7388,4.0019,0.3763
nf4,6,chat,1,0,0.0,1,2.2584,0.5889,3.5239,0.2537
nf4,6,chat,2,3,0.5,4,2.5819,0.5286,4.2582,0.1864
nf4,6,chat,3,0,0.0,1,1.1972,0.7644,3.3094,0.3424
nf4,6,chat,4,2,0.3333333333333333,3,1.0893,0.7585,2.8345,0.3469
nf4,6,chat,5,2,0.3333333333333333,3,2.2434,0.5604,4.857,0.225
nf4,6,chat,6,1,0.16666666666666666,2,3.0427,0.4541,5.2866,0.1538
nf4,6,chat,7,4,0.6666666666666666,5,3.1413,0.4143,3.8949,0.2582
nf4,6,chat,8,2,0.3333333333333333,3,1.7158,0.6733,3.8296,0.2806
nf4,6,chat,9,3,0.5,4,1.8777,0.6401,3.7885,0.2868
nf4,6,chat,10,1,0.16666666666666666,2,1.1081,0.7942,3.6991,0.388
nf4,6,chat,11,6,1.0,7,1.3487,0.7337,3.4373,0.2883
nf4,6,chat,12,2,0.3333333333333333,3,2.1124,0.6214,3.7642,0.1859
nf4,6,chat,13,0,0.0,1,1.5911,0.6257,3.7274,0.1962
nf4,6,chat,14,6,1.0,7,0.8979,0.833,3.7692,0.2291
nf4,6,chat,15,1,0.16666666666666666,2,2.7047,0.5299,4.1617,0.3171
nf4,6,chat,16,1,0.16666666666666666,2,1.6225,0.6533,3.579,0.2824
nf4,6,chat,17,6,1.0,7,1.0969,0.7954,2.9212,0.4065
nf4,6,chat,18,2,0.3333333333333333,3,1.2346,0.7324,3.1466,0.3196
nf4,6,chat,19,5,0.8333333333333334,6,0.9691,0.837,3.3282,0.427
nf4,6,chat,20,2,0.3333333333333333,3,1.2306,0.7464,2.3442,0.5132
nf4,6,chat,21,6,1.0,7,1.1596,0.7507,2.8111,0.3612
nf4,6,chat,0,0,0.0,1,2.3641,0.6111,6.0682,0.2207
nf4,6,chat,1,1,0.16666666666666666,2,1.5367,0.7564,3.805,0.3529
nf4,6,chat,2,6,1.0,7,1.695,0.7013,3.3138,0.4196
nf4,6,chat,3,1,0.16666666666666666,2,1.707,0.586,3.2606,0.3681
nf4,6,chat,4,6,1.0,7,1.7073,0.6669,3.1918,0.3681
nf4,6,chat,5,3,0.5,4,1.8662,0.6225,3.6511,0.3325
nf4,6,chat,6,1,0.16666666666666666,2,1.3908,0.6354,2.4654,0.3231
nf4,6,chat,7,6,1.0,7,0.4476,0.8902,1.5083,0.4877
nf4,6,chat,8,6,1.0,7,0.7253,0.836,2.2527,0.4201
nf4,6,chat,9,6,1.0,7,0.9391,0.8267,2.1047,0.6464
nf4,6,chat,10,4,0.6666666666666666,5,0.3651,0.9256,0.7109,0.8079
nf4,6,chat,11,4,0.6666666666666666,5,0.7473,0.8074,1.4834,0.5188
nf4,6,chat,12,2,0.3333333333333333,3,0.8995,0.6987,1.5894,0.4064
nf4,6,chat,13,0,0.0,1,0.5967,0.8594,1.0454,0.5742
nf4,6,chat,14,6,1.0,7,0.3577,0.9551,1.3596,0.831
nf4,6,chat,15,4,0.6666666666666666,5,0.6236,0.8721,1.1484,0.7048
nf4,6,chat,16,6,1.0,7,0.3051,0.9421,0.7099,0.822
nf4,6,chat,17,1,1.0,2,0.0,1.0,0.0,1.0
nf4,6,chat,0,0,0.0,1,2.4423,0.6243,5.8648,0.1407
nf4,6,chat,1,0,0.0,1,3.2255,0.4874,5.9382,0.133
nf4,6,chat,2,1,0.16666666666666666,2,3.1312,0.5473,5.3935,0.1173
nf4,6,chat,3,5,0.8333333333333334,6,2.2303,0.622,3.716,0.2086
nf4,6,chat,4,0,0.0,1,2.5498,0.5486,3.3795,0.2876
nf4,6,chat,5,4,0.6666666666666666,5,2.516,0.5638,3.9647,0.1568
nf4,6,chat,6,0,0.0,1,2.3001,0.6105,4.2764,0.3734
nf4,6,chat,7,3,0.5,4,2.5699,0.509,4.6716,0.2195
nf4,6,chat,8,0,0.0,1,1.0656,0.7881,4.6539,0.1951
nf4,6,chat,9,1,0.16666666666666666,2,1.3863,0.7673,4.2087,0.2676
nf4,6,chat,10,3,0.5,4,1.8222,0.6904,5.4034,0.1738
nf4,6,chat,11,3,0.5,4,2.7279,0.5362,6.1431,0.154
nf4,6,chat,12,0,0.0,1,1.368,0.7061,4.2002,0.2621
nf4,6,chat,13,2,0.3333333333333333,3,1.9912,0.7465,4.3042,0.3727
nf4,6,chat,14,6,1.0,7,0.1789,0.9833,0.7748,0.9221
nf4,6,chat,15,6,1.0,7,0.2643,0.967,0.9288,0.8839
nf4,6,chat,16,2,0.3333333333333333,3,1.1596,0.7633,2.8684,0.2665
nf4,6,chat,17,4,0.6666666666666666,5,2.7251,0.5585,4.0744,0.3705
nf4,6,chat,18,2,0.3333333333333333,3,1.5247,0.6546,2.7276,0.4299
nf4,6,chat,19,5,0.8333333333333334,6,1.6581,0.6639,3.0128,0.4856
nf4,6,chat,20,0,0.0,1,1.154,0.7028,2.4456,0.4385
nf4,6,chat,21,0,0.0,1,0.9759,0.7732,2.1214,0.4041
nf4,6,chat,22,1,0.16666666666666666,2,0.9678,0.7932,2.0527,0.4886
nf4,6,chat,23,1,0.16666666666666666,2,1.8039,0.6225,3.0633,0.3262
nf4,6,chat,24,3,0.5,4,1.2768,0.849,4.5387,0.5193
nf4,6,chat,25,3,1.0,4,0.3332,0.9569,0.9742,0.8722
nf4,6,chat,0,0,0.0,1,2.0412,0.6406,5.9342,0.1548
nf4,6,chat,1,0,0.0,1,1.9434,0.6583,5.0861,0.1782
nf4,6,chat,2,0,0.0,1,1.1316,0.7953,2.8759,0.4517
nf4,6,chat,3,6,1.0,7,0.684,0.8657,2.6925,0.4905
nf4,6,chat,4,6,1.0,7,1.0412,0.777,2.003,0.4704
nf4,6,chat,5,6,1.0,7,0.3599,0.9106,1.6048,0.5362
nf4,6,chat,6,0,0.0,1,0.8447,0.7484,1.8466,0.4351
nf4,6,chat,7,1,0.16666666666666666,2,1.1904,0.738,2.3317,0.4321
nf4,6,chat,8,6,1.0,7,0.8393,0.8441,2.3019,0.4998
nf4,6,chat,9,6,1.0,7,1.1976,0.7825,3.7291,0.3356
nf4,6,chat,10,4,0.6666666666666666,5,0.5778,0.8516,1.6522,0.5451
nf4,6,chat,11,6,1.0,7,0.5473,0.8974,2.0619,0.5305
nf4,6,chat,12,6,1.0,7,0.9487,0.7929,2.5373,0.3559
nf4,6,chat,13,1,0.16666666666666666,2,0.7612,0.7678,1.6975,0.4563
nf4,6,chat,14,6,1.0,7,0.3944,0.9448,0.677,0.8931
nf4,6,chat,15,3,0.5,4,0.8524,0.7693,2.2205,0.3814
nf4,6,chat,16,3,0.5,4,0.9654,0.8015,2.3427,0.5085
nf4,6,chat,17,3,1.0,4,0.5871,0.8749,1.6618,0.6338
nf4,6,summarization,0,0,0.0,1,1.4297,0.8058,4.065,0.3964
nf4,6,summarization,1,0,0.0,1,1.1808,0.8211,4.488,0.2545
nf4,6,summarization,2,0,0.0,1,1.6005,0.7445,4.4824,0.228
nf4,6,summarization,3,6,1.0,7,1.6024,0.7127,3.6413,0.3067
nf4,6,summarization,4,0,0.0,1,1.2497,0.7288,2.8124,0.3785
nf4,6,summarization,5,0,0.0,1,1.3955,0.7369,3.4749,0.3509
nf4,6,summarization,6,2,0.3333333333333333,3,0.4278,0.8933,1.8445,0.4575
nf4,6,summarization,7,6,1.0,7,1.0675,0.7858,2.6087,0.4252
nf4,6,summarization,8,6,1.0,7,0.5241,0.847,1.461,0.5302
nf4,6,summarization,9,6,1.0,7,1.4447,0.7395,3.3164,0.418
nf4,6,summarization,10,0,0.0,1,1.3911,0.7141,2.7569,0.4243
nf4,6,summarization,11,6,1.0,7,0.7973,0.816,1.7266,0.5276
nf4,6,summarization,12,3,0.5,4,0.9996,0.7566,1.8205,0.4997
nf4,6,summarization,13,6,1.0,7,0.2899,0.9611,1.1199,0.8253
nf4,6,summarization,14,5,0.8333333333333334,6,0.7209,0.8343,1.394,0.5486
nf4,6,summarization,15,0,0.0,1,0.9014,0.7583,2.2787,0.457
nf4,6,summarization,16,2,0.3333333333333333,3,0.9719,0.7875,2.8409,0.42
nf4,6,summarization,17,6,1.0,7,0.7683,0.8437,1.7685,0.6882
nf4,6,summarization,18,2,0.3333333333333333,3,0.9945,0.7518,1.7024,0.4643
nf4,6,summarization,19,5,1.0,6,1.5691,0.6897,2.9829,0.4088
nf4,6,summarization,0,0,0.0,1,2.9735,0.4929,5.3413,0.2116
nf4,6,summarization,1,3,0.5,4,2.7692,0.4651,4.5789,0.1954
nf4,6,summarization,2,4,0.6666666666666666,5,0.9829,0.7985,2.0833,0.5521
nf4,6,summarization,3,6,1.0,7,0.4948,0.9247,1.128,0.7929
nf4,6,summarization,4,6,1.0,7,0.0058,0.9995,0.0244,0.9979
nf4,6,summarization,5,3,0.5,4,0.6406,0.8414,1.8828,0.3716
nf4,6,summarization,6,6,1.0,7,0.2406,0.9569,0.9985,0.8084
nf4,6,summarization,7,6,1.0,7,0.3745,0.9204,1.276,0.6457
nf4,6,summarization,8,1,0.16666666666666666,2,1.1248,0.7314,2.898,0.3755
nf4,6,summarization,9,6,1.0,7,0.2728,0.9671,0.7247,0.9124
nf4,6,summarization,10,6,1.0,7,0.6377,0.8487,2.6305,0.3332
nf4,6,summarization,11,6,1.0,7,0.4586,0.8886,1.4935,0.4718
nf4,6,summarization,12,1,0.16666666666666666,2,0.4257,0.9192,1.6846,0.6084
nf4,6,summarization,13,6,1.0,7,0.7917,0.8671,2.1925,0.5908
nf4,6,summarization,14,6,1.0,7,0.1576,0.976,0.5094,0.9129
nf4,6,summarization,0,0,0.0,1,2.3118,0.5966,5.9156,0.1209
nf4,6,summarization,1,6,1.0,7,1.6318,0.7369,2.7015,0.516
nf4,6,summarization,2,1,0.16666666666666666,2,1.0327,0.7953,3.347,0.3512
nf4,6,summarization,3,6,1.0,7,0.8752,0.8434,3.315,0.3406
nf4,6,summarization,4,6,1.0,7,1.6503,0.6814,2.6142,0.3458
nf4,6,summarization,5,2,0.3333333333333333,3,2.0851,0.5854,4.3556,0.2942
nf4,6,summarization,6,1,0.16666666666666666,2,2.1945,0.5937,5.997,0.1495
nf4,6,summarization,7,1,0.16666666666666666,2,2.7708,0.5674,6.2234,0.1478
nf4,6,summarization,8,0,0.0,1,2.6633,0.5086,4.6255,0.2194
nf4,6,summarization,9,0,0.0,1,2.3053,0.6451,5.091,0.2127
nf4,6,summarization,10,6,1.0,7,1.4778,0.7682,2.8095,0.5249
nf4,6,summarization,11,6,1.0,7,1.6022,0.7244,3.5545,0.2794
nf4,6,summarization,12,3,0.5,4,1.4734,0.7595,3.3774,0.4457
nf4,6,summarization,13,6,1.0,7,1.2837,0.753,3.0218,0.4392
nf4,6,summarization,14,2,0.3333333333333333,3,1.5393,0.6995,3.7846,0.3569
nf4,6,summarization,15,0,0.0,1,1.5412,0.5961,2.7815,0.3729
nf4,6,summarization,16,0,0.0,1,1.1843,0.7376,2.1431,0.4904
nf4,6,summarization,17,0,0.0,1,1.0699,0.7945,2.0457,0.5556
nf4,6,summarization,18,0,0.0,1,1.16,0.72,3.1323,0.3898
nf4,6,summarization,19,2,0.3333333333333333,3,0.9588,0.8047,3.5921,0.373
nf4,6,summarization,20,6,1.0,7,0.543,0.8808,1.8966,0.5606
nf4,6,summarization,21,1,0.2,2,1.1571,0.7503,2.5077,0.562
nf4,6,summarization,22,3,1.0,4,2.3772,0.639,4.8285,0.3344
nf4,6,summarization,0,0,0.0,1,1.7911,0.6353,3.334,0.313
nf4,6,summarization,1,0,0.0,1,2.3328,0.6197,6.2821,0.171
nf4,6,summarization,2,5,0.8333333333333334,6,2.6238,0.593,3.9116,0.3591
nf4,6,summarization,3,2,0.3333333333333333,3,1.9087,0.534,2.8458,0.3394
nf4,6,summarization,4,0,0.0,1,2.6219,0.4794,3.8436,0.2281
nf4,6,summarization,5,4,0.6666666666666666,5,2.2845,0.6015,4.4964,0.2287
nf4,6,summarization,6,2,0.3333333333333333,3,0.4048,0.909,1.2594,0.6145
nf4,6,summarization,7,6,1.0,7,1.6216,0.64,2.6352,0.4108
nf4,6,summarization,8,6,1.0,7,0.8371,0.8566,1.3889,0.687
nf4,6,summarization,9,6,1.0,7,0.2722,0.9535,0.6365,0.8817
nf4,6,summarization,10,6,1.0,7,0.6719,0.8647,1.9498,0.6029
nf4,6,summarization,11,0,0.0,1,0.9059,0.7678,2.4869,0.2737
nf4,6,summarization,12,6,1.0,7,0.1155,0.9837,0.4889,0.9271
nf4,6,summarization,13,2,0.3333333333333333,3,2.0507,0.6268,3.4248,0.33
nf4,6,summarization,14,6,1.0,7,0.2444,0.9641,1.1132,0.82
nf4,6,summarization,15,6,1.0,7,0.88,0.8314,1.9061,0.5862
nf4,6,summarization,16,6,1.0,7,0.2325,0.9394,1.0832,0.662
nf4,6,summarization,0,0,0.0,1,2.9063,0.5692,5.3211,0.2637
nf4,6,summarization,1,0,0.0,1,1.4958,0.6947,5.3234,0.2672
nf4,6,summarization,2,6,1.0,7,0.7753,0.8671,2.5388,0.4175
nf4,6,summarization,3,6,1.0,7,0.5448,0.8836,2.0832,0.45
nf4,6,summarization,4,6,1.0,7,0.2886,0.928,1.0858,0.6697
nf4,6,summarization,5,6,1.0,7,0.7237,0.8493,1.9263,0.4991
nf4,6,summarization,6,6,1.0,7,0.3738,0.944,0.8516,0.8774
nf4,6,summarization,7,5,0.8333333333333334,6,0.4702,0.8869,1.2789,0.6495
nf4,6,summarization,8,6,1.0,7,0.7661,0.8506,1.1267,0.7496
nf4,6,summarization,9,1,0.16666666666666666,2,1.2027,0.764,2.8431,0.4833
nf4,6,summarization,10,2,0.3333333333333333,3,0.75,0.9,1.7461,0.7608
nf4,6,summarization,11,1,0.16666666666666666,2,2.4586,0.6782,7.7858,0.0871
nf4,6,summarization,12,6,1.0,7,1.0307,0.7905,1.9888,0.543
nf4,6,summarization,13,2,0.3333333333333333,3,0.8319,0.8657,3.5771,0.3529
nf4,6,summarization,14,2,0.3333333333333333,3,0.9479,0.7986,2.2444,0.3968
nf4,6,summarization,15,2,0.3333333333333333,3,1.6326,0.6889,3.2963,0.3751
nf4,6,summarization,16,6,1.0,7,1.2628,0.8033,2.8363,0.5434
nf4,8,code,0,0,0.0,1,1.9067,0.6055,2.956,0.3268
nf4,8,code,1,0,0.0,1,1.2135,0.7388,3.8145,0.2022
nf4,8,code,2,0,0.0,1,0.6964,0.8314,1.6901,0.4793
nf4,8,code,3,6,0.75,7,1.1578,0.7792,2.9233,0.2466
nf4,8,code,4,5,0.625,6,1.1469,0.6977,2.5163,0.3222
nf4,8,code,5,8,1.0,9,0.4705,0.8992,2.1841,0.3963
nf4,8,code,6,8,1.0,9,0.9642,0.7543,2.275,0.291
nf4,8,code,7,5,0.625,6,0.8972,0.8231,3.1903,0.4474
nf4,8,code,8,8,1.0,9,1.0583,0.7814,2.3003,0.463
nf4,8,code,9,3,0.375,4,0.7457,0.8226,2.2923,0.3569
nf4,8,code,10,0,0.0,1,2.424,0.5492,4.0193,0.1661
nf4,8,code,11,1,0.125,2,1.677,0.6821,4.7408,0.1714
nf4,8,code,12,1,0.125,2,0.7731,0.8005,1.489,0.5363
nf4,8,code,13,8,1.0,9,0.5512,0.8864,1.3262,0.6076
nf4,8,code,14,1,0.125,2,0.6647,0.8707,2.1577,0.6293
nf4,8,code,15,8,1.0,9,0.1997,0.9655,0.8077,0.8476
nf4,8,code,16,2,1.0,3,0.9704,0.8298,1.3518,0.7487
nf4,8,code,0,0,0.0,1,1.1609,0.7988,4.4177,0.239
nf4,8,code,1,0,0.0,1,2.9776,0.4876,6.0063,0.1421
nf4,8,code,2,6,0.75,7,2.1408,0.5308,4.6765,0.2482
nf4,8,code,3,8,1.0,9,1.0349,0.7956,3.5215,0.2992
nf4,8,code,4,8,1.0,9,0.122,0.9804,0.6007,0.882
nf4,8,code,5,8,1.0,9,0.2135,0.9563,0.8667,0.8114
nf4,8,code,6,8,1.0,9,0.1415,0.9642,0.9189,0.7332
nf4,8,code,7,8,1.0,9,0.0066,0.9994,0.0249,0.9977
nf4,8,code,8,8,1.0,9,0.2073,0.9707,0.5353,0.9246
nf4,8,code,9,8,1.0,9,0.2428,0.9454,1.2131,0.6992
nf4,8,code,10,8,1.0,9,0.0594,0.9922,0.3351,0.9531
nf4,8,code,0,0,0.0,1,1.6227,0.6248,3.5453,0.3337
nf4,8,code,1,1,0.125,2,3.3376,0.4175,5.7138,0.1675
nf4,8,code,2,0,0.0,1,1.5204,0.6654,4.5745,0.1703
nf4,8,code,3,7,0.875,8,0.7503,0.8559,3.1158,0.3286
nf4,8,code,4,3,0.375,4,0.4758,0.8834,1.5332,0.4923
nf4,8,code,5,6,0.75,7,0.3856,0.929,1.7441,0.6584
nf4,8,code,6,8,1.0,9,0.3541,0.9061,1.3487,0.6108
nf4,8,code,7,8,1.0,9,0.1684,0.9547,0.8965,0.7106
nf4,8,code,8,8,1.0,9,0.2637,0.9488,0.6889,0.8248
nf4,8,code,9,1,0.125,2,0.3726,0.8831,1.3018,0.5851
nf4,8,code,10,2,0.25,3,0.2924,0.8876,1.0172,0.5117
nf4,8,code,11,4,0.5,5,0.1541,0.938,0.9976,0.5312
nf4,8,code,12,8,1.0,9,0.0134,0.9987,0.0876,0.9907
nf4,8,code,13,8,1.0,9,0.1587,0.9641,1.1969,0.7214
nf4,8,code,14,2,1.0,3,0.4382,0.9274,0.6282,0.8953
nf4,8,code,0,0,0.0,1,1.5272,0.7123,3.4343,0.4138
nf4,8,code,1,8,1.0,9,0.738,0.8587,3.1216,0.267
nf4,8,code,2,0,0.0,1,0.8115,0.8167,2.4575,0.4863
nf4,8,code,3,8,1.0,9,0.1455,0.9818,0.9021,0.8756
nf4,8,code,4,4,0.5,5,0.5797,0.8533,1.5231,0.5674
nf4,8,code,5,6,0.75,7,0.4072,0.873,1.0807,0.5603
nf4,8,code,6,8,1.0,9,0.97,0.7727,2.3801,0.3792
nf4,8,code,7,8,1.0,9,0.2297,0.9486,0.9766,0.6787
nf4,8,code,8,4,0.5,5,0.9046,0.7686,2.3153,0.393
nf4,8,code,9,0,0.0,1,0.3239,0.9271,1.3992,0.6152
nf4,8,code,10,8,1.0,9,0.2026,0.9692,1.1766,0.8076
nf4,8,code,11,8,1.0,9,0.1007,0.986,0.4446,0.9349
nf4,8,code,12,6,1.0,7,0.0106,0.9991,0.0349,0.997
nf4,8,code,0,0,0.0,1,2.8666,0.4776,5.0229,0.2013
nf4,8,code,1,0,0.0,1,2.4113,0.6708,7.5202,0.2599
nf4,8,code,2,0,0.0,1,1.1566,0.7714,4.0384,0.5451
nf4,8,code,3,4,0.5,5,1.0578,0.7809,3.3497,0.4142
nf4,8,code,4,4,0.5,5,2.3017,0.6262,4.7612,0.2982
nf4,8,code,5,0,0.0,1,1.7312,0.6946,5.5304,0.259
nf4,8,code,6,0,0.0,1,1.7069,0.6893,5.23,0.2669
nf4,8,code,7,0,0.0,1,0.6798,0.8742,1.9997,0.6039
nf4,8,code,8,3,0.375,4,1.0683,0.7686,2.3679,0.4382
nf4,8,code,9,8,1.0,9,1.0245,0.8227,3.3696,0.4184
nf4,8,code,10,0,0.0,1,0.8616,0.8031,2.4686,0.3429
nf4,8,code,11,8,1.0,9,0.2719,0.9544,1.573,0.6965
nf4,8,code,12,1,0.125,2,0.6665,0.8998,1.9448,0.5733
nf4,8,code,13,8,1.0,9,0.3136,0.9251,1.5013,0.5216
nf4,8,code,14,0,0.0,1,1.6348,0.714,4.2695,0.2252
nf4,8,code,15,5,0.625,6,1.0621,0.8178,2.9704,0.332
nf4,8,code,16,1,0.125,2,0.77,0.8371,2.9695,0.4528
nf4,8,code,17,8,1.0,9,0.2039,0.9774,0.8269,0.9145
nf4,8,code,18,8,1.0,9,0.2403,0.9648,0.7723,0.8572
nf4,8,code,19,3,1.0,4,0.9417,0.76,1.7878,0.5995
nf4,8,math,0,0,0.0,1,1.2428,0.7927,5.3144,0.2207
nf4,8,math,1,0,0.0,1,1.044,0.8494,4.4918,0.4258
nf4,8,math,2,4,0.5,5,0.3405,0.9251,2.6622,0.4067
nf4,8,math,3,8,1.0,9,0.5778,0.7785,1.2471,0.5126
nf4,8,math,4,8,1.0,9,0.0189,0.9974,0.15,0.9796
nf4,8,math,5,8,1.0,9,0.2125,0.942,1.0287,0.7042
nf4,8,math,6,7,0.875,8,0.4158,0.8709,1.5226,0.4982
nf4,8,math,7,8,1.0,9,0.2781,0.9315,1.669,0.5758
nf4,8,math,8,8,1.0,9,0.1418,0.9557,0.9242,0.6717
nf4,8,math,9,0,0.0,1,0.3506,0.888,1.5287,0.5345
nf4,8,math,10,8,1.0,9,0.0275,0.997,0.1585,0.9817
nf4,8,math,11,8,1.0,9,0.0042,0.9996,0.0318,0.9973
nf4,8,math,12,1,1.0,2,0.0,1.0,0.0,1.0
nf4,8,math,0,0,0.0,1,1.1378,0.812,4.1051,0.2502
nf4,8,math,1,8,1.0,9,0.3433,0.9189,1.8393,0.4738
nf4,8,math,2,8,1.0,9,0.6193,0.8484,1.454,0.5612
nf4,8,math,3,2,0.25,3,0.4239,0.8749,1.066,0.5401
nf4,8,math,4,8,1.0,9,0.2899,0.9439,0.9079,0.783
nf4,8,math,5,0,0.0,1,0.2808,0.8968,1.174,0.5006
nf4,8,math,6,2,0.25,3,0.1375,0.9573,0.9049,0.6824
nf4,8,math,7,8,1.0,9,0.0024,0.9998,0.0145,0.9988
nf4,8,math,8,8,1.0,9,0.0527,0.9933,0.1859,0.9776
nf4,8,math,9,2,0.25,3,0.2152,0.9441,1.1038,0.6293
nf4,8,math,10,2,0.25,3,0.5049,0.8832,1.3235,0.6432
nf4,8,math,11,8,1.0,9,0.3065,0.9289,1.105,0.6655
nf4,8,math,12,8,1.0,9,0.243,0.9309,0.9326,0.6679
nf4,8,math,13,3,1.0,4,0.0054,0.9995,0.0156,0.9987
nf4,8,math,0,6,0.75,7,1.0519,0.8389,5.7299,0.1567
nf4,8,math,1,1,0.125,2,0.416,0.876,1.5918,0.5237
nf4,8,math,2,1,0.125,2,0.4439,0.8891,1.7255,0.5018
nf4,8,math,3,0,0.0,1,0.6465,0.8129,1.8539,0.5155
nf4,8,math,4,8,1.0,9,0.2589,0.9371,1.3314,0.6206
nf4,8,math,5,8,1.0,9,0.2566,0.9419,1.998,0.5406
nf4,8,math,6,0,0.0,1,0.5798,0.8004,1.7494,0.4218
nf4,8,math,7,8,1.0,9,0.2685,0.9191,1.4483,0.4572
nf4,8,math,8,8,1.0,9,0.1415,0.9682,0.7567,0.8104
nf4,8,math,9,8,1.0,9,0.0042,0.9997,0.0149,0.9988
nf4,8,math,10,8,1.0,9,0.0004,1.0,0.0019,0.9999
nf4,8,math,11,8,1.0,9,0.1668,0.9665,0.6863,0.8269
nf4,8,math,12,4,1.0,5,0.0061,0.9995,0.0163,0.9985
nf4,8,math,0,8,1.0,9,1.0332,0.8239,5.2598,0.2092
nf4,8,math,1,8,1.0,9,0.1329,0.9533,0.9723,0.6351
nf4,8,math,2,8,1.0,9,0.3898,0.8929,1.8885,0.4029
nf4,8,math,3,8,1.0,9,0.2481,0.9335,1.9788,0.4687
nf4,8,math,4,8,1.0,9,0.0726,0.9833,0.5699,0.8668
nf4,8,math,5,8,1.0,9,0.0833,0.9855,0.4866,0.9106
nf4,8,math,6,8,1.0,9,0.3597,0.9275,1.8377,0.5773
nf4,8,math,7,8,1.0,9,0.4919,0.87,1.404,0.5808
nf4,8,math,8,8,1.0,9,0.1048,0.9681,0.8189,0.7461
nf4,8,math,0,0,0.0,1,3.166,0.433,5.7449,0.1548
nf4,8,math,1,8,1.0,9,0.4045,0.8994,1.6398,0.4355
nf4,8,math,2,3,0.375,4,1.2486,0.6337,2.4288,0.4103
nf4,8,math,3,8,1.0,9,0.4793,0.8786,1.5161,0.5999
nf4,8,math,4,7,0.875,8,0.4004,0.8828,1.0722,0.5194
nf4,8,math,5,8,1.0,9,0.6576,0.8242,1.8174,0.4662
nf4,8,math,6,8,1.0,9,0.0109,0.9986,0.0862,0.9892
nf4,8,math,7,6,0.75,7,0.1665,0.9481,1.2067,0.5985
nf4,8,math,8,8,1.0,9,0.6676,0.774,1.3219,0.4783
nf4,8,math,9,8,1.0,9,0.5458,0.8543,1.4483,0.5883
nf4,8,math,10,6,1.0,7,0.2921,0.9384,0.7402,0.8052
nf4,8,chat,0,0,0.0,1,2.2205,0.5784,5.2166,0.1926
nf4,8,chat,1,1,0.125,2,3.2004,0.4627,5.8293,0.1895
nf4,8,chat,2,4,0.5,5,2.0626,0.6463,4.2139,0.4061
nf4,8,chat,3,0,0.0,1,2.227,0.5508,4.0534,0.221
nf4,8,chat,4,0,0.0,1,2.1584,0.5928,4.1009,0.2442
nf4,8,chat,5,1,0.125,2,1.6593,0.6994,3.7146,0.3083
nf4,8,chat,6,0,0.0,1,1.6248,0.681,3.3468,0.3505
nf4,8,chat,7,2,0.25,3,1.4959,0.7221,3.8792,0.2433
nf4,8,chat,8,8,1.0,9,0.9367,0.7941,1.9483,0.4107
nf4,8,chat,9,8,1.0,9,0.4334,0.8984,1.5197,0.6067
nf4,8,chat,10,2,0.25,3,0.8519,0.7472,2.2494,0.4724
nf4,8,chat,11,4,0.5,5,0.7641,0.8287,1.8691,0.52
nf4,8,chat,12,1,0.125,2,0.4672,0.8807,1.3549,0.5972
nf4,8,chat,13,8,1.0,9,0.8764,0.8327,2.3864,0.5596
nf4,8,chat,14,8,1.0,9,0.4388,0.8929,1.8722,0.5306
nf4,8,chat,15,8,1.0,9,0.5183,0.8865,2.2912,0.4966
nf4,8,chat,16,8,1.0,9,0.3704,0.9125,0.9534,0.6442
nf4,8,chat,0,4,0.5,5,1.5182,0.7176,4.0019,0.3081
nf4,8,chat,1,0,0.0,1,1.886,0.6259,3.5239,0.2537
nf4,8,chat,2,3,0.375,4,1.9943,0.6386,4.2582,0.1864
nf4,8,chat,3,0,0.0,1,1.5465,0.6804,3.3094,0.3424
nf4,8,chat,4,2,0.25,3,1.7697,0.658,4.7928,0.2407
nf4,8,chat,5,2,0.25,3,1.8706,0.6254,4.857,0.225
nf4,8,chat,6,1,0.125,2,2.9772,0.5013,5.5609,0.1538
nf4,8,chat,7,4,0.5,5,2.6705,0.4792,3.8949,0.2582
nf4,8,chat,8,2,0.25,3,2.0121,0.609,3.8296,0.278
nf4,8,chat,9,3,0.375,4,1.6028,0.703,3.7885,0.2868
nf4,8,chat,10,1,0.125,2,1.2078,0.7486,3.6991,0.2242
nf4,8,chat,11,8,1.0,9,1.565,0.7202,3.4373,0.2883
nf4,8,chat,12,0,0.0,1,1.8953,0.5784,3.7642,0.1859
nf4,8,chat,13,0,0.0,1,1.5616,0.6587,3.7274,0.1962
nf4,8,chat,14,8,1.0,9,0.9338,0.8158,3.7692,0.2291
nf4,8,chat,15,1,0.125,2,1.8764,0.6153,3.579,0.2824
nf4,8,chat,16,8,1.0,9,0.9419,0.8299,2.9212,0.4065
nf4,8,chat,17,0,0.0,1,1.404,0.7007,3.1466,0.3196
nf4,8,chat,18,5,0.625,6,0.8855,0.8542,3.3282,0.427
nf4,8,chat,19,2,0.25,3,1.2737,0.7309,2.7944,0.3691
nf4,8,chat,20,6,1.0,7,1.1596,0.7507,2.8111,0.3612
nf4,8,chat,0,0,0.0,1,1.9218,0.6834,6.0682,0.2207
nf4,8,chat,1,1,0.125,2,1.4319,0.7778,3.805,0.3529
nf4,8,chat,2,8,1.0,9,1.4573,0.7183,3.3138,0.4196
nf4,8,chat,3,8,1.0,9,1.8244,0.6626,3.6511,0.3681
nf4,8,chat,4,1,0.125,2,0.9168,0.7929,1.6619,0.4609
nf4,8,chat,5,1,0.125,2,1.1308,0.7183,2.4654,0.3231
nf4,8,chat,6,8,1.0,9,0.6391,0.8686,2.2527,0.4877
nf4,8,chat,7,8,1.0,9,0.4959,0.8819,1.7795,0.4201
nf4,8,chat,8,7,0.875,8,0.476,0.9007,1.5819,0.6559
nf4,8,chat,9,4,0.5,5,0.5933,0.8506,1.4834,0.5188
nf4,8,chat,10,2,0.25,3,0.681,0.7735,1.5894,0.4064
nf4,8,chat,11,0,0.0,1,0.8952,0.7837,2.4077,0.3541
nf4,8,chat,12,8,1.0,9,0.307,0.9621,1.3596,0.831
nf4,8,chat,13,2,0.25,3,0.6994,0.8592,1.7334,0.6798
nf4,8,chat,14,8,1.0,9,0.2289,0.9565,0.7099,0.822
nf4,8,chat,0,0,0.0,1,2.0186,0.6925,5.8648,0.1407
nf4,8,chat,1,0,0.0,1,3.0792,0.5054,5.9382,0.133
nf4,8,chat,2,1,0.125,2,2.6806,0.5776,5.3935,0.1173
nf4,8,chat,3,5,0.625,6,2.36,0.5668,3.716,0.2086
nf4,8,chat,4,0,0.0,1,2.5917,0.5353,3.3795,0.2876
nf4,8,chat,5,4,0.5,5,2.4886,0.5361,3.9647,0.1568
nf4,8,chat,6,0,0.0,1,2.2329,0.6149,4.2764,0.2588
nf4,8,chat,7,3,0.375,4,2.0857,0.5736,4.6716,0.2195
nf4,8,chat,8,0,0.0,1,0.9374,0.8253,4.6539,0.1951
nf4,8,chat,9,1,0.125,2,1.7973,0.7155,5.7966,0.1558
nf4,8,chat,10,3,0.375,4,2.5647,0.5687,6.1435,0.1381
nf4,8,chat,11,3,0.375,4,2.2153,0.6181,6.1431,0.154
nf4,8,chat,12,0,0.0,1,1.8001,0.6285,4.3719,0.1775
nf4,8,chat,13,2,0.25,3,1.532,0.8051,4.3042,0.3727
nf4,8,chat,14,8,1.0,9,0.1372,0.9873,0.7748,0.9221
nf4,8,chat,15,7,0.875,8,0.5554,0.8837,2.8684,0.2665
nf4,8,chat,16,4,0.5,5,2.7838,0.5129,4.0744,0.335
nf4,8,chat,17,2,0.25,3,1.5898,0.6597,3.039,0.4172
nf4,8,chat,18,5,0.625,6,1.3971,0.6923,3.0128,0.4856
nf4,8,chat,19,0,0.0,1,1.1531,0.7344,2.4456,0.4385
nf4,8,chat,20,0,0.0,1,1.2893,0.7046,2.3397,0.3495
nf4,8,chat,21,1,0.125,2,0.763,0.8413,2.0527,0.4886
nf4,8,chat,22,1,0.125,2,1.9453,0.5737,3.0633,0.3262
nf4,8,chat,23,3,0.42857142857142855,4,1.095,0.8705,4.5387,0.5193
nf4,8,chat,24,3,1.0,4,0.3332,0.9569,0.9742,0.8722
nf4,8,chat,0,0,0.0,1,1.8826,0.651,5.9342,0.1548
nf4,8,chat,1,0,0.0,1,1.5553,0.7332,5.0861,0.1782
nf4,8,chat,2,0,0.0,1,0.8533,0.8462,2.8759,0.4517
nf4,8,chat,3,8,1.0,9,0.7198,0.8528,2.6925,0.4905
nf4,8,chat,4,8,1.0,9,0.506,0.8956,2.003,0.4704
nf4,8,chat,5,3,0.375,4,0.8713,0.7341,1.8466,0.4351
nf4,8,chat,6,1,0.125,2,1.0802,0.7502,2.3317,0.4321
nf4,8,chat,7,6,0.75,7,1.126,0.7868,3.0722,0.4671
nf4,8,chat,8,6,0.75,7,1.0845,0.7923,3.7291,0.3356
nf4,8,chat,9,4,0.5,5,0.4476,0.8874,1.6522,0.5451
nf4,8,chat,10,8,1.0,9,0.7463,0.8403,2.5373,0.3559
nf4,8,chat,11,6,0.75,7,0.787,0.8124,1.3569,0.5236
nf4,8,chat,12,8,1.0,9,0.6465,0.8707,2.2205,0.3814
nf4,8,chat,13,1,0.125,2,0.7623,0.8149,2.3525,0.4346
nf4,8,chat,14,3,0.42857142857142855,4,0.8394,0.8287,2.3427,0.5085
nf4,8,chat,15,3,1.0,4,0.5871,0.8749,1.6618,0.6338
nf4,8,summarization,0,0,0.0,1,1.4845,0.7809,4.065,0.3964
nf4,8,summarization,1,0,0.0,1,1.2769,0.7911,4.488,0.2545
nf4,8,summarization,2,0,0.0,1,1.5,0.7395,4.4824,0.228
nf4,8,summarization,3,7,0.875,8,1.7519,0.6736,3.6413,0.3067
nf4,8,summarization,4,0,0.0,1,1.0638,0.801,3.4749,0.3509
nf4,8,summarization,5,2,0.25,3,0.6819,0.8472,1.8445,0.4575
nf4,8,summarization,6,8,1.0,9,0.9649,0.7789,2.6087,0.4252
nf4,8,summarization,7,8,1.0,9,0.5103,0.887,1.461,0.6161
nf4,8,summarization,8,3,0.375,4,1.8491,0.6495,3.3164,0.418
nf4,8,summarization,9,8,1.0,9,0.798,0.8176,1.7266,0.5276
nf4,8,summarization,10,1,0.125,2,0.8019,0.8186,1.8205,0.4997
nf4,8,summarization,11,8,1.0,9,0.3873,0.9383,1.1199,0.7982
nf4,8,summarization,12,3,0.375,4,0.7206,0.8177,1.4623,0.5486
nf4,8,summarization,13,0,0.0,1,0.772,0.8077,2.2787,0.457
nf4,8,summarization,14,2,0.25,3,1.2854,0.7217,3.5173,0.3442
nf4,8,summarization,15,8,1.0,9,0.7286,0.8571,1.7685,0.6882
nf4,8,summarization,16,0,0.0,1,1.5756,0.5888,2.3433,0.4021
nf4,8,summarization,17,5,1.0,6,1.5691,0.6897,2.9829,0.4088
nf4,8,summarization,0,0,0.0,1,2.717,0.4878,5.3413,0.2116
nf4,8,summarization,1,3,0.375,4,2.078,0.5988,4.5789,0.1954
nf4,8,summarization,2,4,0.5,5,0.9049,0.8088,2.0833,0.5521
nf4,8,summarization,3,8,1.0,9,0.395,0.9405,1.128,0.7929
nf4,8,summarization,4,8,1.0,9,0.3812,0.9111,1.3275,0.6128
nf4,8,summarization,5,8,1.0,9,0.1932,0.9663,0.9985,0.8084
nf4,8,summarization,6,6,0.75,7,0.7075,0.8279,2.898,0.4045
nf4,8,summarization,7,8,1.0,9,0.2254,0.9735,0.7247,0.9124
nf4,8,summarization,8,8,1.0,9,0.6879,0.8541,2.6305,0.3332
nf4,8,summarization,9,4,0.5,5,0.6141,0.8608,1.6846,0.4718
nf4,8,summarization,10,8,1.0,9,0.6865,0.8875,2.1925,0.5908
nf4,8,summarization,11,4,1.0,5,0.2069,0.9673,0.5094,0.9129
nf4,8,summarization,0,0,0.0,1,2.4418,0.5696,5.9156,0.1209
nf4,8,summarization,1,8,1.0,9,1.4146,0.7764,2.7015,0.516
nf4,8,summarization,2,8,1.0,9,1.1855,0.7725,3.315,0.3406
nf4,8,summarization,3,7,0.875,8,1.8313,0.6036,2.6424,0.3458
nf4,8,summarization,4,1,0.125,2,1.7841,0.6729,5.997,0.1495
nf4,8,summarization,5,1,0.125,2,2.5554,0.598,6.2234,0.1478
nf4,8,summarization,6,0,0.0,1,2.6779,0.514,4.6255,0.2194
nf4,8,summarization,7,0,0.0,1,1.7356,0.7332,5.091,0.2127
nf4,8,summarization,8,8,1.0,9,1.553,0.736,3.5545,0.2794
nf4,8,summarization,9,8,1.0,9,1.0007,0.8426,1.7874,0.6813
nf4,8,summarization,10,8,1.0,9,1.2205,0.7496,3.0218,0.4392
nf4,8,summarization,11,0,0.0,1,1.335,0.7419,3.7846,0.3569
nf4,8,summarization,12,0,0.0,1,1.352,0.6488,2.7815,0.3729
nf4,8,summarization,13,0,0.0,1,0.8885,0.8032,2.1431,0.4904
nf4,8,summarization,14,0,0.0,1,0.9753,0.7898,2.0457,0.5514
nf4,8,summarization,15,0,0.0,1,1.1523,0.7108,3.1323,0.3898
nf4,8,summarization,16,2,0.25,3,0.9131,0.7937,3.5921,0.373
nf4,8,summarization,17,8,1.0,9,0.9745,0.8144,4.5339,0.2308
nf4,8,summarization,18,3,1.0,4,2.3772,0.639,4.8285,0.3344
nf4,8,summarization,0,0,0.0,1,1.596,0.6782,3.334,0.313
nf4,8,summarization,1,0,0.0,1,2.3022,0.6207,6.2821,0.171
nf4,8,summarization,2,5,0.625,6,2.4531,0.5954,3.9116,0.3591
nf4,8,summarization,3,2,0.25,3,2.1415,0.5173,3.8306,0.287
nf4,8,summarization,4,0,0.0,1,2.6343,0.4547,3.8436,0.2281
nf4,8,summarization,5,4,0.5,5,1.9667,0.6302,4.4964,0.2287
nf4,8,summarization,6,2,0.25,3,0.3041,0.9317,1.2594,0.6145
nf4,8,summarization,7,8,1.0,9,1.5939,0.6676,2.6352,0.4108
nf4,8,summarization,8,8,1.0,9,0.4456,0.9176,1.2626,0.687
nf4,8,summarization,9,8,1.0,9,0.7897,0.8208,1.9498,0.4832
nf4,8,summarization,10,1,0.125,2,0.6802,0.8258,2.4869,0.2737
nf4,8,summarization,11,8,1.0,9,0.5146,0.8873,1.9578,0.5744
nf4,8,summarization,12,0,0.0,1,1.7751,0.6793,3.4248,0.33
nf4,8,summarization,13,8,1.0,9,0.4242,0.9209,1.8649,0.5862
nf4,8,summarization,14,8,1.0,9,0.2159,0.9597,1.062,0.737
nf4,8,summarization,15,3,1.0,4,0.0817,0.9929,0.1599,0.9849
nf4,8,summarization,0,0,0.0,1,2.6277,0.5934,5.3211,0.2637
nf4,8,summarization,1,0,0.0,1,1.1874,0.7639,5.3234,0.2672
nf4,8,summarization,2,8,1.0,9,1.0598,0.7972,2.5388,0.4175
nf4,8,summarization,3,8,1.0,9,0.1527,0.9675,0.7325,0.8002
nf4,8,summarization,4,8,1.0,9,0.7912,0.8276,1.9263,0.4991
nf4,8,summarization,5,8,1.0,9,0.56,0.8634,1.3745,0.525
nf4,8,summarization,6,4,0.5,5,0.342,0.9179,1.2789,0.6495
nf4,8,summarization,7,8,1.0,9,0.593,0.8865,1.1267,0.7496
nf4,8,summarization,8,2,0.25,3,0.996,0.8442,2.33,0.5201
nf4,8,summarization,9,1,0.125,2,2.0633,0.7143,7.7858,0.0871
nf4,8,summarization,10,8,1.0,9,0.818,0.8375,1.9888,0.543
nf4,8,summarization,11,0,0.0,1,1.434,0.7569,3.5771,0.3529
nf4,8,summarization,12,2,0.25,3,1.0486,0.7587,2.2444,0.373
nf4,8,summarization,13,2,0.25,3,1.4355,0.7309,3.2963,0.3751
nf4,8,summarization,14,7,1.0,8,1.151,0.8226,2.8363,0.5434
